observacao;idade;uf;regiao;carencia;percentual_entrada_veicu;ano_modelo_veic;idade_bem;qtde_prestacoes;vlr_principal;taxa_mensal;vlr_renda;vlr_max_renda_presum;pc_compr_renda_familiar;autonomos;taxistas;status_prop;score_sis;var_1;var_2;var_3;var_4;var_5;idade_veiculo;target
obs6218;41;SC;SUL;30;52.93;2021;2 anos;60;28390.79;1.02;3690.0;861.0;18;N;N;EF;677;;;;;S;0;0.0
obs623;58;PA;NORTE;30;14.65;2021;0 Km;48;35834.69;1.26;4510.0;1271.0;23;N;N;EF;692;1.0;A2;BOM;C2;;0;0.0
obs5136;45;AM;NORTE;30;45.46;2021;0 Km;60;40805.56;1.34;6150.0;1353.0;16;N;N;EF;667;2.0;A2;RUIM;A3;N;0;0.0
obs8822;45;SP;SULDESTE;30;28.9;2013;>= 3 anos;36;22291.75;1.3;4510.0;4346.0;18;N;N;EF;698;;;;;S;8;0.0
obs7577;52;RJ;SULDESTE;30;18.06;2022;0 Km;48;33605.04;1.23;7380.0;4346.0;12;N;N;EF;742;3.0;A2;BOM;C2;N;-1;0.0
obs4729;42;SP;SULDESTE;30;60.67;2021;0 Km;36;33075.27;0.67;5658.0;1968.0;18;N;N;EF;733;3.0;A2;BOM;A1;N;0;0.0
obs3574;43;PE;NORDESTE;30;50.28;2021;0 Km;48;45081.74;1.0;4100.0;4305.0;0;N;N;EF;750;3.0;A2;BOM;A2;S;0;0.0
obs8570;60;BA;NORDESTE;30;48.24;2022;0 Km;60;34788.57;1.16;4920.0;2337.0;16;N;N;EF;673;3.0;A2;RUIM;A3;S;-1;0.0
obs9080;55;PE;NORDESTE;30;42.93;2022;0 Km;60;49917.32;1.07;5248.0;6150.0;22;N;N;EF;747;3.0;A2;BOM;A3;S;-1;0.0
obs5732;41;SP;SULDESTE;30;55.15;2018;>= 3 anos;48;21603.01;1.07;4100.0;5986.0;14;N;N;EF;700;;;;;;3;0.0
obs6246;61;SC;SUL;30;63.81;2022;0 Km;24;20175.99;0.71;3444.0;3321.0;0;N;N;EF;724;1.0;A4;BOM;A1;S;-1;0.0
obs4029;55;SP;SULDESTE;30;23.94;2021;0 Km;36;32434.51;1.09;4100.0;3198.0;28;N;S;EF;747;3.0;A4;BOM;B1;N;0;0.0
obs7982;23;SC;SUL;30;10.25;2016;>= 3 anos;48;22896.19;1.31;2624.0;1107.0;25;N;N;EF;693;;;;;S;5;0.0
obs4933;43;SC;SUL;30;63.0;2022;0 Km;24;31546.45;0.11;4838.0;3157.0;29;N;N;EF;746;1.0;A4;BOM;A1;;-1;0.0
obs6599;44;PE;NORDESTE;30;14.54;2022;0 Km;60;39616.19;1.28;3936.0;1353.0;25;N;N;EF;678;3.0;A2;RUIM;C3;S;-1;0.0
obs1211;34;SC;SUL;30;21.94;2021;0 Km;60;33321.83;1.12;1640.0;1312.0;48;N;N;EF;733;3.0;A2;BOM;B3;N;0;0.0
obs502;58;SP;SULDESTE;30;37.33;2021;0 Km;24;26315.08;0.62;4018.0;2542.0;29;N;N;EF;760;3.0;A4;RUIM;B1;S;0;0.0
obs610;67;RJ;SULDESTE;30;20.8;2014;>= 3 anos;36;17278.11;1.58;4264.0;1394.0;15;N;N;EF;707;;;;;S;7;0.0
obs2989;39;TO;NORTE;30;30.19;2021;0 Km;48;29770.6;0.95;5740.0;1066.0;14;N;N;EF;693;3.0;A2;BOM;B2;S;0;0.0
obs886;53;ES;SULDESTE;30;14.47;2020;2 anos;60;35558.52;1.65;2952.0;2542.0;33;N;N;EF;643;;;;;N;1;0.0
obs5560;44;MA;NORDESTE;30;23.26;2022;0 Km;37;72273.08;0.87;5740.0;1886.0;0;N;N;EF;723;3.0;A2;RUIM;B2;S;-1;0.0
obs9061;50;SC;SUL;30;28.06;2019;2 anos;36;30880.79;1.13;4100.0;2583.0;26;N;N;EF;681;;;;;S;2;0.0
obs186;49;MG;SULDESTE;30;64.27;2021;0 Km;24;23813.57;0.41;3854.0;4223.0;0;N;N;EF;759;3.0;A1;BOM;A1;N;0;0.0
obs4494;37;PA;NORTE;30;19.81;2022;0 Km;49;64199.94;0.93;6422.36;4346.0;29;N;N;EF;697;3.0;A2;RUIM;C3;N;-1;0.0
obs5796;40;PE;NORDESTE;30;4.59;2022;0 Km;60;41684.55;1.24;4100.0;1312.0;25;N;N;EF;697;3.0;A1;BOM;C3;N;-1;0.0
obs159;73;SP;SULDESTE;30;63.17;2021;0 Km;12;28557.74;1.29;984.0;15826.0;63;N;N;EF;747;3.0;A4;BOM;A1;S;0;0.0
obs691;64;RO;NORTE;30;53.0;2021;0 Km;30;31363.88;0.0;8200.0;5289.0;13;N;N;EF;673;3.0;A2;RUIM;A1;S;0;0.0
obs6667;32;SP;SULDESTE;30;4.26;2020;2 anos;60;38377.31;1.74;7859.7;1312.0;13;N;N;EF;666;;;;;N;1;0.0
obs333;33;MG;SULDESTE;30;35.68;2021;0 Km;60;27675.73;0.98;2870.0;1599.0;22;N;N;EF;737;3.0;A1;BOM;B3;N;0;0.0
obs1591;51;SP;SULDESTE;30;60.66;2021;0 Km;12;18635.97;0.0;12300.0;3362.0;13;N;N;EF;755;2.0;A2;BOM;A1;N;0;0.0
obs8657;29;PR;SUL;30;28.0;2022;0 Km;49;34394.17;1.22;2296.0;1312.0;46;N;N;EF;697;3.0;A1;BOM;B3;N;-1;0.0
obs3165;59;SE;NORDESTE;30;24.73;2014;>= 3 anos;48;28599.99;1.49;11152.0;11767.0;7;N;N;EF;657;;;;;N;7;0.0
obs6946;37;RJ;SULDESTE;30;54.66;2018;>= 3 anos;36;14679.38;1.55;4100.0;1230.0;13;N;N;EF;657;;;;;;3;0.0
obs941;46;SP;SULDESTE;30;59.54;2017;>= 3 anos;36;15137.31;1.0;3280.0;1230.0;16;N;N;EF;662;;;;;S;4;0.0
obs5314;78;SP;SULDESTE;30;20.84;2021;0 Km;37;64371.88;0.81;16400.0;2583.0;0;N;N;EF;711;3.0;A4;BOM;B2;S;0;0.0
obs1129;72;GO;CENTRO-OESTE;30;42.0;2020;2 anos;48;24190.29;1.14;2624.0;3034.0;25;N;N;EF;643;;;;;S;1;0.0
obs7194;41;RJ;SULDESTE;30;30.32;2016;>= 3 anos;48;20747.51;1.11;3690.0;1312.0;15;N;N;EF;710;;;;;S;5;0.0
obs506;64;CE;NORDESTE;30;32.94;2021;0 Km;60;59963.21;1.28;3280.0;984.0;45;N;N;EF;747;1.0;A1;BOM;B3;;0;0.0
obs7790;44;SP;SULDESTE;30;72.04;2021;0 Km;24;22924.37;0.0;8200.0;8446.0;12;N;N;EF;715;3.0;A2;RUIM;A1;S;0;0.0
obs6516;51;PE;NORDESTE;30;35.74;2022;0 Km;60;34951.3;1.19;3690.0;2665.0;0;N;N;EF;695;3.0;A1;BOM;B3;N;-1;0.0
obs5929;58;SC;SUL;30;39.45;2014;>= 3 anos;48;14945.62;1.26;2460.0;1189.0;17;N;N;EF;701;;;;;S;7;0.0
obs5225;31;SP;SULDESTE;30;63.19;2022;0 Km;24;32217.05;0.0;12710.0;1886.0;10;N;N;EF;746;3.0;A2;BOM;A1;N;-1;0.0
obs6752;54;RJ;SULDESTE;30;41.37;2022;0 Km;60;26538.42;0.88;4510.0;6068.0;0;N;N;EF;772;3.0;A4;BOM;A3;N;-1;0.0
obs5977;31;PR;SUL;30;28.39;2022;0 Km;49;60619.05;0.93;2870.0;1066.0;61;N;N;EF;669;3.0;A1;BOM;B3;S;-1;0.0
obs1155;39;SE;NORDESTE;30;64.61;2019;2 anos;24;11663.14;1.18;5740.0;1312.0;10;S;N;EF;653;;;;;;2;0.0
obs7638;73;ES;SULDESTE;30;65.0;2022;0 Km;24;26529.78;0.11;4264.0;2009.0;26;N;N;EF;760;3.0;A2;BOM;A1;S;-1;0.0
obs3698;46;GO;CENTRO-OESTE;30;29.49;2022;0 Km;49;56407.57;0.93;6560.0;4346.0;25;N;N;EF;746;3.0;A4;BOM;B3;N;-1;0.0
obs3083;48;MG;SULDESTE;30;39.22;2021;0 Km;48;25899.5;0.96;4510.0;3362.0;15;N;N;EF;755;2.0;A2;BOM;B2;S;0;0.0
obs6994;65;RJ;SULDESTE;30;43.03;2022;0 Km;36;50119.55;0.67;5740.0;4387.0;27;N;N;EF;760;3.0;A4;BOM;A1;S;-1;0.0
obs5869;28;MA;NORDESTE;30;23.19;2022;0 Km;49;33951.61;1.16;4100.0;820.0;24;N;N;EF;737;3.0;A2;BOM;B3;S;-1;0.0
obs5072;52;SC;SUL;30;28.46;2021;0 Km;49;54502.19;0.93;3526.0;5904.0;45;N;N;EF;746;3.0;A2;BOM;B3;S;0;0.0
obs5438;68;PA;NORTE;30;84.77;2022;0 Km;12;7200.52;0.58;4510.0;1845.0;14;N;N;EF;747;3.0;A2;PESS;A1;S;-1;0.0
obs592;40;PE;NORDESTE;30;60.96;2021;0 Km;24;34956.97;0.0;6560.0;1968.0;0;N;N;EF;708;2.0;A2;BOM;A1;S;0;0.0
obs4429;40;MT;CENTRO-OESTE;30;25.99;2021;0 Km;49;52393.75;1.12;2460.0;1804.0;0;N;N;EF;699;1.0;A2;BOM;B3;S;0;0.0
obs4645;39;PE;NORDESTE;30;20.37;2022;0 Km;60;33859.31;1.29;2673.2;779.0;31;N;N;EF;669;3.0;A1;BOM;B3;N;-1;0.0
obs7782;64;SC;SUL;30;32.78;2021;0 Km;49;60402.23;0.93;3985.2;2665.0;44;N;N;EF;672;3.0;A1;BOM;B3;S;0;0.0
obs7115;48;SC;SUL;30;27.22;2022;0 Km;49;34754.43;1.16;8200.0;1804.0;13;N;S;EF;667;1.0;A1;BOM;B3;;-1;0.0
obs3923;38;SP;SULDESTE;30;0.0;2015;>= 3 anos;48;30077.31;1.45;2870.0;1640.0;0;N;N;EF;695;;;;;N;6;0.0
obs4285;55;DF;CENTRO-OESTE;30;63.4;2022;0 Km;24;28190.12;0.0;7216.0;5945.0;16;N;N;EF;720;3.0;A2;BOM;A1;N;-1;0.0
obs5750;52;PE;NORDESTE;30;67.58;2020;2 anos;48;21084.78;1.08;2296.0;1476.0;25;N;N;EF;662;;;;;S;1;0.0
obs8358;56;MG;SULDESTE;30;50.01;2020;2 anos;60;25971.71;1.12;4100.0;1845.0;15;S;N;EF;665;;;;;S;1;0.0
obs3781;49;DF;CENTRO-OESTE;30;56.49;2022;0 Km;36;31686.91;0.7;3116.0;984.0;0;N;N;EF;723;3.0;A2;BOM;A1;S;-1;0.0
obs9370;53;PR;SUL;30;33.1;2022;0 Km;37;31321.71;1.18;5740.0;3444.0;20;N;N;EF;706;3.0;A4;BOM;B2;S;-1;0.0
obs6756;45;PE;NORDESTE;30;3.89;2016;>= 3 anos;36;31874.78;1.52;3690.0;2542.0;31;N;N;EF;676;;;;;S;5;1.0
obs4985;51;SP;SULDESTE;30;33.94;2021;0 Km;49;33681.17;1.16;4920.0;6109.0;20;N;N;EF;715;3.0;A2;PESS;B3;N;0;0.0
obs3519;71;CE;NORDESTE;30;19.77;2022;0 Km;60;34513.89;1.5;3690.0;1230.0;24;N;N;EF;668;3.0;A2;RUIM;C3;S;-1;1.0
obs8438;36;MA;NORDESTE;30;33.08;2022;0 Km;49;42728.91;1.32;3362.0;1845.0;39;N;N;EF;669;1.0;A2;RUIM;B3;S;-1;0.0
obs1469;53;TO;NORTE;30;28.19;2021;0 Km;49;62302.43;0.93;4100.0;4182.0;44;N;N;EF;706;3.0;A1;BOM;B3;S;0;0.0
obs3924;45;MG;SULDESTE;30;43.11;2021;0 Km;37;54449.84;1.19;10168.0;2583.0;0;N;N;EF;719;3.0;A4;BOM;A2;S;0;0.0
obs7895;45;SP;SULDESTE;30;56.0;2017;>= 3 anos;48;14730.61;1.33;2050.0;1312.0;21;N;N;EF;657;;;;;S;4;0.0
obs1461;37;RS;SUL;30;50.75;2015;>= 3 anos;48;17961.54;0.95;2050.0;902.0;23;N;N;EF;683;;;;;N;6;0.0
obs2498;27;BA;NORDESTE;30;7.08;2018;>= 3 anos;48;62341.94;1.95;14760.0;1189.0;13;N;N;EF;664;;;;;S;3;0.0
obs9147;48;PR;SUL;30;10.5;2021;0 Km;60;64614.67;1.61;24600.0;2091.0;0;N;N;EF;678;3.0;A2;RUIM;C3;S;0;0.0
obs3336;45;BA;NORDESTE;30;39.22;2022;0 Km;24;26401.28;0.82;3280.0;1394.0;39;N;N;EF;742;3.0;A2;BOM;B1;S;-1;0.0
obs3388;39;MT;CENTRO-OESTE;30;30.26;2021;0 Km;37;44634.08;1.19;6560.0;6150.0;0;N;N;EF;693;3.0;A2;RUIM;B2;S;0;0.0
obs1498;56;RJ;SULDESTE;30;66.36;2021;0 Km;18;27596.67;0.0;8200.0;8610.0;18;N;N;EF;760;3.0;A4;BOM;A1;S;0;0.0
obs4272;52;BA;NORDESTE;30;28.7;2022;0 Km;60;39109.41;1.08;5330.0;1640.0;16;N;N;EF;706;3.0;A2;BOM;B3;S;-1;0.0
obs5571;36;MA;NORDESTE;30;26.09;2022;0 Km;48;47920.98;1.47;4100.0;1312.0;35;N;N;EF;665;3.0;A2;BOM;B2;N;-1;0.0
obs2261;71;SE;NORDESTE;30;28.0;2022;0 Km;49;31335.8;1.16;6560.0;11767.0;14;N;N;EF;751;3.0;A2;BOM;B3;S;-1;0.0
obs6620;50;SC;SUL;30;52.05;2022;0 Km;49;22642.52;1.16;3444.0;4387.0;20;N;N;EF;746;3.0;A4;BOM;A3;S;-1;0.0
obs829;37;RS;SUL;30;77.97;2018;>= 3 anos;36;11836.14;0.81;6560.0;8569.0;5;N;N;EF;687;;;;;N;3;0.0
obs8169;39;RJ;SULDESTE;30;65.66;2021;0 Km;24;28220.0;0.9;8200.0;2624.0;0;N;N;EF;763;3.0;A2;BOM;A1;S;0;0.0
obs2518;65;SP;SULDESTE;30;39.22;2021;0 Km;36;51576.8;0.89;8200.0;1312.0;0;N;N;EF;777;3.0;A4;BOM;B1;S;0;0.0
obs4528;51;BA;NORDESTE;30;46.66;2022;0 Km;48;22584.11;0.83;4100.0;4223.0;14;N;N;EF;706;2.0;A2;BOM;A2;N;-1;0.0
obs2182;54;MG;SULDESTE;30;70.22;2022;0 Km;36;13853.71;0.88;3690.0;1927.0;12;N;S;EF;655;2.0;A4;PESS;A1;S;-1;0.0
obs8650;68;BA;NORDESTE;30;41.63;2022;0 Km;49;49821.12;0.9;3690.0;1148.0;38;N;N;EF;705;1.0;A1;BOM;A3;;-1;0.0
obs3543;43;RS;SUL;30;56.61;2021;0 Km;30;27513.18;0.0;5740.0;2665.0;16;N;N;EF;746;3.0;A4;RUIM;A1;N;0;0.0
obs957;45;RJ;SULDESTE;30;32.73;2015;>= 3 anos;48;19170.51;1.17;3936.0;6150.0;13;N;N;EF;672;;;;;N;6;0.0
obs1531;63;RS;SUL;30;10.2;2021;0 Km;60;59242.25;1.18;4920.0;4346.0;29;N;N;EF;692;2.0;A4;PESS;C3;N;0;0.0
obs8804;63;ES;SULDESTE;30;8.97;2021;0 Km;49;79259.31;1.01;8200.0;15908.0;0;N;N;EF;683;3.0;A4;RUIM;C3;S;0;0.0
obs8628;46;RS;SUL;30;45.52;2022;0 Km;48;28102.31;1.0;8200.0;1599.0;9;N;N;EF;742;3.0;A4;BOM;A2;S;-1;0.0
obs5113;54;MG;SULDESTE;30;31.13;2022;0 Km;37;28378.71;1.0;8200.0;8487.0;12;N;N;EF;720;3.0;A4;RUIM;B2;S;-1;0.0
obs5554;62;PA;NORTE;30;34.83;2022;0 Km;37;39320.69;1.14;10660.0;11767.0;13;N;N;EF;683;3.0;A1;RUIM;B2;S;-1;0.0
obs675;67;SC;SUL;30;39.08;2021;0 Km;36;44831.0;1.13;6560.0;11685.0;23;N;N;EF;692;3.0;A4;RUIM;B1;S;0;0.0
obs1967;38;PE;NORDESTE;30;19.34;2021;0 Km;60;33288.27;1.37;2706.0;492.0;0;S;N;EF;708;1.0;A1;BOM;C3;;0;0.0
obs1673;83;MG;SULDESTE;30;63.0;2021;0 Km;24;35957.44;0.0;16400.0;1640.0;0;N;N;EF;777;3.0;A4;BOM;A1;;0;0.0
obs4775;62;SP;SULDESTE;30;32.0;2021;0 Km;49;57228.27;1.02;6560.0;3198.0;25;N;N;EF;760;3.0;A4;BOM;B3;S;0;0.0
obs908;65;SC;SUL;30;32.95;2021;0 Km;60;33112.79;1.2;4920.0;1353.0;16;N;N;EF;692;3.0;A1;RUIM;B3;N;0;0.0
obs8425;35;SC;SUL;30;26.97;2018;>= 3 anos;60;39877.99;1.38;3690.0;2009.0;26;N;N;EF;677;;;;;N;3;0.0
obs3878;46;SP;SULDESTE;30;15.79;2017;>= 3 anos;60;28480.22;1.59;2870.0;492.0;25;N;N;EF;674;;;;;S;4;0.0
obs7332;59;MA;NORDESTE;30;35.62;2022;0 Km;60;38414.38;1.19;4100.0;3198.0;22;N;N;EF;747;3.0;A2;BOM;B3;S;-1;0.0
obs6053;39;PE;NORDESTE;30;19.34;2022;0 Km;60;36780.91;1.3;2870.0;1845.0;32;N;N;EF;678;3.0;A1;BOM;C3;S;-1;0.0
obs5834;40;RJ;SULDESTE;30;29.94;2022;0 Km;24;29794.51;0.93;4100.0;1394.0;34;N;N;EF;697;3.0;A2;RUIM;B1;N;-1;0.0
obs5570;48;ES;SULDESTE;30;18.31;2021;0 Km;49;58537.5;0.83;4100.0;2706.0;0;N;N;EF;755;1.0;A1;BOM;C3;S;0;0.0
obs5437;32;RJ;SULDESTE;30;0.0;2022;0 Km;60;42622.99;1.3;4100.0;1804.0;26;N;N;EF;746;2.0;A1;BOM;C3;S;-1;0.0
obs9562;61;RS;SUL;30;15.98;2022;0 Km;60;40303.31;1.66;5729.34;820.0;19;N;N;EF;692;1.0;A2;BOM;C3;;-1;0.0
obs2608;51;MA;NORDESTE;30;28.0;2022;0 Km;49;56527.15;0.93;4920.0;1804.0;33;S;N;EF;667;3.0;A2;RUIM;B3;S;-1;0.0
obs7120;65;SC;SUL;30;23.95;2014;>= 3 anos;48;26647.79;1.51;6560.0;2993.0;12;N;N;EF;678;;;;;S;7;0.0
obs26;38;RS;SUL;30;42.01;2021;0 Km;48;53977.73;1.1;7380.0;1886.0;19;N;N;EF;693;2.0;A2;BOM;A2;S;0;0.0
obs6658;68;RO;NORTE;30;16.34;2021;0 Km;49;68242.13;0.93;8200.0;1681.0;24;N;N;EF;672;3.0;A2;PESS;C3;S;0;0.0
obs2782;26;PE;NORDESTE;30;57.1;2022;0 Km;36;18363.21;0.57;1968.0;902.0;29;N;N;EF;738;3.0;A2;BOM;A1;N;-1;0.0
obs4414;54;BA;NORDESTE;30;35.9;2022;0 Km;37;27729.28;1.13;2870.0;3280.0;36;N;N;EF;711;1.0;A2;BOM;B2;;-1;0.0
obs8407;32;CE;NORDESTE;30;51.98;2022;0 Km;36;22663.98;1.13;3116.0;1845.0;25;N;N;EF;650;3.0;A1;RUIM;A1;S;-1;0.0
obs7422;46;SP;SULDESTE;30;0.0;2017;>= 3 anos;60;49167.31;1.67;4100.0;1845.0;33;S;N;EF;662;;;;;S;4;0.0
obs2621;60;SC;SUL;30;44.16;2021;0 Km;36;49581.52;0.87;5986.0;5945.0;28;N;N;EF;751;3.0;A1;BOM;A1;S;0;0.0
obs2739;71;DF;CENTRO-OESTE;30;79.06;2021;0 Km;12;14151.5;0.0;16400.0;2173.0;7;N;N;EF;692;3.0;A2;RUIM;A1;N;0;0.0
obs8258;31;SC;SUL;30;45.93;2019;2 anos;48;22580.79;1.16;1968.0;1763.0;32;N;N;EF;664;;;;;;2;0.0
obs5035;44;SP;SULDESTE;30;9.81;2021;0 Km;60;76431.77;1.07;4920.0;1886.0;36;N;N;EF;706;3.0;A4;BOM;C3;S;0;0.0
obs7046;33;CE;NORDESTE;30;38.89;2017;>= 3 anos;48;28300.51;1.18;4100.0;3198.0;19;N;N;EF;652;;;;;S;4;0.0
obs6998;23;BA;NORDESTE;30;28.31;2022;0 Km;60;55418.78;1.03;9840.0;820.0;13;N;N;EF;689;3.0;A2;BOM;B3;S;-1;0.0
obs6873;65;MT;CENTRO-OESTE;30;0.0;2022;0 Km;60;65277.51;1.18;4920.0;1968.0;32;N;N;EF;747;3.0;A4;BOM;C3;S;-1;0.0
obs286;61;PB;NORDESTE;30;81.97;2016;>= 3 anos;24;5922.51;1.23;3280.0;1558.0;9;N;N;EF;660;;;;;S;5;1.0
obs4826;79;SP;SULDESTE;30;40.5;2021;0 Km;48;36275.75;0.88;3690.0;1271.0;0;N;N;EF;764;3.0;A4;BOM;A2;;0;0.0
obs8164;58;DF;CENTRO-OESTE;30;60.28;2021;0 Km;36;66898.83;1.37;5658.0;4346.0;42;N;N;EF;707;2.0;A2;BOM;A1;S;0;0.0
obs8965;45;SP;SULDESTE;30;0.0;2013;>= 3 anos;48;23454.58;2.09;3116.0;1886.0;26;N;N;EF;662;;;;;S;8;0.0
obs399;50;SP;SULDESTE;30;60.78;2021;0 Km;36;35784.55;0.51;5740.0;1353.0;19;N;N;EF;755;3.0;A2;BOM;A1;S;0;0.0
obs1998;31;BA;NORDESTE;30;28.85;2022;0 Km;60;30076.52;1.23;2624.0;451.0;28;N;N;EF;693;1.0;A2;BOM;B3;;-1;0.0
obs8715;52;PR;SUL;30;30.64;2022;0 Km;49;59199.75;1.01;3690.0;1599.0;47;N;N;EF;678;3.0;A2;PESS;B3;S;-1;0.0
obs1260;32;SP;SULDESTE;30;24.56;2021;0 Km;49;31677.61;1.16;1640.0;1558.0;57;N;N;EF;706;3.0;A1;RUIM;B3;N;0;0.0
obs3730;32;PI;NORDESTE;30;29.6;2022;0 Km;49;55159.56;0.93;5699.0;1886.0;28;N;N;EF;669;3.0;A2;RUIM;B3;S;-1;0.0
obs7872;58;PE;NORDESTE;30;74.73;2022;0 Km;36;19332.78;0.67;4100.0;1886.0;15;N;N;EF;720;3.0;A2;BOM;A1;S;-1;0.0
obs21;46;MA;NORDESTE;30;54.86;2021;0 Km;30;28138.37;0.0;5740.0;4305.0;16;N;N;EF;755;3.0;A2;BOM;A1;S;0;0.0
obs5424;55;SP;SULDESTE;30;62.91;2022;0 Km;24;20042.73;0.5;4100.0;11808.0;22;N;N;EF;707;3.0;A4;RUIM;A1;S;-1;0.0
obs242;58;RJ;SULDESTE;30;78.77;2021;0 Km;24;18010.17;0.0;16400.0;2747.0;4;N;N;EF;692;3.0;A4;RUIM;A1;S;0;0.0
obs8721;32;AM;NORTE;30;56.58;2021;0 Km;37;39944.02;0.87;9840.0;984.0;0;N;N;EF;714;3.0;A4;BOM;A2;N;0;0.0
obs7061;49;MG;SULDESTE;30;24.55;2022;0 Km;60;60917.2;1.16;14760.0;11972.0;10;N;N;EF;715;2.0;A2;BOM;B3;S;-1;0.0
obs9477;54;PR;SUL;30;28.0;2012;>= 3 anos;36;16141.01;1.37;2296.0;1558.0;0;N;N;EF;711;;;;;S;9;0.0
obs6172;86;RN;NORDESTE;30;67.76;2021;0 Km;24;51040.02;1.04;9840.0;2706.0;24;N;N;EF;711;3.0;A2;RUIM;A1;S;0;0.0
obs2121;59;SP;SULDESTE;30;49.7;2021;0 Km;37;21785.61;1.0;2009.0;1312.0;38;N;N;EF;720;3.0;A4;BOM;A2;N;0;0.0
obs1693;40;SP;SULDESTE;30;54.89;2021;0 Km;48;21252.13;1.09;3690.0;1886.0;15;N;N;EF;706;3.0;A2;RUIM;A2;S;0;0.0
obs7970;79;MS;CENTRO-OESTE;30;73.73;2019;2 anos;36;35587.38;1.22;9840.0;2665.0;12;N;N;EF;654;;;;;S;2;0.0
obs4435;49;DF;CENTRO-OESTE;30;0.0;2021;0 Km;48;38338.53;1.13;7380.0;2501.0;14;N;S;EF;746;3.0;A1;BOM;C2;N;0;0.0
obs6236;44;PR;SUL;30;83.68;2022;0 Km;36;10491.03;0.0;1735.94;4674.0;0;N;N;EF;763;3.0;A4;BOM;A1;S;-1;0.0
obs9294;61;BA;NORDESTE;30;62.75;2021;0 Km;24;33255.15;0.97;8200.0;3403.0;19;N;N;EF;711;2.0;A2;BOM;A1;N;0;0.0
obs5425;62;PR;SUL;30;20.89;2021;0 Km;36;48185.54;1.04;6970.0;1845.0;24;N;N;EF;747;3.0;A4;BOM;B1;S;0;0.0
obs7319;45;PR;SUL;30;0.0;2018;>= 3 anos;60;30334.84;1.38;4100.0;3239.0;18;S;N;EF;657;;;;;S;3;0.0
obs1665;44;RS;SUL;30;16.24;2021;0 Km;60;42937.07;1.55;4346.0;1435.0;26;N;N;EF;687;1.0;A2;RUIM;C3;S;0;0.0
obs2190;64;RS;SUL;30;0.0;2021;0 Km;60;41460.5;1.26;3895.0;1845.0;26;N;N;EF;747;1.0;A4;BOM;C3;;0;0.0
obs7864;55;PR;SUL;30;41.14;2022;0 Km;48;48451.25;1.0;4100.0;1886.0;0;N;N;EF;764;3.0;A4;BOM;A2;S;-1;0.0
obs2588;53;RS;SUL;30;33.84;2022;0 Km;36;29216.34;0.88;4018.0;4346.0;23;N;N;EF;755;3.0;A4;BOM;B1;S;-1;0.0
obs1243;71;SP;SULDESTE;30;86.79;2020;2 anos;24;5492.71;1.08;4100.0;3280.0;6;N;N;EF;671;;;;;N;1;0.0
obs3561;66;CE;NORDESTE;30;34.49;2022;0 Km;60;27793.38;1.02;4100.0;2706.0;15;N;N;EF;747;3.0;A2;BOM;B3;N;-1;0.0
obs6753;46;AM;NORTE;30;0.0;2022;0 Km;60;58338.37;1.18;4100.0;5945.0;0;N;N;EF;763;3.0;A2;BOM;C3;;-1;0.0
obs3648;22;MG;SULDESTE;30;33.08;2022;0 Km;60;44489.19;1.11;820.0;3403.0;25;N;N;EF;604;1.0;A0;BOM;B3;S;-1;0.0
obs8298;63;PE;NORDESTE;30;2.42;2022;0 Km;60;42904.65;1.25;8200.0;2501.0;12;N;N;EF;720;3.0;A2;BOM;C3;S;-1;0.0
obs182;46;PA;NORTE;30;35.55;2021;0 Km;48;43213.95;1.26;5379.2;2624.0;22;N;N;EF;674;3.0;A2;BOM;B2;S;0;0.0
obs7574;63;SP;SULDESTE;30;0.0;2015;>= 3 anos;48;35065.61;1.84;3608.0;3362.0;30;N;N;EF;678;;;;;S;6;0.0
obs4430;39;BA;NORDESTE;30;73.0;2021;0 Km;24;26270.97;0.0;7380.0;2624.0;15;N;N;EF;746;3.0;A2;BOM;A1;N;0;0.0
obs8811;55;RJ;SULDESTE;30;37.04;2018;>= 3 anos;48;29122.21;1.29;3280.0;1886.0;26;N;N;EF;675;;;;;N;3;0.0
obs3536;52;RJ;SULDESTE;30;68.24;2022;0 Km;36;17384.47;0.7;16400.0;11808.0;0;N;N;EF;723;3.0;A1;RUIM;A1;N;-1;0.0
obs1176;56;SP;SULDESTE;30;27.26;2021;0 Km;60;34017.53;1.43;3280.0;1804.0;27;N;N;EF;692;3.0;A4;BOM;B3;S;0;0.0
obs4336;54;DF;CENTRO-OESTE;30;45.41;2021;0 Km;60;40592.75;1.18;6560.0;1599.0;15;N;N;EF;674;3.0;A1;RUIM;A3;S;0;0.0
obs2724;30;SP;SULDESTE;30;24.68;2016;>= 3 anos;48;26363.72;1.85;3854.0;1312.0;0;N;N;EF;674;;;;;;5;0.0
obs2037;35;RS;SUL;30;67.74;2021;0 Km;24;26093.88;0.0;7544.0;4264.0;14;N;N;EF;746;3.0;A2;BOM;A1;N;0;0.0
obs2129;43;RS;SUL;30;73.0;2021;0 Km;24;24026.35;0.0;3636.7;6109.0;29;N;N;EF;706;3.0;A2;BOM;A1;S;0;0.0
obs9100;41;RR;NORTE;30;13.14;2022;0 Km;60;38517.54;1.2;4920.0;820.0;19;N;N;EF;706;2.0;A1;BOM;C3;S;-1;0.0
obs4909;57;SP;SULDESTE;30;72.75;2021;0 Km;36;17885.44;0.51;4100.0;2091.0;14;N;N;EF;747;3.0;A4;BOM;A1;S;0;0.0
obs4575;62;SP;SULDESTE;30;72.03;2021;0 Km;24;26936.17;0.0;6396.0;1845.0;0;N;N;EF;777;3.0;A4;BOM;A1;N;0;0.0
obs8076;31;SP;SULDESTE;30;33.85;2022;0 Km;36;30660.8;1.02;3690.0;984.0;0;N;N;EF;723;3.0;A1;BOM;B1;S;-1;0.0
obs2119;46;BA;NORDESTE;30;31.75;2019;2 anos;60;36694.11;1.7;3690.0;820.0;26;N;N;EF;640;;;;;S;2;0.0
obs696;43;SP;SULDESTE;30;66.69;2019;2 anos;60;13289.06;1.07;2460.0;1845.0;12;N;N;EF;704;;;;;N;2;0.0
obs6265;50;DF;CENTRO-OESTE;30;9.73;2021;0 Km;60;44404.17;1.19;9020.0;8323.0;11;N;N;EF;706;3.0;A2;RUIM;C3;S;0;0.0
obs3241;65;SC;SUL;30;51.07;2020;2 anos;48;18098.79;0.92;1968.0;2009.0;24;N;N;EF;684;;;;;N;1;0.0
obs3349;38;PE;NORDESTE;30;31.52;2018;>= 3 anos;60;28239.38;1.32;3936.0;2583.0;18;N;N;EF;636;;;;;S;3;0.0
obs6793;65;RS;SUL;30;80.21;2022;0 Km;12;8333.21;0.58;4100.0;2501.0;18;N;N;EF;747;3.0;A2;BOM;A1;N;-1;0.0
obs622;47;SP;SULDESTE;30;64.04;2021;0 Km;24;25285.58;0.82;4346.0;4264.0;0;N;N;EF;759;3.0;A2;BOM;A1;S;0;0.0
obs2871;62;MT;CENTRO-OESTE;30;49.77;2022;0 Km;60;23914.79;0.97;2460.0;1312.0;22;N;N;EF;747;3.0;A2;BOM;A3;S;-1;0.0
obs3353;35;MA;NORDESTE;30;29.64;2022;0 Km;49;33107.87;1.16;5740.0;1804.0;17;N;N;EF;658;3.0;A2;BOM;B3;S;-1;0.0
obs4098;46;CE;NORDESTE;30;28.01;2021;0 Km;49;37594.02;1.16;4100.0;2542.0;28;N;N;EF;678;2.0;A2;RUIM;B3;S;0;0.0
obs7797;48;RO;NORTE;30;36.21;2022;0 Km;60;44866.77;1.1;4920.0;1148.0;21;N;N;EF;742;3.0;A2;BOM;B3;N;-1;0.0
obs4217;66;RS;SUL;30;28.23;2022;0 Km;49;33921.61;1.1;4264.0;1845.0;0;S;N;EF;711;3.0;A4;PESS;B3;N;-1;0.0
obs9597;58;BA;NORDESTE;30;61.47;2022;0 Km;12;25502.63;0.72;6560.0;1886.0;35;N;N;EF;707;3.0;A2;RUIM;A1;S;-1;0.0
obs2976;57;AL;NORDESTE;30;0.0;2022;0 Km;60;42168.98;1.02;3280.0;820.0;30;N;N;EF;747;3.0;A2;BOM;C3;S;-1;0.0
obs4218;69;DF;CENTRO-OESTE;30;21.54;2021;0 Km;60;50946.23;1.7;6560.0;1763.0;21;N;N;EF;668;3.0;A2;RUIM;B3;N;0;0.0
obs3446;53;PR;SUL;30;79.43;2022;0 Km;24;11812.16;0.79;2870.0;2501.0;19;N;S;EF;746;3.0;A2;BOM;A1;N;-1;0.0
obs8268;44;SP;SULDESTE;30;58.79;2018;>= 3 anos;60;22615.61;1.16;10565.96;8405.0;4;N;N;EF;657;;;;;N;3;0.0
obs4468;31;SP;SULDESTE;30;56.79;2021;0 Km;12;23718.68;0.09;8200.0;1804.0;24;N;N;EF;746;1.0;A4;BOM;A1;;0;0.0
obs6996;21;SP;SULDESTE;30;60.05;2022;0 Km;12;23707.77;0.0;8.2;0.0;76;N;N;EF;617;1.0;A0;BOM;A1;;-1;0.0
obs9246;53;RS;SUL;30;28.65;2022;0 Km;49;31870.51;1.22;2870.0;1312.0;34;N;N;EF;746;3.0;A2;BOM;B3;S;-1;0.0
obs4717;62;AM;NORTE;30;30.79;2021;0 Km;49;60666.43;0.93;9840.0;6109.0;0;N;N;EF;751;3.0;A2;BOM;B3;S;0;0.0
obs6079;68;PE;NORDESTE;30;47.53;2022;0 Km;60;22918.25;0.92;8200.0;8487.0;6;N;N;EF;751;1.0;A1;BOM;A3;;-1;0.0
obs1473;43;GO;CENTRO-OESTE;30;47.47;2019;2 anos;36;22663.09;1.27;4510.0;4428.0;17;S;N;EF;651;;;;;S;2;0.0
obs4043;58;SC;SUL;30;10.52;2021;0 Km;48;36134.69;1.05;4346.0;1845.0;23;N;N;EF;747;3.0;A4;BOM;C2;N;0;0.0
obs11;34;BA;NORDESTE;30;31.47;2021;0 Km;49;42244.32;1.16;1859.76;1804.0;70;N;N;EF;669;3.0;A2;RUIM;B3;N;0;0.0
obs6428;69;SP;SULDESTE;30;67.19;2022;0 Km;36;24132.97;0.62;7380.0;2132.0;0;N;N;EF;777;3.0;A4;BOM;A1;S;-1;0.0
obs4862;56;RJ;SULDESTE;30;79.08;2021;0 Km;18;15719.37;1.05;13940.0;15867.0;6;N;N;EF;747;3.0;A4;BOM;A1;N;0;0.0
obs4704;59;RS;SUL;30;56.35;2014;>= 3 anos;24;13472.07;0.49;3280.0;1886.0;19;N;N;EF;692;;;;;S;7;0.0
obs1695;50;RJ;SULDESTE;30;69.78;2021;0 Km;36;13035.98;1.02;4526.4;3321.0;10;N;N;EF;678;3.0;A2;RUIM;A1;S;0;0.0
obs2189;52;SC;SUL;30;64.95;2021;0 Km;24;29056.45;0.11;4920.0;1353.0;0;N;N;EF;755;3.0;A1;BOM;A1;S;0;0.0
obs2952;45;RS;SUL;30;51.6;2022;0 Km;60;29720.66;1.04;10660.0;3731.0;6;N;N;EF;702;3.0;A2;BOM;A3;S;-1;0.0
obs200;41;SP;SULDESTE;30;60.67;2013;>= 3 anos;36;12029.95;1.12;2460.0;1353.0;16;N;N;EF;677;;;;;S;8;0.0
obs8377;54;TO;NORTE;30;39.3;2022;0 Km;37;26632.37;1.18;3690.0;902.0;26;N;S;EF;678;3.0;A2;RUIM;B2;N;-1;0.0
obs6862;45;BA;NORDESTE;30;24.43;2022;0 Km;60;33042.81;1.4;2460.0;820.0;34;N;S;EF;667;1.0;A1;BOM;B3;;-1;0.0
obs1650;51;MT;CENTRO-OESTE;30;68.14;2021;0 Km;36;24205.79;1.13;12382.0;2501.0;6;N;N;EF;687;1.0;A2;RUIM;A1;;0;0.0
obs9144;56;MG;SULDESTE;30;26.27;2021;0 Km;49;50172.02;1.1;5740.0;2542.0;0;N;N;EF;692;3.0;A4;RUIM;B3;S;0;0.0
obs8716;43;RJ;SULDESTE;30;52.1;2022;0 Km;37;42725.08;0.93;4100.0;1968.0;37;N;N;EF;737;3.0;A2;BOM;A2;S;-1;0.0
obs1100;49;RS;SUL;30;63.04;2021;0 Km;24;30575.05;0.0;6547.7;3321.0;20;N;N;EF;700;3.0;A1;RUIM;A1;S;0;0.0
obs2090;45;SC;SUL;30;43.44;2021;0 Km;49;36108.97;1.05;4100.0;1312.0;25;N;N;EF;687;1.0;A2;RUIM;A3;;0;0.0
obs7969;31;SC;SUL;30;76.41;2022;0 Km;24;21085.34;1.18;6560.0;1845.0;15;N;N;EF;733;3.0;A2;BOM;A1;N;-1;0.0
obs8263;47;PE;NORDESTE;30;0.0;2018;>= 3 anos;36;13095.79;1.68;2460.0;1804.0;19;N;N;EF;648;;;;;S;3;0.0
obs3493;42;PB;NORDESTE;30;28.96;2022;0 Km;24;30633.64;0.62;8200.0;2583.0;17;N;N;EF;746;2.0;A2;BOM;B1;S;-1;0.0
obs3129;27;SC;SUL;30;44.67;2016;>= 3 anos;48;16505.19;1.59;2870.0;1189.0;17;N;S;EF;657;;;;;;5;0.0
obs2705;56;AL;NORDESTE;30;41.75;2017;>= 3 anos;36;25810.51;1.06;4920.0;2624.0;18;N;N;EF;654;;;;;N;4;0.0
obs9416;68;RS;SUL;30;75.13;2022;0 Km;24;22855.05;0.0;4100.0;1927.0;0;N;N;EF;777;3.0;A4;BOM;A1;N;-1;0.0
obs5830;58;DF;CENTRO-OESTE;30;77.57;2018;>= 3 anos;24;10365.87;0.64;5330.0;11808.0;8;N;N;EF;707;;;;;N;3;0.0
obs9218;54;GO;CENTRO-OESTE;30;59.25;2022;0 Km;18;27669.15;0.57;16400.0;1968.0;0;N;N;EF;704;2.0;A4;BOM;A1;S;-1;0.0
obs1962;51;SP;SULDESTE;30;63.24;2021;0 Km;24;30834.27;0.0;7380.0;6027.0;17;N;N;EF;755;2.0;A2;BOM;A1;N;0;0.0
obs1420;40;PI;NORDESTE;30;0.0;2021;0 Km;60;46726.14;1.66;4530.5;820.0;0;N;N;EF;754;3.0;A1;BOM;C3;N;0;0.0
obs207;34;SC;SUL;30;31.21;2013;>= 3 anos;48;18103.34;1.62;2296.0;3157.0;24;N;N;EF;642;;;;;N;8;1.0
obs6520;50;MT;CENTRO-OESTE;30;46.96;2022;0 Km;48;47800.53;1.31;6970.0;1476.0;19;N;N;EF;674;2.0;A1;RUIM;A2;N;-1;0.0
obs6784;23;SC;SUL;30;10.87;2022;0 Km;60;41679.09;1.03;3690.0;1886.0;26;N;N;EF;729;3.0;A2;BOM;C3;S;-1;0.0
obs2725;58;SP;SULDESTE;30;63.26;2022;0 Km;24;26656.88;0.0;8200.0;5986.0;14;N;N;EF;760;3.0;A4;BOM;A1;S;-1;0.0
obs6875;38;MA;NORDESTE;30;23.79;2022;0 Km;48;40784.25;1.05;3690.0;2583.0;30;N;N;EF;733;3.0;A1;BOM;B2;S;-1;0.0
obs3049;63;RO;NORTE;30;28.78;2021;0 Km;60;53381.74;1.28;5740.0;1845.0;23;N;N;EF;679;2.0;A2;RUIM;B3;N;0;0.0
obs6044;36;PB;NORDESTE;30;47.36;2016;>= 3 anos;48;18456.6;1.63;2460.0;820.0;23;N;N;EF;650;;;;;;5;1.0
obs8883;44;RJ;SULDESTE;30;15.15;2019;2 anos;48;31537.51;1.54;3936.0;3075.0;24;N;N;EF;657;;;;;S;2;0.0
obs288;58;MG;SULDESTE;30;74.07;2021;0 Km;48;12600.74;0.67;3280.0;1886.0;9;N;N;EF;720;3.0;A2;RUIM;A2;S;0;0.0
obs4890;46;SP;SULDESTE;30;25.09;2022;0 Km;49;32393.01;1.16;7544.0;8446.0;12;N;N;EF;687;2.0;A4;BOM;B3;S;-1;0.0
obs4279;60;SP;SULDESTE;30;44.56;2021;0 Km;36;28150.05;1.09;13136.4;11890.0;7;N;N;EF;679;3.0;A4;RUIM;A1;N;0;0.0
obs3202;43;BA;NORDESTE;30;36.15;2022;0 Km;36;27696.08;1.37;4100.0;1312.0;25;N;N;EF;654;1.0;A2;BOM;B1;;-1;0.0
obs2939;40;RO;NORTE;30;30.36;2022;0 Km;49;32881.57;1.16;2624.0;1845.0;37;N;N;EF;737;3.0;A2;BOM;B3;N;-1;0.0
obs6639;37;MT;CENTRO-OESTE;30;47.02;2021;0 Km;60;40076.55;1.04;3690.0;3157.0;24;N;S;EF;691;3.0;A2;BOM;A3;S;0;0.0
obs7545;61;BA;NORDESTE;30;28.0;2022;0 Km;49;31362.61;1.16;3854.0;820.0;25;N;N;EF;683;1.0;A2;BOM;B3;S;-1;0.0
obs1606;52;PR;SUL;30;47.87;2021;0 Km;60;38467.07;1.28;5576.0;2173.0;16;N;N;EF;702;1.0;A4;BOM;A3;S;0;0.0
obs6273;25;MG;SULDESTE;30;12.75;2013;>= 3 anos;48;22319.71;2.44;2952.0;861.0;27;N;N;EF;670;;;;;;8;0.0
obs8673;58;RS;SUL;30;68.68;2022;0 Km;48;20929.14;1.16;4182.0;2583.0;14;N;N;EF;626;3.0;A4;BOM;A2;N;-1;0.0
obs5917;51;RS;SUL;30;14.21;2022;0 Km;60;40891.88;1.08;3444.0;2624.0;0;N;N;EF;763;1.0;A4;BOM;C3;S;-1;0.0
obs2919;51;PA;NORTE;30;50.01;2021;0 Km;24;49705.65;0.71;9020.0;1845.0;26;N;N;EF;663;1.0;A1;BOM;A1;;0;0.0
obs6721;53;SP;SULDESTE;30;64.4;2014;>= 3 anos;12;10207.11;1.13;3936.0;1845.0;23;N;N;EF;657;;;;;S;7;0.0
obs4288;58;PR;SUL;30;47.2;2022;0 Km;36;28305.09;0.75;5658.0;2665.0;16;N;N;EF;751;3.0;A2;BOM;A1;S;-1;0.0
obs6864;40;BA;NORDESTE;30;39.35;2022;0 Km;49;56499.44;0.93;9840.0;1353.0;0;N;N;EF;714;3.0;A2;RUIM;B3;S;-1;0.0
obs1630;44;RS;SUL;30;87.51;2021;0 Km;24;12824.67;0.0;7380.0;8446.0;7;N;N;EF;755;3.0;A4;BOM;A1;S;0;0.0
obs833;53;SC;SUL;30;30.29;2021;0 Km;49;56235.2;1.19;4100.0;2501.0;42;N;N;EF;742;3.0;A2;BOM;B3;S;0;0.0
obs2080;47;ES;SULDESTE;30;35.99;2022;0 Km;49;30263.12;1.16;3280.0;4346.0;28;N;N;EF;678;2.0;A2;PESS;B3;S;-1;0.0
obs136;50;PA;NORTE;30;27.61;2021;0 Km;37;57370.44;1.31;4920.0;1271.0;42;N;N;EF;746;1.0;A1;BOM;B2;;0;0.0
obs5190;38;SP;SULDESTE;30;60.71;2021;0 Km;37;30335.44;1.19;10660.0;5945.0;10;N;N;EF;733;3.0;A2;BOM;A2;S;0;0.0
obs1170;56;SP;SULDESTE;30;10.06;2016;>= 3 anos;48;34235.61;1.54;4264.0;8405.0;0;N;N;EF;685;;;;;N;5;0.0
obs2318;50;MA;NORDESTE;30;21.05;2022;0 Km;60;41091.35;1.33;4920.0;2542.0;21;N;N;EF;687;3.0;A1;BOM;B3;S;-1;0.0
obs5846;31;SC;SUL;60;67.35;2012;>= 3 anos;48;14363.79;1.09;2050.0;1845.0;19;N;N;EF;664;;;;;S;9;0.0
obs3330;75;PR;SUL;30;18.25;2022;0 Km;48;34480.58;1.37;8200.0;1271.0;12;N;N;EF;692;1.0;A2;BOM;C2;;-1;0.0
obs1536;71;AL;NORDESTE;30;73.19;2021;0 Km;36;12827.03;1.13;4510.0;1804.0;10;N;N;EF;696;1.0;A2;BOM;A1;;0;0.0
obs1662;61;CE;NORDESTE;30;28.87;2021;0 Km;49;62423.3;0.83;4510.0;1271.0;39;N;N;EF;720;1.0;A1;BOM;B3;;0;0.0
obs1915;58;PA;NORTE;30;3.51;2022;0 Km;60;53826.6;1.46;4592.0;3198.0;29;N;S;EF;683;3.0;A2;BOM;C3;N;-1;0.0
obs4174;54;RJ;SULDESTE;30;82.52;2021;0 Km;12;9452.04;0.41;6560.0;6642.0;12;N;N;EF;720;3.0;A4;RUIM;A1;S;0;0.0
obs3565;66;RS;SUL;30;32.87;2022;0 Km;36;60132.18;0.87;7790.0;2009.0;25;N;N;EF;751;2.0;A4;BOM;B1;N;-1;0.0
obs4094;55;SP;SULDESTE;30;38.79;2022;0 Km;48;33087.39;1.22;7380.0;6068.0;12;N;N;EF;711;3.0;A4;RUIM;B2;S;-1;0.0
obs5343;63;PE;NORDESTE;30;0.0;2022;0 Km;60;42930.38;1.03;5986.0;2583.0;0;N;N;EF;768;3.0;A1;BOM;C3;N;-1;0.0
obs6529;49;MA;NORDESTE;30;31.81;2017;>= 3 anos;48;45640.04;1.14;4920.0;3239.0;26;N;N;EF;662;;;;;S;4;0.0
obs3975;59;SC;SUL;30;63.25;2022;0 Km;24;33443.83;0.0;6560.0;2665.0;22;N;N;EF;760;3.0;A4;BOM;A1;S;-1;0.0
obs8536;49;CE;NORDESTE;30;0.0;2016;>= 3 anos;60;28467.34;2.09;3690.0;1394.0;23;N;N;EF;661;;;;;S;5;0.0
obs5935;68;SP;SULDESTE;30;66.72;2021;0 Km;36;28695.15;0.72;6806.0;2091.0;0;N;N;EF;764;3.0;A4;BOM;A1;S;0;0.0
obs3394;62;PI;NORDESTE;30;51.0;2022;0 Km;48;38986.18;0.78;16400.0;3239.0;6;N;N;EF;707;3.0;A2;RUIM;A2;N;-1;0.0
obs9505;37;SP;SULDESTE;30;22.02;2022;2 anos;48;30683.88;1.97;5740.0;1886.0;18;S;N;EF;636;;;;;S;-1;0.0
obs109;29;RJ;SULDESTE;30;33.58;2018;>= 3 anos;36;30457.68;1.41;7380.0;2173.0;15;N;N;EF;681;;;;;S;3;0.0
obs2200;40;CE;NORDESTE;30;22.87;2022;0 Km;60;42652.04;1.52;4100.0;1435.0;27;N;N;EF;682;1.0;A1;BOM;B3;S;-1;0.0
obs9631;42;SC;SUL;30;25.07;2021;2 anos;60;28374.19;1.23;3280.0;1025.0;21;N;S;EF;700;;;;;N;0;0.0
obs6958;46;RJ;SULDESTE;60;14.78;2016;>= 3 anos;60;38749.38;1.66;5330.0;2501.0;20;N;N;EF;678;;;;;S;5;0.0
obs3882;54;RN;NORDESTE;30;19.06;2022;0 Km;60;60471.31;1.23;4100.0;1394.0;36;N;N;EF;702;2.0;A2;RUIM;C3;S;-1;0.0
obs4230;86;DF;CENTRO-OESTE;30;69.79;2022;0 Km;36;22556.91;0.76;3116.0;15826.0;23;N;N;EF;751;3.0;A4;BOM;A1;S;-1;0.0
obs5931;35;PB;NORDESTE;30;83.92;2022;0 Km;36;10003.77;0.0;6560.0;3198.0;4;N;N;EF;706;1.0;A1;BOM;A1;S;-1;0.0
obs2480;37;DF;CENTRO-OESTE;30;0.0;2021;0 Km;60;49219.83;1.12;4100.0;1845.0;27;N;N;EF;746;3.0;A2;BOM;C3;S;0;0.0
obs2213;46;AP;NORTE;30;38.48;2021;0 Km;48;47352.33;0.83;2870.0;6068.0;43;N;N;EF;755;3.0;A1;BOM;B2;N;0;0.0
obs9247;36;SP;SULDESTE;30;63.0;2022;0 Km;36;29821.36;0.0;4100.0;3198.0;20;N;N;EF;706;3.0;A2;RUIM;A1;S;-1;0.0
obs2726;43;BA;NORDESTE;30;15.0;2022;0 Km;60;36618.58;1.61;5740.0;5986.0;17;N;N;EF;693;1.0;A2;PESS;C3;;-1;0.0
obs2849;37;SP;SULDESTE;30;42.25;2017;>= 3 anos;60;35978.61;1.88;3444.0;861.0;29;N;N;EF;647;;;;;S;4;0.0
obs3967;68;PA;NORTE;30;25.56;2021;0 Km;60;121816.05;1.64;32800.0;3034.0;0;N;N;EF;677;1.0;A4;BOM;B3;S;0;0.0
obs3200;58;MG;SULDESTE;30;62.64;2013;>= 3 anos;36;14692.01;1.64;1968.0;820.0;28;N;N;EF;654;;;;;S;8;0.0
obs3372;67;PE;NORDESTE;30;46.86;2019;2 anos;36;28388.78;1.08;9840.0;7831.0;10;N;N;EF;665;;;;;S;2;0.0
obs732;54;PE;NORDESTE;30;82.19;2013;>= 3 anos;36;5897.01;1.21;2870.0;1886.0;7;N;N;EF;678;;;;;S;8;0.0
obs5743;44;MG;SULDESTE;30;17.6;2022;0 Km;60;43800.31;1.03;6560.0;2542.0;15;N;N;EF;737;3.0;A4;BOM;C3;S;-1;0.0
obs716;42;SC;SUL;30;13.86;2021;0 Km;60;37525.34;1.59;3328.4;1927.0;29;N;N;EF;669;3.0;A2;BOM;C3;S;0;0.0
obs6126;44;MA;NORDESTE;30;31.92;2022;0 Km;48;36314.26;1.61;5740.0;2501.0;19;N;S;EF;654;2.0;A2;BOM;B2;S;-1;0.0
obs1628;41;CE;NORDESTE;30;30.02;2021;0 Km;49;35420.83;1.16;6560.0;1845.0;16;N;N;EF;669;1.0;A2;BOM;B3;;0;0.0
obs6883;54;CE;NORDESTE;30;0.0;2020;2 anos;48;34607.68;1.72;2870.0;1845.0;38;N;N;EF;653;;;;;S;1;0.0
obs2835;85;SP;SULDESTE;30;50.01;2022;0 Km;36;38129.97;1.08;6560.0;1476.0;19;N;N;EF;751;3.0;A4;BOM;A1;N;-1;0.0
obs6594;37;PR;SUL;30;60.44;2021;0 Km;12;16879.71;0.62;4100.0;861.0;37;N;N;EF;665;2.0;A2;PESS;A1;N;0;0.0
obs6217;37;GO;CENTRO-OESTE;30;9.72;2022;0 Km;60;38723.92;1.3;5166.0;1066.0;0;N;N;EF;723;3.0;A2;RUIM;C3;N;-1;0.0
obs2103;59;MG;SULDESTE;30;85.83;2021;0 Km;24;11225.1;1.0;3280.0;2624.0;16;N;N;EF;747;3.0;A4;BOM;A1;S;0;0.0
obs2151;41;SP;SULDESTE;30;47.37;2021;0 Km;36;42279.97;0.83;4920.0;2583.0;28;N;N;EF;678;3.0;A2;RUIM;A1;N;0;0.0
obs2533;30;SC;SUL;30;42.61;2018;>= 3 anos;48;20279.28;1.2;2460.0;1845.0;23;N;N;EF;694;;;;;N;3;0.0
obs6439;45;PB;NORDESTE;30;45.45;2021;0 Km;48;40619.26;1.0;4100.0;1271.0;0;N;N;EF;772;3.0;A2;BOM;A2;S;0;0.0
obs9532;32;RO;NORTE;30;45.91;2021;0 Km;48;37224.54;0.78;5740.0;779.0;17;N;N;EF;733;2.0;A1;BOM;A2;N;0;0.0
obs9652;49;RJ;SULDESTE;30;19.83;2022;0 Km;60;35153.82;1.14;7380.0;1558.0;11;N;N;EF;700;1.0;A2;BOM;C3;;-1;0.0
obs4320;65;BA;NORDESTE;30;39.21;2022;0 Km;60;32924.79;1.03;3772.0;4264.0;19;N;N;EF;696;3.0;A2;BOM;B3;S;-1;0.0
obs4769;73;MT;CENTRO-OESTE;30;63.05;2022;0 Km;24;30694.23;0.0;4100.0;1886.0;32;N;N;EF;705;3.0;A4;BOM;A1;N;-1;0.0
obs6848;40;MA;NORDESTE;30;29.72;2022;0 Km;49;40162.87;1.16;4100.0;1804.0;30;N;N;EF;669;1.0;A1;BOM;B3;S;-1;0.0
obs5536;35;ES;SULDESTE;30;0.0;2022;0 Km;60;44870.29;1.44;3526.0;492.0;0;N;N;EF;750;1.0;A1;BOM;C3;S;-1;0.0
obs5468;36;SC;SUL;30;37.5;2017;>= 3 anos;36;34401.01;1.25;5740.0;2542.0;20;N;N;EF;658;;;;;S;4;0.0
obs2796;66;GO;CENTRO-OESTE;30;59.64;2022;0 Km;48;17683.09;0.72;2050.0;1804.0;22;N;N;EF;760;3.0;A1;BOM;A2;N;-1;0.0
obs4865;41;CE;NORDESTE;30;19.16;2022;0 Km;48;34320.5;1.1;3280.0;4223.0;28;N;N;EF;693;3.0;A1;BOM;C2;S;-1;0.0
obs7196;35;DF;CENTRO-OESTE;30;0.0;2015;>= 3 anos;48;31115.87;1.64;3116.0;2501.0;30;N;N;EF;664;;;;;;6;0.0
obs6154;45;RJ;SULDESTE;30;73.2;2014;>= 3 anos;24;10870.51;1.04;5740.0;2665.0;9;N;N;EF;708;;;;;S;7;0.0
obs1895;52;DF;CENTRO-OESTE;30;38.01;2022;0 Km;37;26718.53;1.12;3988.48;2829.0;25;N;N;EF;715;2.0;A2;RUIM;B2;N;-1;0.0
obs4148;66;PI;NORDESTE;30;51.67;2022;0 Km;48;31913.09;0.97;4510.0;1845.0;19;N;N;EF;679;2.0;A2;RUIM;A2;N;-1;0.0
obs9299;41;PA;NORTE;30;24.23;2021;0 Km;49;66684.34;1.01;10660.0;2542.0;18;N;N;EF;737;3.0;A2;BOM;B3;S;0;0.0
obs6415;31;PR;SUL;30;36.76;2021;0 Km;49;40358.75;1.05;3116.0;1312.0;0;N;N;EF;695;3.0;A1;RUIM;B3;S;0;0.0
obs1108;33;PA;NORTE;30;53.81;2021;0 Km;12;42966.05;0.58;12300.0;2501.0;31;N;N;EF;733;3.0;A1;BOM;A1;S;0;0.0
obs1152;39;AP;NORTE;30;28.1;2021;0 Km;49;59701.07;1.07;12300.0;2542.0;14;N;N;EF;658;3.0;A2;BOM;B3;S;0;0.0
obs7668;60;PE;NORDESTE;30;43.68;2022;0 Km;60;31727.58;0.93;1722.0;2624.0;0;N;N;EF;777;3.0;A2;BOM;A3;;-1;0.0
obs6788;48;PR;SUL;30;0.0;2018;>= 3 anos;12;12697.53;0.69;9840.0;8364.0;11;N;N;EF;648;;;;;S;3;0.0
obs5980;36;BA;NORDESTE;30;30.48;2022;0 Km;60;29150.11;0.91;2460.0;3198.0;27;N;N;EF;733;3.0;A2;BOM;B3;N;-1;0.0
obs7454;38;SP;SULDESTE;30;40.01;2021;0 Km;12;93117.02;1.5;20500.0;4264.0;41;N;N;EF;658;2.0;A2;PESS;A1;N;0;0.0
obs5112;46;MG;SULDESTE;30;52.73;2021;0 Km;37;42332.67;0.98;7298.0;8528.0;20;N;N;EF;715;3.0;A4;BOM;A2;S;0;0.0
obs8355;28;SP;SULDESTE;30;68.31;2014;>= 3 anos;48;10278.32;1.23;2419.0;615.0;11;N;N;EF;693;;;;;;7;0.0
obs5001;58;CE;NORDESTE;30;31.91;2022;0 Km;48;34313.53;1.12;4920.0;3198.0;0;N;N;EF;709;3.0;A2;BOM;B2;S;-1;0.0
obs4139;75;RS;SUL;30;19.33;2022;0 Km;48;70067.28;0.99;7380.0;1763.0;25;N;N;EF;751;3.0;A4;BOM;C2;N;-1;0.0
obs8578;53;RN;NORDESTE;30;28.07;2022;0 Km;49;58811.31;1.07;4100.0;492.0;43;N;N;EF;746;1.0;A1;BOM;B3;;-1;0.0
obs6179;32;SC;SUL;30;78.01;2021;0 Km;24;20756.45;0.0;3362.0;2501.0;27;N;N;EF;746;2.0;A1;BOM;A1;S;0;0.0
obs5318;26;SE;NORDESTE;30;25.87;2014;>= 3 anos;48;30674.99;1.73;3936.0;1271.0;25;N;N;EF;670;;;;;S;7;0.0
obs2392;43;SC;SUL;30;28.02;2021;0 Km;49;59583.02;1.19;7298.0;1845.0;25;N;N;EF;693;3.0;A2;RUIM;B3;S;0;0.0
obs901;41;SP;SULDESTE;30;34.58;2021;0 Km;37;52179.5;0.98;7298.0;3690.0;26;N;N;EF;746;3.0;A1;BOM;B2;S;0;0.0
obs2653;37;MS;CENTRO-OESTE;30;34.74;2021;0 Km;49;60126.28;1.19;4920.0;5945.0;38;N;N;EF;733;3.0;A2;BOM;B3;S;0;0.0
obs2367;69;SP;SULDESTE;30;69.23;2021;0 Km;36;14784.56;0.74;1640.0;1312.0;0;N;N;EF;768;1.0;A4;BOM;A1;;0;0.0
obs8220;36;MG;SULDESTE;30;15.98;2022;0 Km;60;36976.68;1.24;3526.0;1845.0;0;N;N;EF;682;3.0;A1;RUIM;C3;S;-1;0.0
obs6954;29;PE;NORDESTE;30;30.48;2019;2 anos;48;55123.08;1.87;6560.0;1394.0;27;N;N;EF;657;;;;;N;2;0.0
obs1021;40;SP;SULDESTE;30;10.57;2015;>= 3 anos;48;22109.31;1.66;2624.0;3239.0;26;N;N;EF;664;;;;;S;6;0.0
obs313;61;BA;NORDESTE;30;62.05;2021;0 Km;36;24028.31;0.7;16400.0;2624.0;4;N;N;EF;660;2.0;A1;RUIM;A1;S;0;0.0
obs7103;52;MG;SULDESTE;30;38.73;2021;0 Km;48;55977.04;1.16;5740.0;1353.0;26;N;N;EF;702;3.0;A1;RUIM;B2;S;0;0.0
obs2209;64;CE;NORDESTE;30;20.04;2022;0 Km;60;33779.34;1.62;4018.0;2501.0;22;N;N;EF;668;1.0;A2;RUIM;B3;;-1;1.0
obs9979;64;DF;CENTRO-OESTE;30;53.25;2021;0 Km;48;33781.83;1.31;12300.0;11972.0;7;N;N;EF;696;1.0;A1;PESS;A2;;0;0.0
obs8642;31;MS;CENTRO-OESTE;30;40.0;2013;>= 3 anos;48;12098.38;1.65;4428.0;1312.0;8;S;N;EF;653;;;;;N;8;0.0
obs1701;52;RJ;SULDESTE;30;32.12;2021;0 Km;60;26974.17;1.19;2460.0;820.0;25;N;N;EF;715;2.0;A2;RUIM;B3;S;0;0.0
obs7655;26;SC;SUL;30;26.67;2014;>= 3 anos;48;23908.79;1.33;2284.52;1066.0;31;N;N;EF;693;;;;;N;7;0.0
obs7383;35;SP;SULDESTE;30;31.66;2022;0 Km;37;47673.31;1.14;12300.0;1394.0;14;N;N;EF;697;3.0;A2;RUIM;B2;S;-1;0.0
obs5576;39;BA;NORDESTE;30;27.44;2022;0 Km;49;56312.39;0.83;3936.0;1353.0;40;S;N;EF;746;3.0;A2;BOM;B3;S;-1;0.0
obs1794;44;PE;NORDESTE;30;16.19;2022;0 Km;60;35620.57;1.49;3690.0;1107.0;25;N;N;EF;678;3.0;A4;BOM;C3;S;-1;0.0
obs4884;85;PB;NORDESTE;30;71.62;2021;0 Km;24;25679.15;0.15;6560.0;1845.0;16;N;N;EF;760;1.0;A2;BOM;A1;;0;0.0
obs3668;22;PI;NORDESTE;30;40.04;2022;0 Km;48;25643.68;0.93;4100.0;943.0;17;N;N;EF;689;1.0;A1;BOM;A2;;-1;0.0
obs1638;36;PI;NORDESTE;30;37.73;2021;0 Km;48;41957.58;1.2;4100.0;943.0;29;N;N;EF;697;3.0;A1;BOM;B2;S;0;0.0
obs4369;42;CE;NORDESTE;30;15.33;2021;0 Km;60;36386.55;1.23;4510.0;2337.0;19;N;N;EF;693;1.0;A1;BOM;C3;;0;0.0
obs1768;69;SP;SULDESTE;30;64.34;2021;0 Km;36;19189.37;1.01;2050.0;2009.0;32;N;N;EF;751;3.0;A4;BOM;A1;S;0;0.0
obs1380;44;SP;SULDESTE;30;73.19;2021;0 Km;12;12952.13;0.0;4100.0;1558.0;0;N;N;EF;708;3.0;A2;BOM;A1;S;0;0.0
obs4205;49;RJ;SULDESTE;30;75.93;2021;0 Km;48;13027.68;0.67;4920.0;2009.0;6;S;N;EF;715;3.0;A2;BOM;A2;N;0;0.0
obs5905;31;PE;NORDESTE;30;30.09;2014;>= 3 anos;48;18723.36;2.46;2050.0;1312.0;32;N;N;EF;636;;;;;S;7;1.0
obs9007;56;SP;SULDESTE;30;20.0;2012;>= 3 anos;48;18316.05;1.66;5740.0;2624.0;0;N;N;EF;694;;;;;S;9;0.0
obs8494;36;PE;NORDESTE;30;30.43;2022;0 Km;49;29393.08;1.22;2460.0;2583.0;37;N;N;EF;737;1.0;A2;BOM;B3;S;-1;0.0
obs52;58;SP;SULDESTE;30;57.94;2015;>= 3 anos;24;13723.15;1.18;3444.0;3239.0;20;N;N;EF;701;;;;;;6;0.0
obs1194;39;RJ;SULDESTE;30;47.95;2017;>= 3 anos;48;32450.51;1.32;4920.0;1271.0;0;N;N;EF;678;;;;;;4;0.0
obs5806;85;MT;CENTRO-OESTE;30;18.36;2022;0 Km;60;43749.84;1.12;7380.0;2583.0;0;N;N;EF;764;3.0;A2;BOM;C3;N;-1;0.0
obs8406;45;RJ;SULDESTE;30;85.04;2022;0 Km;24;11682.25;0.0;7380.0;2214.0;6;N;N;EF;755;3.0;A2;RUIM;A1;S;-1;0.0
obs4624;49;RR;NORTE;30;0.0;2022;0 Km;60;44399.8;1.25;4510.0;861.0;24;N;N;EF;715;2.0;A2;BOM;C3;S;-1;0.0
obs625;48;SP;SULDESTE;30;28.0;2021;0 Km;37;51079.19;1.19;5658.0;4346.0;34;N;N;EF;742;3.0;A2;BOM;B2;S;0;0.0
obs5976;50;SP;SULDESTE;30;34.6;2022;0 Km;49;35296.06;1.16;4920.0;4305.0;22;N;N;EF;746;1.0;A4;BOM;B3;S;-1;0.0
obs8591;56;SP;SULDESTE;30;49.43;2022;0 Km;37;37238.39;1.07;9840.0;2706.0;0;N;N;EF;777;3.0;A4;BOM;A2;S;-1;0.0
obs9154;49;RJ;SULDESTE;30;38.1;2019;2 anos;48;28549.51;1.18;3362.0;1435.0;23;N;N;EF;708;;;;;S;2;0.0
obs1917;67;PE;NORDESTE;30;39.71;2021;0 Km;60;40591.44;1.45;4346.0;1886.0;24;N;N;EF;692;3.0;A2;PESS;B3;S;0;0.0
obs4453;33;RS;SUL;30;60.61;2021;0 Km;36;35325.97;0.72;9840.0;8282.0;11;N;N;EF;733;1.0;A4;BOM;A1;;0;0.0
obs1686;38;RJ;SULDESTE;30;2.07;2021;0 Km;60;39920.51;1.44;6560.0;2009.0;15;N;N;EF;706;2.0;A2;RUIM;C3;S;0;0.0
obs8920;48;RJ;SULDESTE;30;18.44;2022;0 Km;48;35750.59;0.88;3444.0;1599.0;0;N;N;EF;763;3.0;A2;BOM;C2;N;-1;0.0
obs2770;46;SE;NORDESTE;30;23.62;2022;0 Km;60;33169.27;1.08;9840.0;8323.0;8;N;N;EF;706;2.0;A1;RUIM;B3;N;-1;0.0
obs9011;43;PA;NORTE;30;49.17;2022;0 Km;48;39939.04;1.16;4838.0;1312.0;0;N;N;EF;695;3.0;A1;BOM;A2;N;-1;0.0
obs940;65;ES;SULDESTE;30;28.29;2021;0 Km;49;47678.76;1.05;4920.0;2993.0;27;N;N;EF;760;3.0;A4;BOM;B3;S;0;0.0
obs847;41;SP;SULDESTE;30;31.54;2021;0 Km;60;48759.11;1.42;6560.0;6027.0;18;N;N;EF;693;2.0;A2;RUIM;B3;S;0;0.0
obs9215;73;SP;SULDESTE;30;67.0;2022;0 Km;30;24107.79;0.0;4100.0;2993.0;20;N;N;EF;760;3.0;A4;BOM;A1;S;-1;0.0
obs9091;75;SP;SULDESTE;30;26.43;2022;0 Km;49;65699.09;0.9;4100.0;6109.0;44;N;N;EF;705;2.0;A4;BOM;B3;;-1;0.0
obs3942;65;CE;NORDESTE;30;49.25;2021;0 Km;48;43433.07;0.93;8200.0;6191.0;14;N;N;EF;751;3.0;A2;BOM;A2;S;0;0.0
obs8718;40;SP;SULDESTE;30;63.0;2022;0 Km;36;30507.92;0.0;6560.0;4264.0;13;N;N;EF;746;3.0;A2;BOM;A1;S;-1;0.0
obs6672;46;MG;SULDESTE;30;71.12;2022;0 Km;18;12395.07;0.0;3116.0;1845.0;23;N;S;EF;715;3.0;A1;BOM;A1;N;-1;0.0
obs9362;57;SP;SULDESTE;30;28.08;2022;0 Km;49;67520.94;0.9;16400.0;3608.0;0;N;N;EF;777;2.0;A4;BOM;B3;S;-1;0.0
obs6771;55;AM;NORTE;30;20.92;2021;0 Km;48;70002.47;1.31;9575.14;6068.0;21;N;N;EF;707;3.0;A2;RUIM;B2;N;0;0.0
obs3268;43;SP;SULDESTE;30;59.79;2021;0 Km;18;38785.67;0.0;9840.0;8446.0;22;N;N;EF;678;2.0;A4;RUIM;A1;N;0;0.0
obs6255;34;PA;NORTE;30;22.7;2022;0 Km;60;57501.76;1.18;6150.0;1312.0;22;N;N;EF;693;3.0;A2;BOM;B3;S;-1;0.0
obs5108;30;SP;SULDESTE;30;21.07;2021;0 Km;60;62971.87;1.33;4838.0;615.0;0;N;N;EF;763;1.0;A1;BOM;B3;;0;0.0
obs5652;45;RS;SUL;60;86.76;2020;2 anos;24;18149.05;0.75;6560.0;8405.0;13;N;N;EF;691;;;;;N;1;0.0
obs5008;38;SP;SULDESTE;30;60.19;2021;0 Km;12;32833.32;0.58;11070.0;1927.0;25;N;N;EF;693;3.0;A2;BOM;A1;S;0;0.0
obs7328;40;SP;SULDESTE;30;0.0;2021;0 Km;60;71520.87;1.61;7544.0;1312.0;25;S;N;EF;733;2.0;A4;BOM;C3;;0;0.0
obs7161;77;PR;SUL;30;63.31;2018;>= 3 anos;36;13468.41;1.18;2050.0;1681.0;22;N;N;EF;701;;;;;S;3;0.0
obs2218;62;SP;SULDESTE;30;61.33;2018;>= 3 anos;48;13070.61;0.85;3280.0;4387.0;10;N;N;EF;692;;;;;S;3;0.0
obs5416;58;SC;SUL;30;49.51;2017;>= 3 anos;36;22247.96;1.08;13940.0;6027.0;5;N;N;EF;707;;;;;S;4;0.0
obs7394;72;SP;SULDESTE;30;44.78;2020;2 anos;24;25603.61;1.13;4920.0;2009.0;25;N;N;EF;684;;;;;S;1;0.0
obs1983;63;SP;SULDESTE;30;30.19;2021;0 Km;60;29373.47;1.01;2870.0;1722.0;22;N;N;EF;760;3.0;A4;BOM;B3;S;0;0.0
obs8563;41;DF;CENTRO-OESTE;30;26.74;2022;0 Km;48;69626.21;1.25;4920.0;1886.0;39;N;N;EF;678;3.0;A2;RUIM;B2;S;-1;0.0
obs9291;66;SP;SULDESTE;30;33.79;2022;0 Km;48;28450.35;1.2;3690.0;4223.0;21;N;N;EF;692;2.0;A4;RUIM;B2;S;-1;0.0
obs8155;50;PA;NORTE;30;0.0;2022;0 Km;60;70925.43;1.39;6560.0;1394.0;0;N;N;EF;719;3.0;A2;BOM;C3;N;-1;0.0
obs5575;23;DF;CENTRO-OESTE;30;20.42;2021;0 Km;60;49502.03;1.49;5658.0;984.0;23;N;N;EF;685;1.0;A2;BOM;B3;;0;0.0
obs7;53;DF;CENTRO-OESTE;30;58.83;2021;0 Km;36;17752.87;0.46;4100.0;4264.0;13;N;N;EF;755;3.0;A2;BOM;A1;S;0;0.0
obs3682;60;BA;NORDESTE;30;25.11;2015;>= 3 anos;48;22627.23;1.66;4756.0;2542.0;15;N;N;EF;660;;;;;S;6;0.0
obs2423;31;RS;SUL;30;11.82;2022;0 Km;60;37957.9;1.34;4920.0;615.0;19;N;N;EF;693;2.0;A1;BOM;C3;S;-1;0.0
obs387;42;ES;SULDESTE;30;29.45;2021;0 Km;49;64441.9;1.02;4920.0;6109.0;37;N;N;EF;678;3.0;A1;RUIM;B3;N;0;0.0
obs6405;38;RO;NORTE;30;54.68;2022;0 Km;49;20272.21;1.16;1418.6;1312.0;44;N;N;EF;669;3.0;A2;BOM;A3;S;-1;0.0
obs4908;25;PA;NORTE;30;27.04;2022;0 Km;49;42787.6;1.16;5740.0;492.0;23;N;N;EF;661;1.0;A2;BOM;B3;;-1;0.0
obs3655;35;AM;NORTE;30;40.23;2021;0 Km;49;48410.85;0.93;2788.0;1312.0;50;N;N;EF;650;3.0;A2;RUIM;A3;S;0;0.0
obs1853;49;SP;SULDESTE;30;44.13;2012;>= 3 anos;36;16797.31;1.46;3690.0;1517.0;16;N;N;EF;640;;;;;S;9;0.0
obs6021;58;SP;SULDESTE;30;83.0;2022;0 Km;36;10771.7;0.0;1640.0;1845.0;0;N;N;EF;777;1.0;A4;BOM;A1;;-1;0.0
obs1445;49;MS;CENTRO-OESTE;30;0.0;2013;>= 3 anos;48;25198.22;1.83;2870.0;2542.0;0;N;N;EF;672;;;;;S;8;0.0
obs4756;42;SC;SUL;30;71.43;2019;2 anos;12;16212.28;0.99;8200.0;5986.0;18;N;N;EF;671;;;;;S;2;0.0
obs2537;67;SP;SULDESTE;30;28.94;2021;0 Km;60;42742.38;1.38;4920.0;4264.0;0;N;N;EF;681;3.0;A4;PESS;B3;S;0;0.0
obs3624;64;RJ;SULDESTE;30;40.8;2018;>= 3 anos;60;18352.96;1.08;5740.0;1312.0;7;N;N;EF;688;;;;;S;3;0.0
obs9226;38;SP;SULDESTE;30;30.74;2022;0 Km;60;30600.88;1.53;6150.0;1353.0;13;N;N;EF;658;1.0;A2;RUIM;B3;;-1;0.0
obs6034;48;GO;CENTRO-OESTE;30;18.09;2021;0 Km;60;65617.42;1.76;6560.0;1845.0;27;N;N;EF;674;1.0;A1;RUIM;C3;;0;0.0
obs1898;64;SC;SUL;30;84.82;2021;0 Km;24;14283.28;0.0;3690.0;2173.0;0;S;N;EF;656;3.0;A4;BOM;A1;S;0;0.0
obs2076;72;ES;SULDESTE;30;30.36;2022;0 Km;48;51564.86;0.93;4920.0;2665.0;27;N;N;EF;760;2.0;A2;BOM;B2;N;-1;0.0
obs8301;73;MA;NORDESTE;30;7.36;2022;0 Km;60;52456.54;1.23;6560.0;2050.0;0;N;N;EF;764;3.0;A1;BOM;C3;S;-1;0.0
obs2288;35;BA;NORDESTE;30;0.0;2022;0 Km;60;42304.08;1.5;4180.36;820.0;26;N;N;EF;733;1.0;A1;BOM;C3;;-1;0.0
obs2950;33;GO;CENTRO-OESTE;30;33.11;2022;0 Km;49;29055.75;1.27;2460.0;1312.0;0;N;N;EF;658;1.0;A1;BOM;B3;N;-1;0.0
obs7713;44;RN;NORDESTE;30;42.71;2019;2 anos;60;20037.86;1.14;2460.0;1886.0;19;S;N;EF;681;;;;;S;2;0.0
obs1551;39;SP;SULDESTE;30;28.0;2021;0 Km;37;70408.07;1.11;12300.0;1804.0;21;N;N;EF;737;3.0;A2;RUIM;B2;S;0;0.0
obs5568;57;SP;SULDESTE;30;0.0;2014;>= 3 anos;48;24267.31;1.39;2599.4;861.0;28;N;N;EF;711;;;;;S;7;0.0
obs51;46;PE;NORDESTE;30;27.91;2021;0 Km;60;53863.54;0.99;5084.0;2624.0;23;N;S;EF;755;3.0;A2;BOM;B3;S;0;0.0
obs3507;53;SP;SULDESTE;30;48.27;2022;0 Km;36;23029.78;0.83;2870.0;3239.0;27;N;N;EF;742;3.0;A2;BOM;A1;N;-1;0.0
obs6096;31;PA;NORTE;30;9.28;2022;0 Km;60;39727.04;1.12;2296.0;1804.0;41;N;N;EF;733;1.0;A1;BOM;C3;S;-1;0.0
obs5993;48;SP;SULDESTE;30;63.66;2022;0 Km;12;21632.77;0.0;4100.0;1927.0;0;N;N;EF;732;3.0;A2;RUIM;A1;N;-1;0.0
obs2514;41;SP;SULDESTE;30;19.55;2021;0 Km;48;33231.31;0.83;4861.17;1886.0;0;N;N;EF;763;3.0;A4;BOM;C2;N;0;0.0
obs4152;68;RS;SUL;30;15.35;2022;0 Km;60;38816.95;1.28;4510.0;2378.0;20;N;N;EF;707;1.0;A4;BOM;C3;;-1;0.0
obs3235;71;PR;SUL;30;48.86;2022;0 Km;49;23607.58;1.16;2460.0;1845.0;29;N;N;EF;751;3.0;A2;BOM;A3;S;-1;0.0
obs8863;46;SC;SUL;30;34.08;2019;2 anos;48;37140.84;1.24;9430.0;4510.0;0;N;N;EF;685;;;;;S;2;0.0
obs5946;59;AM;NORTE;30;20.97;2021;0 Km;48;38312.24;1.14;6560.0;5945.0;15;N;N;EF;696;2.0;A2;BOM;B2;S;0;0.0
obs4466;63;SC;SUL;30;72.26;2017;>= 3 anos;36;10960.79;0.85;8610.0;2911.0;4;N;N;EF;643;;;;;S;4;0.0
obs3746;63;SP;SULDESTE;60;47.98;2020;2 anos;36;18132.78;0.99;4100.0;4264.0;15;N;N;EF;711;;;;;N;1;0.0
obs2665;65;PA;NORTE;30;24.25;2022;0 Km;36;35641.3;1.14;5740.0;1353.0;22;N;N;EF;707;2.0;A2;BOM;B1;N;-1;0.0
obs1330;36;PR;SUL;30;31.0;2015;>= 3 anos;48;29907.28;1.81;4100.0;1394.0;23;N;N;EF;633;;;;;N;6;1.0
obs7884;56;SC;SUL;30;48.9;2021;0 Km;49;45946.95;1.49;6806.0;5986.0;0;N;N;EF;728;3.0;A4;RUIM;A3;S;0;0.0
obs5405;52;DF;CENTRO-OESTE;30;0.0;2022;0 Km;60;53534.17;1.14;32800.0;10578.0;3;N;N;EF;755;3.0;A1;RUIM;C3;N;-1;0.0
obs3576;47;RS;SUL;30;89.01;2021;0 Km;24;9962.0;0.0;7380.0;5945.0;5;N;N;EF;755;3.0;A4;BOM;A1;S;0;0.0
obs5908;78;DF;CENTRO-OESTE;30;63.83;2021;0 Km;18;29216.83;0.0;14760.0;2255.0;11;N;N;EF;692;3.0;A2;PESS;A1;S;0;0.0
obs780;56;MG;SULDESTE;30;21.54;2021;0 Km;49;69903.64;0.83;4920.0;5986.0;0;N;N;EF;737;3.0;A4;RUIM;B3;;0;0.0
obs5633;46;RJ;SULDESTE;30;28.0;2022;0 Km;49;31288.51;1.05;5412.0;2009.0;17;N;N;EF;676;3.0;A2;RUIM;B3;S;-1;0.0
obs5482;60;AP;NORTE;30;56.34;2022;0 Km;48;36379.73;0.88;10704.37;3485.0;9;N;N;EF;747;2.0;A4;BOM;A2;N;-1;0.0
obs5199;42;SP;SULDESTE;30;75.32;2021;0 Km;18;20940.67;0.0;8200.0;5986.0;14;N;N;EF;706;3.0;A2;RUIM;A1;N;0;0.0
obs6379;59;PE;NORDESTE;30;58.47;2022;0 Km;12;25388.6;0.0;8200.0;902.0;27;S;N;EF;720;3.0;A1;BOM;A1;S;-1;0.0
obs5026;72;SP;SULDESTE;30;67.45;2021;0 Km;60;63353.67;1.33;2624.0;2993.0;0;N;N;EF;764;3.0;A4;BOM;A3;N;0;0.0
obs5306;56;MG;SULDESTE;30;6.29;2022;0 Km;60;50281.29;1.14;9462.8;5945.0;12;N;N;EF;760;2.0;A4;BOM;C3;N;-1;0.0
obs4391;55;DF;CENTRO-OESTE;30;34.32;2021;0 Km;60;54848.83;1.29;8200.0;2952.0;16;N;N;EF;664;3.0;A4;PESS;B3;S;0;0.0
obs8320;39;SC;SUL;30;66.62;2022;0 Km;36;28018.12;1.05;20500.0;6027.0;4;N;N;EF;737;3.0;A4;BOM;A1;S;-1;0.0
obs5276;40;RS;SUL;30;29.18;2018;>= 3 anos;48;49191.88;1.31;4100.0;2091.0;34;N;N;EF;708;;;;;S;3;0.0
obs7191;60;MG;SULDESTE;30;0.0;2022;0 Km;60;42780.87;1.77;20500.0;1599.0;5;N;N;EF;720;1.0;A4;BOM;C3;;-1;0.0
obs4966;42;SC;SUL;30;79.83;2020;2 anos;60;12620.79;0.88;2870.0;2665.0;9;N;N;EF;658;;;;;S;1;0.0
obs6090;39;GO;CENTRO-OESTE;30;53.01;2021;0 Km;30;28322.03;0.0;6560.0;5945.0;0;N;N;EF;723;1.0;A2;BOM;A1;;0;0.0
obs1708;38;ES;SULDESTE;30;2.07;2021;0 Km;60;40007.47;1.42;4100.0;820.0;0;S;N;EF;754;1.0;A2;BOM;C3;;0;0.0
obs3260;65;MA;NORDESTE;30;50.0;2020;2 anos;36;42652.87;1.0;8200.0;15908.0;0;S;N;EF;688;;;;;S;1;0.0
obs3104;40;PI;NORDESTE;30;0.0;2021;0 Km;48;44949.48;1.26;5740.0;1107.0;22;N;N;EF;697;3.0;A2;BOM;C2;N;0;0.0
obs1253;37;SP;SULDESTE;30;52.62;2021;0 Km;48;38154.87;1.0;24600.0;1353.0;4;N;N;EF;733;1.0;A2;BOM;A2;;0;0.0
obs7890;56;PI;NORDESTE;30;0.0;2018;>= 3 anos;24;13523.87;1.04;3280.0;4223.0;0;S;N;EF;719;;;;;S;3;0.0
obs6782;43;AM;NORTE;30;50.01;2021;0 Km;48;42464.73;1.1;4091.8;1845.0;29;N;N;EF;665;1.0;A1;PESS;A2;;0;0.0
obs8508;28;RJ;SULDESTE;30;46.1;2022;0 Km;60;22987.68;1.12;4018.0;615.0;13;N;N;EF;693;1.0;A1;BOM;A3;;-1;0.0
obs6792;63;RO;NORTE;30;39.86;2021;0 Km;49;58568.29;1.19;4792.9;2009.0;38;N;N;EF;668;3.0;A1;PESS;B3;S;0;0.0
obs3364;74;MS;CENTRO-OESTE;30;0.0;2016;>= 3 anos;60;32586.89;2.04;2091.0;1435.0;0;N;N;EF;664;;;;;S;5;0.0
obs784;54;PE;NORDESTE;30;10.81;2019;2 anos;60;32505.33;1.69;3280.0;1353.0;26;N;N;EF;671;;;;;N;2;0.0
obs6553;53;MT;CENTRO-OESTE;30;45.1;2022;0 Km;48;51435.93;1.0;9020.0;2583.0;15;N;N;EF;702;3.0;A4;BOM;A2;S;-1;0.0
obs1364;61;SC;SUL;30;65.96;2021;0 Km;24;26315.8;0.0;4100.0;2665.0;28;N;N;EF;720;3.0;A4;BOM;A1;N;0;0.0
obs1000;53;PR;SUL;30;23.39;2021;0 Km;36;55381.64;1.06;9020.0;1312.0;20;N;N;EF;746;1.0;A2;BOM;B1;;0;0.0
obs5879;37;MA;NORDESTE;30;40.61;2022;0 Km;60;47100.84;1.53;7380.0;1312.0;17;N;N;EF;665;1.0;A2;RUIM;A3;;-1;0.0
obs943;54;RS;SUL;30;55.08;2021;0 Km;49;39308.31;0.88;3280.0;2542.0;33;N;N;EF;746;3.0;A4;BOM;A3;S;0;0.0
obs2419;42;GO;CENTRO-OESTE;30;21.01;2019;2 anos;48;38536.84;1.68;3280.0;1804.0;35;N;N;EF;661;;;;;N;2;0.0
obs3209;40;DF;CENTRO-OESTE;30;22.66;2022;0 Km;49;36394.67;1.05;5740.0;3444.0;0;N;N;EF;723;3.0;A2;BOM;B3;S;-1;0.0
obs5300;48;SP;SULDESTE;30;44.66;2021;0 Km;49;28370.95;1.16;2624.0;1312.0;0;N;N;EF;763;3.0;A2;BOM;A3;N;0;0.0
obs733;21;CE;NORDESTE;30;32.78;2021;0 Km;49;34606.97;1.16;2296.0;1312.0;0;N;N;EF;689;1.0;A2;BOM;B3;;0;0.0
obs2847;64;SP;SULDESTE;30;37.39;2021;0 Km;48;45211.57;0.9;4592.0;3403.0;25;N;N;EF;760;3.0;A4;BOM;B2;S;0;0.0
obs5398;73;MG;SULDESTE;30;54.51;2022;0 Km;30;33194.37;0.11;3444.0;2255.0;33;N;N;EF;760;3.0;A4;BOM;A1;N;-1;0.0
obs8317;57;SC;SUL;30;22.09;2017;>= 3 anos;60;28856.88;1.6;2460.0;2583.0;31;N;S;EF;684;;;;;S;4;0.0
obs7084;61;RS;SUL;30;11.8;2015;>= 3 anos;48;25868.88;1.88;4510.0;1312.0;19;N;N;EF;707;;;;;N;6;0.0
obs303;67;ES;SULDESTE;30;68.51;2021;0 Km;36;20326.32;0.7;4100.0;1517.0;16;N;N;EF;747;3.0;A2;BOM;A1;N;0;0.0
obs3585;57;SC;SUL;30;54.0;2019;2 anos;60;33936.02;1.14;3936.0;1886.0;20;N;N;EF;665;;;;;S;2;0.0
obs7306;34;SC;SUL;30;63.29;2016;>= 3 anos;24;26897.62;1.04;5494.0;3198.0;24;N;N;EF;700;;;;;S;5;0.0
obs2180;51;SP;SULDESTE;30;28.02;2021;0 Km;37;54842.85;0.74;5740.0;1886.0;31;N;N;EF;715;3.0;A2;PESS;B2;S;0;0.0
obs1311;54;MG;SULDESTE;30;32.36;2021;0 Km;49;60003.37;1.02;4100.0;1353.0;43;N;N;EF;700;3.0;A4;PESS;B3;S;0;0.0
obs4996;41;AM;NORTE;30;30.67;2016;>= 3 anos;48;24045.37;1.44;2460.0;5945.0;29;N;N;EF;647;;;;;N;5;0.0
obs7017;37;PR;SUL;30;30.1;2021;0 Km;49;43365.84;1.19;7216.0;1804.0;18;N;N;EF;665;3.0;A2;BOM;B3;S;0;0.0
obs7313;49;RJ;SULDESTE;30;0.0;2018;>= 3 anos;48;38252.21;1.73;6970.0;4182.0;17;N;N;EF;661;;;;;N;3;0.0
obs7139;57;PE;NORDESTE;30;61.3;2022;0 Km;48;21222.27;0.78;12300.0;8282.0;4;N;N;EF;711;2.0;A2;RUIM;A2;S;-1;0.0
obs9374;56;SP;SULDESTE;90;85.01;2022;0 Km;36;12872.91;1.14;4920.0;4387.0;9;N;N;EF;760;3.0;A4;BOM;A1;S;-1;0.0
obs1796;41;GO;CENTRO-OESTE;30;0.0;2022;0 Km;60;40923.09;1.5;4920.0;1968.0;21;N;N;EF;697;2.0;A2;BOM;C3;N;-1;0.0
obs4236;51;SP;SULDESTE;30;10.16;2021;0 Km;60;35299.67;1.47;4510.0;3485.0;20;N;N;EF;702;1.0;A2;RUIM;C3;;0;0.0
obs6909;40;SP;SULDESTE;30;0.0;2018;>= 3 anos;60;53317.31;1.52;4920.0;1312.0;28;N;S;EF;685;;;;;N;3;0.0
obs4930;57;PR;SUL;30;80.01;2021;0 Km;18;12636.64;0.0;7872.0;4387.0;9;N;N;EF;760;3.0;A2;BOM;A1;S;0;0.0
obs9283;42;SP;SULDESTE;30;40.73;2022;0 Km;48;24469.67;0.83;2706.0;1886.0;23;S;N;EF;746;3.0;A2;BOM;A2;N;-1;0.0
obs1633;40;SP;SULDESTE;30;26.81;2021;0 Km;48;33988.29;1.54;10054.09;8528.0;10;N;N;EF;678;3.0;A4;BOM;B2;S;0;0.0
obs8772;77;BA;NORDESTE;30;57.75;2022;0 Km;60;19121.08;1.07;5740.0;1353.0;7;N;N;EF;679;3.0;A2;BOM;A3;S;-1;0.0
obs2277;44;SC;SUL;30;42.0;2015;>= 3 anos;48;18414.19;1.5;2050.0;1107.0;27;S;N;EF;616;;;;;N;6;0.0
obs1931;46;SP;SULDESTE;30;61.0;2021;0 Km;48;16706.01;1.0;4100.0;2050.0;11;N;N;EF;687;3.0;A2;BOM;A2;N;0;0.0
obs4931;20;RS;SUL;30;57.8;2022;0 Km;36;17404.54;1.12;1640.0;1845.0;36;N;N;EF;608;1.0;A2;BOM;A1;S;-1;0.0
obs7921;40;MA;NORDESTE;30;20.25;2022;0 Km;60;33398.37;1.71;4100.0;492.0;22;N;N;EF;665;1.0;A2;BOM;B3;;-1;1.0
obs206;42;GO;CENTRO-OESTE;30;29.24;2021;0 Km;60;30299.92;1.18;2870.0;943.0;0;N;N;EF;710;3.0;A4;RUIM;B3;S;0;0.0
obs4411;62;PR;SUL;30;33.13;2022;0 Km;60;29500.58;0.92;3116.0;1886.0;21;N;N;EF;751;3.0;A2;BOM;B3;N;-1;0.0
obs7402;62;CE;NORDESTE;30;27.82;2022;0 Km;48;26500.12;1.32;4920.0;1312.0;15;N;N;EF;668;1.0;A1;RUIM;B2;;-1;0.0
obs8717;26;DF;CENTRO-OESTE;30;31.52;2022;0 Km;60;32215.89;1.04;3280.0;861.0;22;N;N;EF;698;1.0;A1;BOM;B3;;-1;0.0
obs6257;67;SP;SULDESTE;30;57.83;2020;2 anos;36;30085.61;1.71;20500.0;5986.0;5;N;N;EF;664;;;;;S;1;0.0
obs8783;50;PR;SUL;30;50.0;2022;0 Km;60;23849.22;1.12;16400.0;1107.0;3;N;N;EF;674;3.0;A1;BOM;A3;S;-1;0.0
obs8351;71;PB;NORDESTE;30;11.47;2017;>= 3 anos;60;46013.81;1.47;5330.0;3116.0;22;N;N;EF;666;;;;;S;4;0.0
obs3254;65;SP;SULDESTE;30;64.78;2021;0 Km;18;32469.37;0.0;5658.0;2911.0;33;N;N;EF;720;1.0;A4;BOM;A1;;0;0.0
obs1761;68;PA;NORTE;30;13.06;2021;0 Km;48;38471.6;1.43;4756.0;492.0;24;N;N;EF;707;1.0;A2;BOM;C2;;0;0.0
obs34;58;SP;SULDESTE;30;28.17;2021;0 Km;37;37459.24;1.02;4100.0;1845.0;33;N;N;EF;692;3.0;A4;BOM;B2;S;0;0.0
obs1340;35;PE;NORDESTE;30;14.21;2021;0 Km;60;35387.76;1.33;3116.0;820.0;28;N;N;EF;678;1.0;A2;BOM;C3;;0;0.0
obs8087;42;MS;CENTRO-OESTE;30;28.19;2021;0 Km;60;36840.68;1.04;5084.0;2583.0;16;N;S;EF;706;1.0;A1;BOM;B3;;0;0.0
obs7044;24;PE;NORDESTE;30;28.01;2022;0 Km;49;59006.65;0.93;4920.0;861.0;34;N;N;EF;661;1.0;A2;BOM;B3;;-1;1.0
obs4445;45;SP;SULDESTE;30;73.57;2021;0 Km;36;15043.52;0.93;6560.0;4223.0;7;N;N;EF;755;3.0;A4;BOM;A1;S;0;0.0
obs6648;55;RS;SUL;30;21.8;2022;0 Km;60;33554.68;1.04;4920.0;3239.0;15;N;N;EF;760;3.0;A4;BOM;B3;S;-1;0.0
obs3540;23;MA;NORDESTE;30;27.04;2022;0 Km;49;59814.78;0.93;8200.0;820.0;21;N;N;EF;689;1.0;A1;RUIM;B3;;-1;0.0
obs7429;44;PR;SUL;30;14.84;2020;2 anos;60;46436.01;1.5;4903.6;6109.0;24;N;N;EF;668;;;;;N;1;0.0
obs2574;62;RR;NORTE;30;18.34;2021;0 Km;60;41577.8;0.99;17220.0;9389.0;0;N;N;EF;777;3.0;A4;BOM;C3;S;0;0.0
obs8908;58;SP;SULDESTE;30;26.33;2021;0 Km;48;49583.81;1.52;13120.0;6027.0;11;N;N;EF;668;3.0;A4;PESS;B2;S;0;0.0
obs8683;60;RR;NORTE;30;54.13;2022;0 Km;36;38083.8;1.0;7380.0;5125.0;18;N;N;EF;760;3.0;A2;BOM;A1;S;-1;0.0
obs401;68;SP;SULDESTE;30;50.6;2020;2 anos;48;22097.85;1.12;2460.0;1517.0;25;N;N;EF;671;;;;;N;1;0.0
obs7408;58;PR;SUL;30;1.95;2022;0 Km;60;42701.01;1.29;2214.0;820.0;0;N;N;EF;728;3.0;A1;BOM;C3;S;-1;0.0
obs1526;23;GO;CENTRO-OESTE;30;21.04;2021;0 Km;60;36654.61;1.75;1640.0;492.0;60;N;N;EF;604;1.0;A0;BOM;B3;N;0;0.0
obs4433;45;SP;SULDESTE;30;61.09;2021;0 Km;18;33083.57;0.0;6560.0;1845.0;29;N;N;EF;755;3.0;A2;BOM;A1;N;0;0.0
obs7923;61;BA;NORDESTE;30;37.42;2016;>= 3 anos;60;22358.91;1.35;3690.0;1353.0;14;N;N;EF;671;;;;;;5;0.0
obs1053;42;RS;SUL;30;70.54;2021;0 Km;24;23329.98;0.0;6560.0;3731.0;15;N;N;EF;746;3.0;A2;BOM;A1;S;0;0.0
obs4960;76;SP;SULDESTE;30;51.3;2022;0 Km;49;27102.3;1.16;3280.0;2296.0;0;N;N;EF;768;3.0;A4;BOM;A3;S;-1;0.0
obs6367;21;MG;SULDESTE;30;39.27;2022;0 Km;60;40501.86;1.06;5740.0;902.0;16;N;N;EF;657;1.0;A2;BOM;B3;S;-1;0.0
obs7918;55;TO;NORTE;30;31.35;2016;>= 3 anos;36;35437.68;1.25;5740.0;5986.0;22;N;N;EF;654;;;;;N;5;0.0
obs5969;65;ES;SULDESTE;30;32.55;2022;0 Km;49;48961.48;1.05;4920.0;3731.0;29;N;N;EF;760;3.0;A4;BOM;B3;S;-1;0.0
obs2332;61;AL;NORDESTE;30;0.0;2022;0 Km;60;41671.81;1.44;5740.0;1353.0;18;S;N;EF;692;3.0;A4;BOM;C3;S;-1;0.0
obs743;74;SC;SUL;60;31.07;2016;>= 3 anos;60;21340.34;1.44;2460.0;1476.0;21;N;N;EF;678;;;;;N;5;0.0
obs533;58;ES;SULDESTE;30;27.35;2021;0 Km;49;66930.24;1.02;4920.0;2009.0;40;N;N;EF;760;3.0;A2;BOM;B3;S;0;0.0
obs4114;25;PR;SUL;30;45.05;2012;>= 3 anos;24;11398.28;1.7;984.0;3280.0;61;N;N;EF;640;;;;;N;9;0.0
obs6318;69;GO;CENTRO-OESTE;30;85.46;2022;0 Km;36;9337.07;0.0;984.0;1312.0;0;S;N;EF;720;1.0;A4;BOM;A1;;-1;0.0
obs1195;56;SP;SULDESTE;30;47.06;2018;>= 3 anos;36;23445.61;1.02;6560.0;6068.0;12;N;N;EF;684;;;;;S;3;0.0
obs2236;73;PE;NORDESTE;30;20.23;2021;0 Km;60;40183.2;0.99;4592.0;1845.0;20;N;N;EF;760;3.0;A1;BOM;B3;S;0;0.0
obs666;57;MG;SULDESTE;30;5.84;2021;0 Km;48;83865.07;1.25;8200.0;4387.0;28;N;N;EF;720;2.0;A4;BOM;C2;S;0;0.0
obs4481;36;SP;SULDESTE;30;40.91;2021;0 Km;37;54738.27;0.98;6560.0;4264.0;30;N;N;EF;706;3.0;A2;PESS;A2;S;0;0.0
obs3497;29;PA;NORTE;30;21.09;2022;0 Km;49;34259.98;1.16;4756.0;615.0;21;N;N;EF;682;2.0;A1;RUIM;B3;S;-1;0.0
obs2720;53;MG;SULDESTE;30;0.0;2012;>= 3 anos;48;34280.01;2.18;9840.0;4264.0;11;N;N;EF;661;;;;;N;9;0.0
obs9038;33;GO;CENTRO-OESTE;30;57.78;2013;>= 3 anos;36;13707.72;1.28;4510.0;4264.0;11;N;N;EF;671;;;;;S;8;0.0
obs5412;53;SP;SULDESTE;30;32.29;2022;0 Km;49;28633.11;1.05;3854.0;1845.0;21;N;N;EF;755;3.0;A4;BOM;B3;S;-1;0.0
obs2598;60;PR;SUL;30;51.4;2021;0 Km;36;45761.94;0.75;9020.0;4551.0;0;N;N;EF;768;3.0;A1;BOM;A1;N;0;0.0
obs7766;68;SP;SULDESTE;30;71.66;2022;0 Km;60;12978.48;1.07;3116.0;3280.0;9;N;N;EF;679;3.0;A4;RUIM;A3;S;-1;0.0
obs6223;62;DF;CENTRO-OESTE;30;37.87;2021;0 Km;24;54108.53;0.57;14760.0;11808.0;0;N;N;EF;777;3.0;A2;BOM;B1;S;0;0.0
obs6781;42;BA;NORDESTE;30;58.66;2022;0 Km;24;27083.99;0.44;4100.0;2542.0;0;S;N;EF;710;2.0;A2;BOM;A1;N;-1;0.0
obs9738;44;AC;NORTE;30;51.84;2022;0 Km;49;45019.18;1.01;2460.0;2952.0;54;N;N;EF;737;3.0;A2;BOM;A3;S;-1;0.0
obs7506;64;PR;SUL;30;21.98;2021;0 Km;49;70027.1;0.88;4592.0;1804.0;42;N;N;EF;672;1.0;A1;RUIM;B3;;0;0.0
obs3897;32;SP;SULDESTE;30;53.96;2022;0 Km;36;20615.31;0.7;3198.0;820.0;21;N;N;EF;737;3.0;A4;BOM;A1;N;-1;0.0
obs5476;53;BA;NORDESTE;30;50.49;2021;0 Km;36;37377.9;1.18;6560.0;1845.0;19;N;N;EF;660;3.0;A1;BOM;A1;S;0;0.0
obs4364;45;SP;SULDESTE;30;51.33;2017;>= 3 anos;12;16382.31;1.5;4920.0;1312.0;31;N;N;EF;646;;;;;;4;0.0
obs7868;61;SP;SULDESTE;30;71.51;2022;0 Km;24;25261.65;0.0;4264.0;2624.0;0;N;N;EF;777;3.0;A4;BOM;A1;S;-1;0.0
obs1292;47;SC;SUL;30;42.47;2018;>= 3 anos;60;20611.28;1.24;2296.0;2542.0;22;N;N;EF;640;;;;;S;3;0.0
obs5838;58;RS;SUL;30;87.34;2018;>= 3 anos;12;9351.88;0.8;4100.0;1517.0;20;N;N;EF;717;;;;;;3;0.0
obs2943;49;SP;SULDESTE;30;44.79;2021;0 Km;48;32903.87;1.26;18040.0;8364.0;5;N;N;EF;663;2.0;A4;RUIM;A2;N;0;1.0
obs1834;31;PE;NORDESTE;30;21.42;2021;0 Km;60;39834.61;1.51;3252.12;3239.0;32;N;N;EF;691;1.0;A4;RUIM;B3;;0;0.0
obs1050;44;DF;CENTRO-OESTE;30;31.3;2021;0 Km;48;35027.66;1.42;3444.0;820.0;0;N;N;EF;667;2.0;A2;RUIM;B2;S;0;0.0
obs8912;74;BA;NORDESTE;30;29.59;2022;0 Km;48;30575.08;1.21;3690.0;3280.0;23;N;N;EF;747;1.0;A2;BOM;B2;S;-1;0.0
obs3408;56;BA;NORDESTE;30;28.0;2022;0 Km;49;56247.25;0.93;6970.0;1968.0;23;N;N;EF;711;3.0;A2;RUIM;B3;S;-1;0.0
obs9056;44;BA;NORDESTE;30;55.9;2022;0 Km;48;18623.91;1.04;4510.0;3403.0;11;N;N;EF;678;3.0;A2;PESS;A2;S;-1;0.0
obs9140;55;SC;SUL;30;56.52;2013;>= 3 anos;48;17683.79;1.88;4272.2;492.0;13;N;N;EF;649;;;;;N;8;0.0
obs1713;51;SP;SULDESTE;30;0.0;2021;0 Km;60;46152.13;1.25;6560.0;1640.0;16;N;N;EF;755;3.0;A2;BOM;C3;S;0;0.0
obs3843;62;DF;CENTRO-OESTE;30;72.03;2021;0 Km;24;25813.83;0.0;7790.0;5986.0;14;N;N;EF;760;3.0;A2;BOM;A1;S;0;0.0
obs680;40;PR;SUL;30;0.0;2014;>= 3 anos;48;16971.01;1.69;2460.0;1394.0;21;S;N;EF;689;;;;;N;7;0.0
obs1210;63;PI;NORDESTE;30;53.46;2021;0 Km;36;29764.38;0.88;3280.0;2542.0;0;N;N;EF;764;3.0;A4;BOM;A1;S;0;0.0
obs8837;42;SE;NORDESTE;30;11.74;2018;>= 3 anos;60;31757.28;2.01;5330.0;5986.0;0;N;N;EF;642;;;;;S;3;0.0
obs8947;84;PA;NORTE;30;20.78;2021;0 Km;48;126908.77;1.19;16400.0;3116.0;0;N;N;EF;764;3.0;A4;BOM;B2;S;0;0.0
obs6840;59;RJ;SULDESTE;30;41.12;2021;0 Km;37;51066.37;0.74;7380.0;8446.0;23;N;N;EF;760;3.0;A4;BOM;A2;S;0;0.0
obs7290;66;MA;NORDESTE;30;42.7;2019;2 anos;60;16134.37;1.49;1640.0;1066.0;0;N;N;EF;654;;;;;;2;0.0
obs6238;45;RS;SUL;30;60.48;2022;0 Km;48;31991.79;0.78;9840.0;4305.0;8;N;N;EF;742;1.0;A4;BOM;A2;;-1;0.0
obs8165;52;DF;CENTRO-OESTE;30;37.6;2022;0 Km;48;49199.91;0.88;2460.0;1886.0;53;N;N;EF;755;3.0;A2;BOM;B2;S;-1;0.0
obs1687;59;RJ;SULDESTE;30;0.0;2014;>= 3 anos;48;39007.51;2.16;4920.0;1927.0;27;N;N;EF;688;;;;;;7;0.0
obs8141;40;RJ;SULDESTE;30;48.88;2022;0 Km;49;22655.68;1.22;4920.0;1845.0;14;N;N;EF;669;2.0;A2;RUIM;A3;S;-1;0.0
obs540;45;PE;NORDESTE;30;61.04;2021;0 Km;24;34887.25;0.0;4100.0;902.0;35;N;N;EF;755;3.0;A2;BOM;A1;S;0;0.0
obs5309;45;SC;SUL;30;33.05;2021;2 anos;60;26813.79;1.09;4592.0;4305.0;0;N;N;EF;691;;;;;N;0;0.0
obs127;84;SP;SULDESTE;30;59.75;2021;0 Km;18;21947.52;0.0;15580.0;1886.0;0;N;N;EF;737;3.0;A4;BOM;A1;N;0;0.0
obs5714;62;PE;NORDESTE;30;3.3;2022;0 Km;60;42235.48;1.33;3121.22;1189.0;34;N;N;EF;707;1.0;A1;BOM;C3;;-1;0.0
obs7200;55;MS;CENTRO-OESTE;30;10.05;2012;>= 3 anos;48;30866.89;1.7;4100.0;1681.0;24;N;N;EF;701;;;;;N;9;1.0
obs2604;60;RS;SUL;30;63.25;2021;0 Km;24;30384.5;0.0;4920.0;4305.0;26;N;N;EF;760;2.0;A4;BOM;A1;N;0;0.0
obs9386;65;GO;CENTRO-OESTE;30;25.01;2021;0 Km;48;55305.04;1.52;5740.0;1968.0;28;N;N;EF;692;3.0;A4;PESS;B2;S;0;0.0
obs6790;48;SC;SUL;30;8.3;2021;0 Km;60;48634.49;1.39;3280.0;1845.0;0;N;S;EF;719;3.0;A2;BOM;C3;S;0;0.0
obs2317;46;RJ;SULDESTE;30;25.81;2018;>= 3 anos;48;29545.51;1.65;3690.0;4264.0;24;N;N;EF;681;;;;;S;3;0.0
obs2763;43;CE;NORDESTE;30;49.27;2021;0 Km;24;30572.88;0.75;4920.0;1845.0;29;N;N;EF;678;2.0;A1;BOM;A1;S;0;0.0
obs1970;35;ES;SULDESTE;30;43.33;2021;0 Km;48;55239.48;0.99;4920.0;1558.0;29;N;N;EF;691;3.0;A1;BOM;A2;S;0;0.0
obs4502;51;MA;NORDESTE;30;35.65;2022;0 Km;60;48723.49;1.08;3864.96;2419.0;30;N;N;EF;691;3.0;A1;RUIM;B3;S;-1;0.0
obs1527;66;GO;CENTRO-OESTE;30;29.34;2021;0 Km;60;45240.75;1.54;4920.0;6027.0;23;N;N;EF;681;3.0;A4;PESS;B3;S;0;0.0
obs7078;70;SC;SUL;60;57.87;2018;>= 3 anos;36;14679.19;1.33;2378.0;1886.0;22;N;N;EF;643;;;;;S;3;0.0
obs1282;37;SP;SULDESTE;30;63.0;2021;0 Km;18;27007.97;0.0;4920.0;2624.0;32;N;N;EF;746;3.0;A2;BOM;A1;N;0;0.0
obs2025;44;GO;CENTRO-OESTE;30;0.0;2022;0 Km;60;40093.09;1.23;12300.0;2624.0;0;N;N;EF;750;3.0;A2;BOM;C3;S;-1;0.0
obs9411;62;RR;NORTE;30;18.87;2021;0 Km;48;55762.8;1.3;4100.0;1107.0;40;N;N;EF;720;1.0;A2;BOM;C2;;0;1.0
obs1120;40;ES;SULDESTE;30;62.07;2021;0 Km;37;19830.6;1.14;2050.0;861.0;36;S;N;EF;737;3.0;A2;BOM;A2;S;0;0.0
obs148;54;PA;NORTE;30;43.04;2021;0 Km;49;45674.34;0.93;8200.0;1312.0;16;N;N;EF;659;1.0;A1;BOM;A3;;0;0.0
obs9131;45;MG;SULDESTE;30;9.26;2021;0 Km;48;52074.38;1.39;6560.0;6068.0;22;N;N;EF;700;3.0;A4;RUIM;C2;S;0;0.0
obs6404;49;SP;SULDESTE;30;42.45;2022;0 Km;48;33983.17;1.01;6560.0;1394.0;0;N;N;EF;763;3.0;A2;BOM;A2;S;-1;0.0
obs8492;47;MA;NORDESTE;30;66.95;2022;0 Km;12;17858.4;0.23;20500.0;656.0;7;N;N;EF;746;3.0;A2;BOM;A1;S;-1;0.0
obs432;64;RJ;SULDESTE;30;63.72;2021;0 Km;48;17596.31;0.83;4510.0;1394.0;10;N;N;EF;692;3.0;A4;RUIM;A2;N;0;0.0
obs527;42;AL;NORDESTE;30;71.38;2021;0 Km;12;14557.49;1.19;4264.0;1599.0;32;S;N;EF;693;3.0;A1;RUIM;A1;S;0;0.0
obs3791;54;PR;SUL;30;51.01;2022;0 Km;24;21109.28;0.71;2870.0;1845.0;35;N;N;EF;747;1.0;A2;BOM;A1;;-1;0.0
obs7753;68;RS;SUL;30;75.59;2021;0 Km;18;16226.77;0.0;3690.0;1886.0;25;N;N;EF;692;3.0;A4;PESS;A1;S;0;0.0
obs3965;60;SP;SULDESTE;30;45.55;2022;0 Km;36;22493.01;0.62;4018.0;2501.0;0;N;N;EF;777;3.0;A4;BOM;A1;N;-1;0.0
obs7138;47;SC;SUL;60;78.7;2012;>= 3 anos;48;10047.79;1.64;3280.0;1722.0;9;N;N;EF;646;;;;;N;9;0.0
obs2690;40;SP;SULDESTE;30;34.83;2018;>= 3 anos;48;44511.01;1.25;6970.0;4305.0;18;N;N;EF;700;;;;;N;3;0.0
obs9829;43;SP;SULDESTE;30;6.44;2022;0 Km;60;45099.33;1.2;3198.0;1845.0;0;N;N;EF;723;2.0;A1;RUIM;C3;S;-1;0.0
obs3289;45;RS;SUL;30;63.0;2021;0 Km;24;31411.69;0.0;6150.0;2911.0;21;N;N;EF;755;3.0;A4;BOM;A1;S;0;0.0
obs632;35;SC;SUL;30;47.56;2016;>= 3 anos;36;18933.34;1.25;3280.0;2542.0;20;N;N;EF;677;;;;;N;5;0.0
obs6244;47;ES;SULDESTE;30;49.66;2022;0 Km;48;30457.45;1.24;4920.0;6027.0;18;N;N;EF;702;3.0;A2;RUIM;A2;S;-1;0.0
obs4809;46;MG;SULDESTE;30;5.3;2021;0 Km;60;40786.38;1.14;5740.0;3362.0;16;N;N;EF;755;3.0;A2;BOM;C3;N;0;0.0
obs6834;41;PA;NORTE;30;22.68;2022;0 Km;49;60168.63;0.93;3690.0;902.0;0;N;N;EF;697;1.0;A2;BOM;B3;S;-1;0.0
obs3496;35;SP;SULDESTE;30;44.39;2014;>= 3 anos;48;14232.61;0.89;2460.0;1804.0;15;N;N;EF;700;;;;;S;7;0.0
obs5649;47;BA;NORDESTE;30;70.73;2014;>= 3 anos;36;10965.64;1.06;4100.0;3239.0;9;N;N;EF;675;;;;;N;7;0.0
obs7376;41;SP;SULDESTE;30;19.76;2022;0 Km;60;71575.65;1.62;5740.0;3198.0;32;N;N;EF;678;1.0;A2;BOM;C3;S;-1;0.0
obs3395;34;PA;NORTE;30;72.66;2022;0 Km;24;25018.13;0.0;4920.0;1271.0;22;N;N;EF;746;1.0;A2;BOM;A1;;-1;0.0
obs7888;35;SC;SUL;30;40.0;2018;>= 3 anos;60;30963.79;1.13;3690.0;1845.0;20;N;N;EF;664;;;;;N;3;0.0
obs2471;35;PA;NORTE;30;20.69;2014;>= 3 anos;48;26116.22;2.29;3731.0;1312.0;0;N;N;EF;668;;;;;S;7;0.0
obs6120;51;MG;SULDESTE;30;20.17;2022;0 Km;60;53399.23;1.09;4100.0;1968.0;31;N;N;EF;746;3.0;A4;BOM;B3;S;-1;0.0
obs1459;42;RJ;SULDESTE;30;48.0;2021;0 Km;37;78134.94;1.28;5330.0;2583.0;59;N;N;EF;693;1.0;A2;PESS;A2;;0;0.0
obs5919;64;SP;SULDESTE;30;74.57;2021;0 Km;24;18621.65;0.45;4920.0;1189.0;0;N;N;EF;764;3.0;A4;RUIM;A1;N;0;0.0
obs8337;44;AL;NORDESTE;30;30.16;2022;0 Km;60;30706.68;1.44;3690.0;1845.0;21;N;S;EF;665;3.0;A2;BOM;B3;S;-1;0.0
obs6017;50;SP;SULDESTE;30;46.99;2021;0 Km;60;27769.91;0.88;8200.0;1886.0;7;N;N;EF;755;3.0;A4;BOM;A3;S;0;0.0
obs7785;46;SP;SULDESTE;30;37.88;2021;0 Km;37;34549.35;1.01;6560.0;2050.0;18;N;N;EF;687;3.0;A4;PESS;B2;N;0;0.0
obs3223;54;RJ;SULDESTE;30;43.67;2012;>= 3 anos;48;11617.51;1.0;3280.0;246.0;9;N;N;EF;711;;;;;S;9;0.0
obs7289;32;PE;NORDESTE;30;11.8;2022;0 Km;60;38438.64;1.33;2460.0;1312.0;39;N;N;EF;693;1.0;A2;RUIM;C3;;-1;0.0
obs4547;54;MG;SULDESTE;30;8.07;2021;0 Km;60;38669.88;1.29;4100.0;2501.0;0;N;N;EF;723;1.0;A4;BOM;C3;N;0;0.0
obs9202;22;DF;CENTRO-OESTE;30;59.75;2021;0 Km;36;39056.75;0.54;6478.0;1066.0;19;N;N;EF;729;3.0;A1;BOM;A1;N;0;0.0
obs8005;56;SP;SULDESTE;30;39.58;2015;>= 3 anos;48;20042.61;1.48;4920.0;1312.0;11;S;N;EF;671;;;;;N;6;0.0
obs1808;60;PE;NORDESTE;30;41.67;2019;2 anos;48;29559.91;1.16;4510.0;8323.0;18;N;N;EF;678;;;;;S;2;0.0
obs3868;27;SC;SUL;30;64.81;2015;>= 3 anos;48;16853.79;1.1;2050.0;779.0;23;N;N;EF;687;;;;;N;6;0.0
obs3426;52;SP;SULDESTE;30;52.75;2016;>= 3 anos;24;18132.78;0.92;2870.0;1845.0;31;N;S;EF;672;;;;;N;5;0.0
obs7487;43;PA;NORTE;30;30.52;2022;0 Km;49;32423.39;1.16;2460.0;861.0;40;N;N;EF;737;3.0;A2;RUIM;B3;N;-1;0.0
obs7830;39;MG;SULDESTE;30;36.06;2022;0 Km;49;60665.71;0.83;12300.0;1845.0;13;N;N;EF;746;3.0;A2;BOM;B3;N;-1;0.0
obs30;48;BA;NORDESTE;30;36.56;2021;0 Km;49;26651.11;1.16;3116.0;820.0;25;N;N;EF;659;1.0;A2;RUIM;B3;;0;0.0
obs2412;68;RS;SUL;30;64.2;2022;0 Km;24;14686.06;0.28;1230.0;6068.0;52;N;N;EF;705;3.0;A2;BOM;A1;N;-1;0.0
obs4863;52;GO;CENTRO-OESTE;30;39.47;2022;0 Km;60;48054.45;1.37;7380.0;1845.0;16;N;N;EF;674;3.0;A2;RUIM;B3;S;-1;0.0
obs1124;47;SP;SULDESTE;30;45.46;2016;>= 3 anos;48;20947.31;1.28;4100.0;3239.0;14;N;N;EF;662;;;;;N;5;0.0
obs1588;59;SP;SULDESTE;30;83.58;2021;0 Km;12;8287.53;0.58;4100.0;0.0;18;N;N;EF;692;3.0;A0;BOM;A1;S;0;0.0
obs8171;55;RJ;SULDESTE;30;15.88;2022;0 Km;60;36850.34;1.87;5330.0;1189.0;20;N;N;EF;692;1.0;A4;RUIM;C3;;-1;1.0
obs9002;52;BA;NORDESTE;30;59.88;2021;0 Km;48;28751.57;1.32;6560.0;1394.0;12;N;N;EF;687;1.0;A2;BOM;A2;;0;0.0
obs7611;53;MG;SULDESTE;30;61.83;2022;0 Km;36;21745.06;0.67;2460.0;1312.0;28;N;N;EF;755;3.0;A1;BOM;A1;N;-1;0.0
obs3610;43;RJ;SULDESTE;30;56.82;2021;0 Km;60;32203.17;1.03;4920.0;3977.0;14;N;N;EF;697;3.0;A2;BOM;A3;N;0;0.0
obs2525;57;CE;NORDESTE;30;28.04;2021;0 Km;37;66885.55;0.81;5740.0;902.0;0;N;N;EF;728;2.0;A2;RUIM;B2;S;0;0.0
obs6193;71;BA;NORDESTE;30;71.72;2022;0 Km;48;17119.97;0.9;3690.0;1517.0;12;N;N;EF;760;3.0;A2;BOM;A2;S;-1;0.0
obs5709;76;RJ;SULDESTE;30;20.1;2022;0 Km;60;53439.72;1.13;3362.0;1271.0;36;N;N;EF;747;1.0;A4;BOM;B3;;-1;0.0
obs2474;34;PB;NORDESTE;30;20.93;2022;0 Km;49;63124.0;0.83;9020.0;1845.0;19;N;N;EF;706;3.0;A2;RUIM;B3;S;-1;0.0
obs5520;54;SC;SUL;30;36.15;2018;>= 3 anos;60;23809.19;1.42;11480.0;5986.0;0;S;N;EF;664;;;;;S;3;0.0
obs1094;61;PB;NORDESTE;30;58.55;2021;0 Km;24;19582.41;0.85;8200.0;1886.0;11;N;N;EF;705;3.0;A2;PESS;A1;S;0;0.0
obs1803;53;SC;SUL;30;28.03;2021;0 Km;49;67432.33;0.93;4510.0;1353.0;43;N;N;EF;746;1.0;A2;BOM;B3;S;0;0.0
obs9679;41;SP;SULDESTE;30;57.5;2022;0 Km;36;17984.05;0.67;6970.0;6027.0;8;N;N;EF;746;3.0;A2;BOM;A1;N;-1;0.0
obs4607;52;SP;SULDESTE;30;0.0;2021;0 Km;48;73434.02;1.37;6560.0;1845.0;33;N;N;EF;687;3.0;A1;RUIM;C2;S;0;0.0
obs2361;47;SP;SULDESTE;30;20.0;2012;>= 3 anos;48;21619.61;2.15;2460.0;3239.0;30;N;N;EF;657;;;;;S;9;0.0
obs7924;38;PA;NORTE;30;31.85;2022;0 Km;49;29611.35;1.16;4100.0;8487.0;21;N;N;EF;697;3.0;A2;RUIM;B3;S;-1;0.0
obs4033;50;SP;SULDESTE;30;29.11;2021;0 Km;60;34144.31;1.16;4100.0;1845.0;19;S;N;EF;702;1.0;A4;BOM;B3;;0;0.0
obs698;38;SE;NORDESTE;30;52.24;2018;>= 3 anos;60;27763.34;1.16;5330.0;2050.0;12;N;N;EF;700;;;;;S;3;0.0
obs9377;35;ES;SULDESTE;30;23.4;2017;>= 3 anos;48;42713.12;1.52;4264.0;2542.0;0;S;N;EF;689;;;;;;4;0.0
obs2407;66;PE;NORDESTE;30;0.0;2022;0 Km;60;46665.38;1.23;3936.0;3280.0;29;N;N;EF;747;3.0;A2;BOM;C3;S;-1;0.0
obs9773;43;ES;SULDESTE;30;71.79;2022;0 Km;48;23682.88;1.03;4100.0;8446.0;15;N;N;EF;737;3.0;A2;BOM;A2;S;-1;0.0
obs3658;69;RJ;SULDESTE;30;28.26;2022;0 Km;37;38624.59;1.08;2788.0;2542.0;51;N;N;EF;683;3.0;A4;RUIM;B2;N;-1;0.0
obs3999;41;MT;CENTRO-OESTE;30;24.96;2022;0 Km;48;41101.31;1.16;4510.0;1558.0;25;S;N;EF;693;3.0;A2;BOM;B2;N;-1;0.0
obs3590;65;SC;SUL;30;0.0;2021;0 Km;60;40782.69;1.12;3116.0;1968.0;31;N;N;EF;747;3.0;A4;BOM;C3;S;0;0.0
obs6463;40;PR;SUL;30;22.99;2022;0 Km;36;28098.49;1.09;6150.0;5986.0;0;N;N;EF;695;3.0;A2;BOM;B1;N;-1;0.0
obs7532;35;PA;NORTE;30;52.39;2022;0 Km;48;32650.15;0.97;4838.0;1763.0;0;N;N;EF;710;3.0;A2;RUIM;A2;S;-1;0.0
obs1619;76;SE;NORDESTE;30;20.0;2021;0 Km;60;27646.02;1.31;2296.0;1312.0;29;N;N;EF;707;3.0;A2;BOM;C3;N;0;0.0
obs3788;46;BA;NORDESTE;30;56.25;2014;>= 3 anos;36;11960.94;0.96;3690.0;1804.0;11;N;N;EF;651;;;;;S;7;0.0
obs5227;46;SC;SUL;30;0.0;2019;2 anos;60;32930.89;1.65;3116.0;1845.0;28;N;N;EF;668;;;;;S;2;0.0
obs7353;43;RS;SUL;30;48.0;2019;2 anos;48;21493.95;0.93;6724.0;6068.0;8;N;N;EF;676;;;;;S;2;0.0
obs5625;56;SP;SULDESTE;30;25.38;2022;0 Km;48;61781.65;0.83;4920.0;2665.0;32;N;N;EF;760;3.0;A4;BOM;B2;S;-1;0.0
obs3712;32;SP;SULDESTE;30;57.15;2022;0 Km;48;19454.97;1.17;4018.0;1230.0;13;N;N;EF;693;2.0;A1;RUIM;A2;S;-1;0.0
obs2644;42;SE;NORDESTE;30;65.26;2019;2 anos;48;16228.14;1.16;2870.0;1845.0;16;N;N;EF;664;;;;;S;2;0.0
obs6303;34;SC;SUL;30;13.96;2022;0 Km;48;40334.49;1.21;4387.0;1845.0;26;N;N;EF;697;1.0;A2;BOM;C2;S;-1;1.0
obs7807;49;SE;NORDESTE;30;12.32;2022;0 Km;60;41136.28;1.61;4100.0;2050.0;27;N;N;EF;691;3.0;A2;RUIM;C3;S;-1;1.0
obs8711;24;SP;SULDESTE;30;60.03;2022;0 Km;36;19038.98;0.62;902.0;1558.0;66;N;N;EF;738;1.0;A1;BOM;A1;;-1;0.0
obs3213;56;RN;NORDESTE;30;36.03;2022;0 Km;49;30268.44;1.16;4920.0;1968.0;18;N;N;EF;751;1.0;A2;BOM;B3;S;-1;0.0
obs8509;37;MA;NORDESTE;30;46.42;2022;0 Km;37;23957.95;1.18;3280.0;2624.0;0;N;N;EF;754;3.0;A2;BOM;A2;N;-1;0.0
obs5651;47;SC;SUL;30;82.12;2021;0 Km;24;7866.55;0.88;2952.0;1312.0;13;N;S;EF;742;3.0;A4;BOM;A1;N;0;0.0
obs8374;57;DF;CENTRO-OESTE;30;11.24;2021;0 Km;60;46887.53;1.58;4510.0;1189.0;0;N;N;EF;692;1.0;A2;BOM;C3;;0;1.0
obs5902;34;PE;NORDESTE;30;22.78;2022;0 Km;49;33916.58;1.05;3353.8;1312.0;0;N;N;EF;763;2.0;A2;BOM;B3;N;-1;0.0
obs1494;35;PB;NORDESTE;30;31.58;2017;>= 3 anos;36;28000.89;0.99;9840.0;2583.0;9;N;N;EF;661;;;;;S;4;0.0
obs6888;46;RJ;SULDESTE;30;63.36;2021;0 Km;24;32633.28;0.0;4920.0;2419.0;0;N;N;EF;732;3.0;A2;RUIM;A1;S;0;0.0
obs3588;40;DF;CENTRO-OESTE;30;63.0;2022;0 Km;24;31852.91;0.0;5740.0;2624.0;23;N;N;EF;746;2.0;A2;BOM;A1;N;-1;0.0
obs5580;50;RS;SUL;30;52.14;2021;2 anos;36;36244.71;0.92;4100.0;1968.0;29;N;N;EF;687;;;;;S;0;0.0
obs8188;70;MG;SULDESTE;30;74.04;2022;0 Km;18;24146.54;0.85;6560.0;1845.0;23;N;N;EF;705;3.0;A4;BOM;A1;N;-1;0.0
obs2774;36;SP;SULDESTE;30;80.0;2021;0 Km;18;15145.61;0.78;6560.0;3239.0;14;N;N;EF;746;1.0;A1;BOM;A1;;0;0.0
obs8641;61;CE;NORDESTE;30;10.01;2022;0 Km;60;41666.68;1.76;3690.0;1066.0;31;N;N;EF;679;3.0;A1;BOM;C3;N;-1;0.0
obs6923;28;CE;NORDESTE;30;37.67;2022;0 Km;60;28134.51;0.88;2870.0;615.0;21;N;N;EF;746;3.0;A2;BOM;B3;N;-1;0.0
obs550;81;AM;NORTE;30;73.26;2021;0 Km;24;18486.86;1.19;8200.0;2911.0;10;N;N;EF;707;3.0;A1;BOM;A1;S;0;0.0
obs439;51;SC;SUL;30;28.65;2021;0 Km;49;66897.38;0.88;8200.0;1394.0;23;N;N;EF;706;1.0;A1;RUIM;B3;;0;0.0
obs1988;73;RS;SUL;30;60.1;2016;>= 3 anos;36;12068.54;1.02;4100.0;4387.0;10;N;N;EF;688;;;;;S;5;0.0
obs6976;44;TO;NORTE;30;32.77;2021;0 Km;60;46290.09;0.91;3936.0;820.0;0;N;N;EF;742;3.0;A2;BOM;B3;S;0;0.0
obs7141;68;RS;SUL;30;1.89;2022;0 Km;60;54249.61;1.39;5658.0;1066.0;24;N;N;EF;707;3.0;A2;BOM;C3;N;-1;0.0
obs8756;34;AM;NORTE;30;68.94;2015;>= 3 anos;18;7530.03;1.34;3690.0;1271.0;13;N;N;EF;694;;;;;S;6;0.0
obs3342;35;SP;SULDESTE;30;69.31;2021;0 Km;18;26518.27;0.0;5330.0;2747.0;27;N;N;EF;746;1.0;A2;BOM;A1;;0;0.0
obs3174;64;CE;NORDESTE;30;7.56;2021;0 Km;60;39664.04;1.61;4100.0;1517.0;26;N;N;EF;692;3.0;A2;RUIM;C3;S;0;0.0
obs8196;53;PE;NORDESTE;30;47.91;2022;0 Km;24;23334.08;0.83;5740.0;4305.0;18;N;N;EF;691;3.0;A1;BOM;A1;S;-1;0.0
obs8948;46;PR;SUL;30;76.06;2020;2 anos;48;15311.01;1.17;2460.0;2788.0;17;N;N;EF;662;;;;;N;1;0.0
obs4740;43;BA;NORDESTE;30;39.42;2021;0 Km;49;51781.85;0.93;5166.0;8405.0;28;N;N;EF;682;3.0;A2;BOM;B3;S;0;0.0
obs9512;48;DF;CENTRO-OESTE;30;57.04;2022;0 Km;18;56883.22;0.13;11808.0;11972.0;28;N;N;EF;715;3.0;A1;RUIM;A1;N;-1;0.0
obs1874;32;SC;SUL;30;34.88;2012;>= 3 anos;48;24323.79;1.49;2666.64;1845.0;27;N;N;EF;677;;;;;N;9;0.0
obs4711;61;SP;SULDESTE;30;31.58;2021;0 Km;36;54729.97;1.09;8200.0;1517.0;23;N;N;EF;707;1.0;A4;BOM;B1;;0;0.0
obs4311;63;RJ;SULDESTE;30;50.0;2018;>= 3 anos;36;15642.6;1.59;4100.0;861.0;14;N;N;EF;653;;;;;;3;0.0
obs3768;80;RJ;SULDESTE;30;56.51;2021;0 Km;36;38992.57;0.76;6560.0;5986.0;0;N;N;EF;768;2.0;A4;BOM;A1;N;0;0.0
obs2636;43;SC;SUL;30;42.75;2021;0 Km;60;23063.85;1.05;2378.0;1886.0;22;N;N;EF;737;3.0;A2;BOM;A3;S;0;0.0
obs4935;74;RJ;SULDESTE;30;54.53;2022;0 Km;30;33428.25;0.0;8200.0;7339.0;13;N;N;EF;760;3.0;A2;BOM;A1;S;-1;0.0
obs5145;44;AM;NORTE;30;24.81;2021;0 Km;60;48772.73;1.44;5740.0;2542.0;22;N;N;EF;693;3.0;A2;BOM;B3;S;0;0.0
obs2451;25;RS;SUL;30;81.95;2021;0 Km;18;15971.2;0.0;1558.0;1312.0;57;N;N;EF;670;1.0;A1;BOM;A1;;0;0.0
obs4008;41;MS;CENTRO-OESTE;30;22.22;2014;>= 3 anos;36;12749.89;1.72;4264.0;1927.0;11;N;N;EF;658;;;;;S;7;0.0
obs4581;48;RJ;SULDESTE;30;0.0;2021;0 Km;60;73370.34;1.23;8200.0;1312.0;22;N;N;EF;742;3.0;A1;BOM;C3;S;0;0.0
obs8635;64;SC;SUL;30;45.29;2021;0 Km;48;50309.84;0.88;3854.0;1353.0;33;N;N;EF;760;2.0;A1;BOM;A2;S;0;0.0
obs7808;79;GO;CENTRO-OESTE;30;48.33;2022;0 Km;60;23026.63;1.02;9840.0;3034.0;5;N;N;EF;707;3.0;A4;RUIM;A3;S;-1;0.0
obs2913;26;RR;NORTE;30;23.99;2021;0 Km;49;51412.18;1.05;6150.0;2337.0;0;N;N;EF;670;3.0;A1;BOM;B3;S;0;0.0
obs8422;20;GO;CENTRO-OESTE;30;50.0;2022;0 Km;48;40268.55;1.4;4100.0;697.0;29;S;N;EF;657;1.0;A2;BOM;A2;;-1;0.0
obs7424;65;RS;SUL;30;32.76;2022;0 Km;49;31645.68;1.16;3116.0;1886.0;30;N;N;EF;711;3.0;A2;BOM;B3;N;-1;0.0
obs8889;40;RJ;SULDESTE;30;14.88;2016;>= 3 anos;60;25726.68;1.84;3280.0;1927.0;22;N;N;EF;668;;;;;;5;0.0
obs6554;58;SP;SULDESTE;30;45.88;2022;0 Km;36;25263.31;0.93;3690.0;861.0;22;N;N;EF;747;2.0;A2;BOM;A1;N;-1;0.0
obs82;44;PE;NORDESTE;30;63.07;2021;0 Km;24;32812.25;0.0;4100.0;2542.0;33;S;N;EF;746;3.0;A2;BOM;A1;S;0;0.0
obs407;45;SP;SULDESTE;30;15.25;2021;0 Km;60;69907.51;1.47;15580.0;1353.0;11;N;N;EF;742;3.0;A4;RUIM;C3;S;0;1.0
obs3432;47;MG;SULDESTE;30;50.17;2021;0 Km;36;32367.78;0.67;6396.0;16031.0;16;N;N;EF;715;3.0;A4;PESS;A1;S;0;0.0
obs8699;77;BA;NORDESTE;30;22.04;2022;0 Km;49;34484.38;1.22;2378.0;2542.0;43;N;N;EF;672;1.0;A1;RUIM;B3;;-1;0.0
obs5658;35;SP;SULDESTE;30;74.72;2021;0 Km;36;21853.67;0.67;7380.0;2624.0;9;N;N;EF;733;3.0;A2;BOM;A1;S;0;0.0
obs118;32;SP;SULDESTE;30;29.27;2021;0 Km;60;41015.21;1.12;5330.0;1394.0;17;N;N;EF;706;3.0;A4;BOM;B3;S;0;0.0
obs2441;27;MA;NORDESTE;30;28.08;2021;0 Km;49;68084.9;1.07;6560.0;779.0;0;N;N;EF;674;3.0;A2;BOM;B3;N;0;0.0
obs1618;57;PB;NORDESTE;30;43.24;2021;0 Km;36;48170.72;0.62;8200.0;1845.0;0;N;N;EF;777;3.0;A2;BOM;A1;S;0;0.0
obs3313;60;BA;NORDESTE;30;27.45;2022;0 Km;60;55599.02;1.33;2460.0;1230.0;0;N;N;EF;668;1.0;A2;BOM;B3;;-1;0.0
obs8025;51;PI;NORDESTE;30;48.72;2021;0 Km;49;45345.33;1.01;3690.0;1353.0;36;N;N;EF;659;3.0;A2;RUIM;A3;S;0;0.0
obs308;80;PR;SUL;30;51.25;2021;0 Km;36;23371.45;0.86;3690.0;984.0;20;N;N;EF;707;1.0;A2;BOM;A1;;0;0.0
obs283;49;MT;CENTRO-OESTE;30;31.59;2015;>= 3 anos;48;22744.49;1.5;3280.0;1353.0;21;N;N;EF;651;;;;;S;6;0.0
obs2068;59;DF;CENTRO-OESTE;30;59.0;2021;0 Km;36;27902.94;1.06;6150.0;1927.0;15;N;N;EF;751;3.0;A2;RUIM;A1;S;0;0.0
obs5533;61;PA;NORTE;30;44.72;2022;0 Km;60;45874.37;1.13;8200.0;4387.0;12;N;N;EF;696;1.0;A2;RUIM;A3;S;-1;0.0
obs6894;69;MG;SULDESTE;30;62.3;2021;0 Km;24;29995.55;0.0;5740.0;11767.0;23;N;N;EF;760;3.0;A4;BOM;A1;N;0;0.0
obs2185;59;PA;NORTE;30;25.72;2021;0 Km;49;60946.34;0.93;5740.0;492.0;30;N;N;EF;696;1.0;A2;BOM;B3;;0;0.0
obs8580;38;SC;SUL;30;51.83;2022;0 Km;48;27840.21;1.21;3198.0;1312.0;25;N;N;EF;678;1.0;A2;BOM;A2;;-1;0.0
obs2650;48;RN;NORDESTE;30;57.57;2022;0 Km;60;17508.02;0.99;6848.64;5945.0;5;N;N;EF;755;3.0;A2;BOM;A3;N;-1;0.0
obs5189;28;SP;SULDESTE;30;28.15;2018;>= 3 anos;48;28421.71;1.6;3198.0;820.0;27;N;N;EF;666;;;;;N;3;0.0
obs2346;34;SP;SULDESTE;30;40.45;2021;0 Km;37;49658.67;0.98;14760.0;1722.0;12;N;N;EF;746;3.0;A2;BOM;A2;N;0;0.0
obs4254;34;MG;SULDESTE;30;43.26;2021;0 Km;36;55271.54;0.72;6896.17;4264.0;26;N;N;EF;746;3.0;A2;BOM;A1;S;0;0.0
obs7020;52;RJ;SULDESTE;30;55.67;2022;0 Km;36;33702.98;0.57;16400.0;2788.0;6;N;N;EF;700;2.0;A2;BOM;A1;S;-1;0.0
obs7665;23;DF;CENTRO-OESTE;30;36.56;2021;0 Km;37;37670.38;1.14;3280.0;738.0;43;N;N;EF;729;1.0;A2;BOM;B2;;0;0.0
obs899;42;DF;CENTRO-OESTE;30;26.3;2021;0 Km;48;61496.36;1.46;6141.8;8282.0;29;N;N;EF;678;3.0;A2;RUIM;B2;S;0;0.0
obs5210;38;SP;SULDESTE;30;1.82;2022;0 Km;60;45467.17;1.28;4920.0;1312.0;0;N;N;EF;750;3.0;A1;BOM;C3;N;-1;0.0
obs9592;50;DF;CENTRO-OESTE;30;45.47;2017;>= 3 anos;36;26135.87;1.44;5740.0;1804.0;16;N;N;EF;651;;;;;;4;0.0
obs4134;47;BA;NORDESTE;30;59.4;2021;0 Km;36;32811.37;0.92;8200.0;1927.0;13;N;N;EF;755;3.0;A2;RUIM;A1;S;0;0.0
obs246;48;SP;SULDESTE;30;55.89;2021;0 Km;37;27556.42;1.09;5731.8;3321.0;17;N;N;EF;678;3.0;A2;RUIM;A2;S;0;0.0
obs4900;43;SP;SULDESTE;30;45.91;2021;0 Km;36;51899.67;0.67;8200.0;1435.0;20;N;N;EF;746;3.0;A2;BOM;A1;S;0;0.0
obs9062;49;PE;NORDESTE;30;25.14;2022;0 Km;49;36365.08;1.1;3198.0;492.0;33;N;N;EF;687;3.0;A1;BOM;B3;N;-1;0.0
obs7442;33;RS;SUL;30;45.25;2017;>= 3 anos;24;21137.88;0.83;8610.0;4223.0;11;N;N;EF;710;;;;;S;4;0.0
obs128;62;PE;NORDESTE;30;29.55;2021;0 Km;49;37852.01;1.05;2624.0;1845.0;43;N;S;EF;720;1.0;A2;RUIM;B3;S;0;0.0
obs1754;37;SP;SULDESTE;30;43.91;2021;0 Km;48;26232.13;1.33;15580.0;11767.0;4;N;N;EF;625;3.0;A0;BOM;A2;N;0;1.0
obs5375;29;SC;SUL;30;25.66;2013;>= 3 anos;48;21999.79;1.49;2624.0;1312.0;25;N;N;EF;700;;;;;S;8;0.0
obs6084;36;AP;NORTE;30;41.11;2022;0 Km;60;46085.75;0.91;3756.42;1804.0;27;N;N;EF;733;1.0;A2;BOM;A3;N;-1;0.0
obs3059;46;MT;CENTRO-OESTE;30;11.94;2022;0 Km;48;37669.55;1.39;6888.0;5904.0;16;N;N;EF;702;3.0;A1;BOM;C2;S;-1;0.0
obs8458;49;PR;SUL;30;45.1;2020;2 anos;36;35546.41;1.21;4018.0;1845.0;31;N;N;EF;708;;;;;N;1;0.0
obs2006;56;MA;NORDESTE;30;40.3;2021;0 Km;49;30975.35;1.16;3484.18;943.0;27;N;N;EF;711;3.0;A2;RUIM;A3;;0;0.0
obs5399;50;PE;NORDESTE;30;22.37;2012;>= 3 anos;36;14956.06;1.92;2870.0;1107.0;21;N;N;EF;672;;;;;N;9;0.0
obs9387;48;GO;CENTRO-OESTE;30;53.08;2021;0 Km;60;92558.55;0.93;20500.0;2829.0;9;N;N;EF;755;3.0;A4;BOM;A3;S;0;0.0
obs1110;42;RJ;SULDESTE;30;0.0;2020;2 anos;60;33197.51;1.75;2870.0;1845.0;31;N;N;EF;668;;;;;N;1;0.0
obs2691;39;SP;SULDESTE;30;33.34;2012;>= 3 anos;36;17627.31;1.01;6560.0;4305.0;0;N;N;EF;680;;;;;S;9;0.0
obs3299;61;MT;CENTRO-OESTE;30;27.78;2021;0 Km;49;69167.22;1.19;11480.0;5986.0;18;N;N;EF;747;3.0;A4;BOM;B3;S;0;0.0
obs5836;60;BA;NORDESTE;30;42.5;2022;0 Km;60;34441.65;1.26;984.0;943.0;87;N;N;EF;683;1.0;A2;BOM;A3;;-1;0.0
obs8257;32;AL;NORDESTE;30;29.92;2021;0 Km;48;129263.74;1.63;17220.0;820.0;22;N;N;EF;682;2.0;A2;RUIM;B2;S;0;1.0
obs3803;63;PE;NORDESTE;30;76.61;2022;0 Km;24;18510.95;0.0;5740.0;2009.0;13;N;N;EF;760;3.0;A2;BOM;A1;N;-1;0.0
obs1599;52;BA;NORDESTE;30;27.68;2021;0 Km;48;44126.61;1.11;4920.0;8446.0;24;N;S;EF;668;3.0;A4;PESS;B2;N;0;0.0
obs7860;47;MG;SULDESTE;30;60.0;2022;0 Km;12;15948.55;0.0;24600.0;3239.0;0;N;N;EF;732;3.0;A4;BOM;A1;N;-1;0.0
obs8854;49;BA;NORDESTE;30;29.01;2022;0 Km;49;52081.83;0.97;7380.0;15826.0;0;N;N;EF;715;3.0;A2;RUIM;B3;S;-1;0.0
obs4541;43;BA;NORDESTE;30;30.04;2022;0 Km;49;40852.41;1.05;3690.0;1886.0;31;N;N;EF;746;2.0;A2;BOM;B3;S;-1;0.0
obs9591;39;MA;NORDESTE;30;41.67;2019;2 anos;60;30202.87;1.62;4100.0;1845.0;20;N;N;EF;636;;;;;S;2;0.0
obs3016;32;PR;SUL;30;64.87;2022;0 Km;24;25981.05;0.0;5330.0;1845.0;21;N;N;EF;746;3.0;A2;BOM;A1;N;-1;0.0
obs7981;49;PE;NORDESTE;30;17.02;2022;0 Km;49;66227.65;0.9;4756.0;861.0;40;N;N;EF;715;3.0;A1;RUIM;C3;S;-1;0.0
obs2284;36;RJ;SULDESTE;30;31.35;2020;2 anos;48;39082.21;1.33;3690.0;2583.0;0;N;N;EF;643;;;;;S;1;1.0
obs9384;87;BA;NORDESTE;30;55.55;2022;0 Km;24;30832.79;0.48;5330.0;2050.0;0;N;N;EF;690;3.0;A2;BOM;A1;S;-1;0.0
obs3572;71;MA;NORDESTE;30;32.58;2021;0 Km;60;45570.74;1.1;3690.0;1558.0;28;N;N;EF;707;3.0;A2;BOM;B3;;0;0.0
obs2529;48;DF;CENTRO-OESTE;30;35.54;2022;0 Km;60;52857.66;1.05;7380.0;8446.0;16;N;N;EF;755;3.0;A4;BOM;B3;S;-1;0.0
obs7582;55;CE;NORDESTE;30;9.31;2022;0 Km;60;40418.51;1.12;6396.0;4387.0;0;N;N;EF;764;2.0;A1;BOM;C3;S;-1;0.0
obs6872;47;BA;NORDESTE;30;54.9;2022;0 Km;24;35191.68;0.56;6560.0;3198.0;25;N;N;EF;706;1.0;A1;BOM;A1;;-1;0.0
obs8544;78;AM;NORTE;30;27.77;2021;0 Km;49;50860.18;1.25;9020.0;8282.0;0;N;N;EF;679;3.0;A2;RUIM;B3;S;0;0.0
obs6838;57;PR;SUL;30;43.92;2021;0 Km;48;39512.98;0.88;18040.0;1968.0;5;N;N;EF;747;2.0;A4;BOM;A2;S;0;0.0
obs165;36;SP;SULDESTE;30;38.12;2021;0 Km;48;46509.81;1.06;4756.0;1271.0;0;N;N;EF;723;3.0;A2;BOM;B2;S;0;0.0
obs5085;43;RN;NORDESTE;30;28.0;2021;0 Km;37;64003.64;0.87;12300.0;4387.0;18;N;N;EF;697;3.0;A1;BOM;B2;N;0;0.0
obs6774;35;RS;SUL;30;64.94;2021;2 anos;60;23461.88;0.99;4920.0;1353.0;11;N;N;EF;687;;;;;S;0;0.0
obs2326;59;SC;SUL;30;32.96;2021;0 Km;36;34598.48;1.31;3608.0;3280.0;0;N;N;EF;696;3.0;A4;RUIM;B1;N;0;0.0
obs7397;40;PE;NORDESTE;30;47.45;2022;0 Km;36;47809.12;0.62;5740.0;2583.0;26;N;N;EF;746;3.0;A2;BOM;A1;S;-1;0.0
obs3066;36;SP;SULDESTE;30;0.0;2019;2 anos;60;36642.61;1.59;3444.0;2501.0;27;S;N;EF;664;;;;;S;2;0.0
obs2863;76;MA;NORDESTE;30;37.64;2022;0 Km;48;26550.87;0.83;3690.0;1886.0;18;N;N;EF;747;3.0;A2;BOM;B2;S;-1;0.0
obs1908;53;PA;NORTE;30;76.61;2021;0 Km;24;18802.26;0.2;4920.0;3198.0;0;N;N;EF;763;3.0;A2;BOM;A1;S;0;0.0
obs5798;41;SP;SULDESTE;30;65.58;2016;>= 3 anos;48;17096.11;1.13;8487.0;5945.0;5;N;N;EF;653;;;;;S;5;0.0
obs4499;42;BA;NORDESTE;30;10.11;2022;0 Km;60;66472.02;1.29;6560.0;1845.0;25;N;N;EF;697;3.0;A1;BOM;C3;N;-1;0.0
obs6881;67;MT;CENTRO-OESTE;30;6.18;2018;>= 3 anos;60;43169.96;1.76;3280.0;902.0;37;N;N;EF;678;;;;;;3;0.0
obs2605;68;PE;NORDESTE;30;53.16;2022;0 Km;36;34272.65;0.75;6560.0;2542.0;0;N;N;EF;768;3.0;A2;BOM;A1;S;-1;0.0
obs4774;41;SP;SULDESTE;30;30.79;2021;0 Km;60;56763.47;0.99;5576.0;3239.0;22;N;N;EF;746;3.0;A4;BOM;B3;S;0;0.0
obs1339;59;MA;NORDESTE;30;76.05;2018;>= 3 anos;24;11610.04;0.88;8200.0;8282.0;6;N;N;EF;654;;;;;N;3;0.0
obs7514;68;SP;SULDESTE;30;51.01;2016;>= 3 anos;36;23180.01;1.67;3280.0;1886.0;27;N;S;EF;671;;;;;N;5;0.0
obs3838;36;AL;NORDESTE;30;51.28;2022;0 Km;60;26025.19;0.97;3444.0;1353.0;17;N;N;EF;733;3.0;A2;BOM;A3;S;-1;0.0
obs4221;58;RS;SUL;30;53.66;2021;0 Km;48;28876.14;0.95;7380.0;6027.0;10;N;N;EF;747;3.0;A4;BOM;A2;N;0;0.0
obs4401;57;RJ;SULDESTE;30;63.0;2022;0 Km;24;28299.1;0.11;4920.0;11808.0;25;N;N;EF;760;2.0;A2;BOM;A1;S;-1;0.0
obs6235;51;RO;NORTE;30;27.48;2022;0 Km;49;57936.78;1.16;3690.0;3239.0;0;N;N;EF;708;2.0;A2;PESS;B3;S;-1;0.0
obs8766;48;MG;SULDESTE;30;50.0;2021;0 Km;36;44391.9;0.83;9020.0;1353.0;0;N;N;EF;759;3.0;A2;BOM;A1;S;0;0.0
obs587;42;RS;SUL;30;47.21;2021;0 Km;60;22897.55;1.07;3690.0;2501.0;14;N;N;EF;733;3.0;A4;BOM;A3;S;0;0.0
obs516;34;DF;CENTRO-OESTE;30;29.07;2021;0 Km;60;51527.23;1.25;7380.0;943.0;16;N;N;EF;706;2.0;A2;BOM;B3;S;0;0.0
obs1949;67;SP;SULDESTE;30;73.72;2021;0 Km;18;21205.44;0.0;8200.0;3444.0;15;N;N;EF;760;3.0;A4;BOM;A1;S;0;0.0
obs2199;54;MA;NORDESTE;30;24.53;2021;0 Km;49;63632.78;1.12;4920.0;492.0;0;N;N;EF;676;1.0;A2;BOM;B3;;0;0.0
obs6504;55;SP;SULDESTE;30;75.13;2021;2 anos;36;20519.84;0.75;3280.0;2542.0;20;N;N;EF;707;;;;;N;0;0.0
obs5872;72;MG;SULDESTE;30;28.03;2022;0 Km;49;32246.51;1.16;8200.0;1886.0;12;N;N;EF;683;3.0;A4;PESS;B3;S;-1;0.0
obs3580;49;RO;NORTE;30;70.88;2022;0 Km;36;20449.0;0.75;8200.0;6068.0;8;N;N;EF;702;3.0;A2;BOM;A1;S;-1;0.0
obs7258;30;PE;NORDESTE;30;26.08;2022;0 Km;48;32507.24;1.43;4018.0;902.0;24;N;N;EF;678;1.0;A1;RUIM;B2;;-1;0.0
obs7208;55;GO;CENTRO-OESTE;30;74.96;2021;0 Km;24;44833.55;0.8;16400.0;2624.0;12;N;N;EF;760;3.0;A4;BOM;A1;N;0;0.0
obs5968;77;RN;NORDESTE;30;56.97;2021;0 Km;37;37646.31;0.87;9840.0;615.0;0;N;N;EF;751;3.0;A2;BOM;A2;S;0;0.0
obs1749;64;BA;NORDESTE;30;28.94;2018;>= 3 anos;60;37275.11;1.29;4100.0;2050.0;0;N;N;EF;665;;;;;N;3;0.0
obs7899;31;SP;SULDESTE;30;67.36;2016;>= 3 anos;48;14307.31;1.49;2337.0;984.0;18;N;N;EF;647;;;;;S;5;0.0
obs4385;42;SP;SULDESTE;30;41.5;2020;2 anos;36;98137.31;1.04;12300.0;6027.0;26;N;N;EF;700;;;;;S;1;0.0
obs3784;65;BA;NORDESTE;30;11.67;2021;0 Km;60;44414.06;1.33;4264.0;820.0;25;N;N;EF;692;1.0;A1;BOM;C3;S;0;0.0
obs3611;51;SP;SULDESTE;30;76.25;2021;0 Km;18;16558.27;0.0;14760.0;3362.0;0;N;N;EF;732;3.0;A2;BOM;A1;S;0;0.0
obs2689;43;DF;CENTRO-OESTE;30;43.03;2021;0 Km;60;22971.91;1.08;2132.0;1271.0;25;N;N;EF;669;3.0;A2;RUIM;A3;S;0;0.0
obs3749;29;PA;NORTE;30;29.41;2022;0 Km;49;30752.6;1.16;2870.0;779.0;33;N;N;EF;697;3.0;A4;BOM;B3;S;-1;0.0
obs8568;43;SP;SULDESTE;30;63.52;2022;0 Km;24;27592.96;0.0;4100.0;2993.0;29;N;N;EF;746;3.0;A2;BOM;A1;N;-1;0.0
obs7037;48;PE;NORDESTE;30;0.0;2022;0 Km;60;90636.29;1.02;24600.0;2009.0;0;N;N;EF;759;2.0;A4;BOM;C3;S;-1;0.0
obs6468;41;TO;NORTE;30;27.55;2021;0 Km;49;63826.33;0.93;5740.0;2542.0;32;N;N;EF;682;3.0;A1;BOM;B3;N;0;0.0
obs3386;49;SP;SULDESTE;30;73.99;2021;0 Km;48;14212.81;1.1;5740.0;4264.0;6;N;N;EF;742;3.0;A4;BOM;A2;S;0;0.0
obs2613;23;MA;NORDESTE;30;28.57;2022;0 Km;49;31040.34;1.16;3936.0;861.0;24;S;N;EF;661;1.0;A2;BOM;B3;;-1;0.0
obs9231;22;SC;SUL;30;7.49;2022;0 Km;60;45919.56;1.29;3936.0;902.0;0;N;N;EF;706;1.0;A2;BOM;C3;;-1;0.0
obs5592;36;DF;CENTRO-OESTE;30;73.74;2021;0 Km;18;22576.83;0.0;9840.0;5166.0;0;N;N;EF;723;3.0;A2;PESS;A1;S;0;0.0
obs1592;51;BA;NORDESTE;30;14.04;2021;0 Km;48;35955.41;1.51;3690.0;2501.0;29;N;S;EF;678;3.0;A2;BOM;C2;N;0;0.0
obs8878;61;PR;SUL;30;51.21;2022;0 Km;60;36532.45;1.03;8200.0;984.0;10;N;N;EF;711;3.0;A2;BOM;A3;N;-1;0.0
obs2779;73;BA;NORDESTE;30;58.89;2022;0 Km;48;18101.28;0.83;16400.0;8446.0;2;N;N;EF;747;3.0;A2;BOM;A2;S;-1;0.0
obs327;69;MG;SULDESTE;30;0.38;2021;0 Km;48;47414.5;1.37;4756.0;1353.0;28;N;N;EF;720;1.0;A4;BOM;C2;N;0;0.0
obs1957;69;SC;SUL;30;11.38;2021;0 Km;60;65493.45;1.39;6560.0;1886.0;0;N;N;EF;724;2.0;A2;BOM;C3;N;0;0.0
obs9122;63;SC;SUL;30;46.52;2021;0 Km;48;41191.05;0.98;4100.0;2542.0;27;N;N;EF;720;3.0;A2;RUIM;A2;S;0;0.0
obs5825;59;SC;SUL;30;43.14;2015;>= 3 anos;48;43413.79;1.05;2870.0;2624.0;42;N;N;EF;707;;;;;N;6;0.0
obs6928;37;GO;CENTRO-OESTE;30;39.85;2017;>= 3 anos;36;21010.89;1.79;3280.0;1804.0;25;N;N;EF;647;;;;;N;4;1.0
obs7003;48;SP;SULDESTE;30;65.82;2022;0 Km;36;18671.99;1.04;4920.0;1312.0;13;N;N;EF;674;2.0;A4;PESS;A1;S;-1;0.0
obs5718;53;RS;SUL;30;41.2;2022;0 Km;49;45928.32;0.93;5576.0;1845.0;24;N;N;EF;706;3.0;A1;BOM;A3;S;-1;0.0
obs2658;42;SP;SULDESTE;30;19.09;2020;2 anos;48;29172.61;1.42;5084.0;2665.0;17;N;N;EF;704;;;;;N;1;0.0
obs642;70;DF;CENTRO-OESTE;30;14.55;2021;0 Km;60;43468.76;1.24;3690.0;1394.0;29;N;N;EF;760;2.0;A2;BOM;C3;S;0;0.0
obs307;44;RO;NORTE;30;28.26;2021;0 Km;49;49858.81;0.93;6396.0;1312.0;21;N;N;EF;669;3.0;A2;RUIM;B3;S;0;1.0
obs1817;52;RJ;SULDESTE;30;82.07;2017;>= 3 anos;36;5807.51;0.88;4100.0;1927.0;4;N;N;EF;685;;;;;;4;0.0
obs3473;65;BA;NORDESTE;30;27.02;2021;0 Km;60;69720.64;1.45;6560.0;2952.0;27;N;N;EF;696;2.0;A1;PESS;B3;S;0;0.0
obs3839;41;RJ;SULDESTE;30;50.65;2019;2 anos;24;16580.91;1.34;2870.0;492.0;29;N;N;EF;681;;;;;;2;0.0
obs4614;54;SP;SULDESTE;30;0.0;2022;0 Km;60;44851.31;0.99;3278.36;1845.0;31;N;N;EF;755;1.0;A4;BOM;C3;;-1;0.0
obs18;32;PR;SUL;30;22.22;2021;0 Km;60;67421.73;1.65;9830.82;1722.0;0;N;N;EF;695;1.0;A1;BOM;B3;;0;0.0
obs7565;38;TO;NORTE;30;40.08;2022;0 Km;48;25802.37;1.16;6560.0;4346.0;11;N;N;EF;665;3.0;A2;BOM;A2;S;-1;0.0
obs7741;37;PB;NORDESTE;30;40.63;2022;0 Km;48;48586.81;1.12;7216.0;5986.0;18;N;N;EF;706;3.0;A2;BOM;A2;S;-1;0.0
obs5184;38;SP;SULDESTE;30;18.53;2012;>= 3 anos;48;19287.31;1.87;3690.0;1271.0;0;N;N;EF;674;;;;;S;9;0.0
obs9574;42;PA;NORTE;30;24.23;2021;0 Km;49;66689.32;1.01;6150.0;1804.0;0;N;N;EF;686;3.0;A2;BOM;B3;N;0;0.0
obs9480;42;PE;NORDESTE;30;29.99;2022;0 Km;48;49368.36;1.09;4264.0;2542.0;32;N;S;EF;697;3.0;A1;RUIM;B2;N;-1;0.0
obs3515;69;PR;SUL;30;85.57;2021;0 Km;24;13059.11;0.4;8200.0;1517.0;0;N;N;EF;764;3.0;A1;BOM;A1;N;0;0.0
obs5737;64;SP;SULDESTE;30;51.13;2022;0 Km;37;20622.78;1.07;4100.0;1599.0;18;N;N;EF;751;3.0;A4;BOM;A2;N;-1;0.0
obs7014;68;SP;SULDESTE;30;64.52;2022;0 Km;18;21785.89;0.18;3690.0;2050.0;33;N;S;EF;760;3.0;A4;BOM;A1;S;-1;0.0
obs1077;37;SP;SULDESTE;30;26.0;2021;0 Km;49;52395.18;0.83;4100.0;2624.0;34;N;N;EF;746;2.0;A2;BOM;B3;S;0;0.0
obs4929;60;RJ;SULDESTE;30;74.13;2021;0 Km;18;17752.04;0.0;14449.22;12218.0;7;N;N;EF;760;3.0;A2;BOM;A1;N;0;0.0
obs6602;57;MT;CENTRO-OESTE;30;40.17;2021;0 Km;36;116462.28;1.17;8856.0;1886.0;0;N;N;EF;705;3.0;A4;PESS;A1;S;0;0.0
obs2844;48;AP;NORTE;30;26.35;2021;0 Km;49;76612.72;1.07;6560.0;1886.0;35;N;N;EF;706;3.0;A1;BOM;B3;S;0;0.0
obs317;49;PR;SUL;30;60.4;2017;>= 3 anos;36;25105.84;1.08;5330.0;4264.0;16;N;N;EF;698;;;;;S;4;0.0
obs4781;33;SP;SULDESTE;30;77.8;2018;>= 3 anos;36;9371.71;0.85;2460.0;1353.0;12;S;N;EF;668;;;;;;3;0.0
obs1775;60;SC;SUL;30;25.71;2017;>= 3 anos;60;31295.79;1.79;3280.0;1435.0;26;N;N;EF;671;;;;;N;4;0.0
obs6100;52;AM;NORTE;30;15.1;2021;0 Km;49;69210.65;0.93;4612.8;3198.0;43;N;N;EF;659;2.0;A2;BOM;C3;S;0;0.0
obs5066;39;SP;SULDESTE;30;44.24;2021;0 Km;24;47268.27;0.71;16400.0;1394.0;13;N;N;EF;693;3.0;A2;RUIM;A1;N;0;0.0
obs1804;44;SP;SULDESTE;30;13.65;2021;0 Km;60;36144.61;1.35;3936.0;1845.0;22;N;N;EF;676;3.0;A2;RUIM;C3;N;0;0.0
obs4683;69;GO;CENTRO-OESTE;30;0.0;2022;0 Km;60;53117.45;1.14;4920.0;1435.0;25;S;N;EF;720;3.0;A2;BOM;C3;S;-1;0.0
obs9862;32;MT;CENTRO-OESTE;30;57.54;2022;0 Km;18;27825.58;0.4;6560.0;1845.0;24;S;N;EF;706;2.0;A1;BOM;A1;S;-1;0.0
obs6409;62;RN;NORDESTE;30;83.0;2022;0 Km;36;11005.35;0.0;2296.0;1886.0;14;N;N;EF;665;1.0;A1;RUIM;A1;S;-1;0.0
obs5007;31;SP;SULDESTE;30;39.67;2021;2 anos;24;25022.61;1.17;3690.0;1271.0;34;S;N;EF;700;;;;;;0;0.0
obs4085;46;SP;SULDESTE;30;0.0;2017;>= 3 anos;36;31662.61;1.94;6560.0;1353.0;18;N;N;EF;651;;;;;;4;0.0
obs846;42;RS;SUL;30;40.46;2017;>= 3 anos;48;27921.54;1.2;4756.0;4305.0;16;N;N;EF;687;;;;;S;4;0.0
obs8624;81;GO;CENTRO-OESTE;30;43.43;2022;0 Km;24;43576.93;0.62;13940.0;3280.0;14;N;N;EF;720;3.0;A4;BOM;A1;S;-1;0.0
obs6787;41;SP;SULDESTE;30;50.0;2022;0 Km;36;19207.94;0.99;4100.0;4305.0;15;N;N;EF;706;3.0;A2;BOM;A1;S;-1;0.0
obs4535;39;SC;SUL;30;28.19;2022;0 Km;49;60667.83;0.83;4100.0;4346.0;0;N;N;EF;763;3.0;A2;BOM;B3;S;-1;0.0
obs8547;51;DF;CENTRO-OESTE;30;35.3;2022;0 Km;60;58943.55;1.14;4100.0;820.0;33;N;N;EF;755;2.0;A2;BOM;B3;N;-1;0.0
obs8210;62;PE;NORDESTE;30;12.03;2022;0 Km;60;38772.08;1.14;7380.0;4264.0;12;N;N;EF;760;2.0;A2;BOM;C3;S;-1;0.0
obs3889;64;PR;SUL;30;50.01;2021;0 Km;37;47697.3;0.87;4920.0;4305.0;34;N;N;EF;751;3.0;A4;RUIM;A2;N;0;0.0
obs8095;61;RS;SUL;30;77.4;2022;0 Km;24;14201.25;1.03;12300.0;10414.0;5;N;N;EF;747;3.0;A4;BOM;A1;S;-1;0.0
obs212;44;TO;NORTE;30;31.09;2019;2 anos;60;44395.04;1.8;6604.77;2583.0;18;N;N;EF;640;;;;;S;2;0.0
obs1118;52;RS;SUL;30;74.53;2021;0 Km;36;13990.11;1.03;9539.27;5945.0;4;N;N;EF;742;3.0;A4;BOM;A1;S;0;0.0
obs6956;34;MT;CENTRO-OESTE;30;30.3;2022;0 Km;49;57050.05;1.42;6560.0;2542.0;26;N;N;EF;658;3.0;A2;RUIM;B3;S;-1;0.0
obs2709;59;PE;NORDESTE;30;29.43;2022;0 Km;60;30037.99;1.18;2870.0;1312.0;25;N;N;EF;707;2.0;A2;BOM;B3;N;-1;0.0
obs9518;44;RS;SUL;30;81.65;2017;>= 3 anos;36;8580.71;1.03;3895.0;1722.0;7;N;N;EF;650;;;;;S;4;0.0
obs8604;52;SP;SULDESTE;30;62.31;2022;0 Km;24;30769.99;0.0;4100.0;1312.0;31;N;N;EF;715;1.0;A1;BOM;A1;;-1;0.0
obs8607;67;SP;SULDESTE;30;30.13;2021;0 Km;48;50728.38;0.83;12300.0;2009.0;10;N;N;EF;751;3.0;A4;BOM;B2;S;0;0.0
obs7628;27;BA;NORDESTE;30;29.06;2022;0 Km;37;59200.12;0.87;5330.0;1312.0;39;N;N;EF;661;1.0;A1;BOM;B2;S;-1;1.0
obs7989;43;BA;NORDESTE;30;18.15;2022;0 Km;49;66016.24;1.01;4920.0;1312.0;39;N;N;EF;682;3.0;A1;BOM;C3;N;-1;0.0
obs221;37;SP;SULDESTE;30;30.19;2021;0 Km;49;60421.72;1.02;6978.2;1804.0;24;N;N;EF;746;2.0;A2;BOM;B3;S;0;0.0
obs5762;77;RJ;SULDESTE;30;39.23;2022;0 Km;60;54634.75;1.08;4920.0;3034.0;0;N;N;EF;728;3.0;A4;RUIM;B3;S;-1;0.0
obs3300;46;RS;SUL;30;33.84;2021;0 Km;60;54349.57;1.61;4346.0;3198.0;34;N;N;EF;674;1.0;A4;PESS;B3;;0;0.0
obs2328;57;SE;NORDESTE;30;17.91;2013;>= 3 anos;48;17810.82;1.56;1640.0;1312.0;32;N;N;EF;633;;;;;S;8;0.0
obs7256;61;RS;SUL;30;28.0;2022;0 Km;49;33612.78;1.27;3690.0;3198.0;28;N;N;EF;711;2.0;A4;PESS;B3;S;-1;0.0
obs9467;48;AM;NORTE;30;28.88;2022;0 Km;49;57540.85;1.07;6560.0;4305.0;26;N;N;EF;691;3.0;A2;PESS;B3;S;-1;0.0
obs5807;58;MT;CENTRO-OESTE;30;28.0;2022;0 Km;49;34440.02;1.16;5084.0;1927.0;0;N;N;EF;683;3.0;A1;RUIM;B3;;-1;0.0
obs2251;61;SC;SUL;30;26.13;2021;0 Km;36;57156.93;0.99;8200.0;1722.0;24;N;N;EF;747;3.0;A4;BOM;B1;S;0;0.0
obs1256;54;SP;SULDESTE;30;63.0;2021;0 Km;24;33450.2;0.0;4592.0;3362.0;32;N;N;EF;755;3.0;A4;BOM;A1;N;0;0.0
obs3107;44;PE;NORDESTE;30;55.14;2022;0 Km;24;20097.08;0.83;3444.0;492.0;28;N;N;EF;650;1.0;A2;RUIM;A1;;-1;0.0
obs4531;62;RJ;SULDESTE;30;28.4;2022;0 Km;49;42120.01;1.16;2612.71;820.0;49;N;N;EF;683;3.0;A4;BOM;B3;S;-1;0.0
obs5749;29;PA;NORTE;30;37.36;2022;0 Km;49;36837.33;1.05;3280.0;820.0;32;S;N;EF;706;3.0;A1;BOM;B3;N;-1;0.0
obs2651;30;PR;SUL;30;28.37;2022;0 Km;37;33194.08;1.07;3280.0;1107.0;37;N;N;EF;737;1.0;A2;BOM;B2;;-1;0.0
obs3940;55;SP;SULDESTE;30;45.15;2016;>= 3 anos;36;26242.71;0.99;3690.0;4182.0;24;N;N;EF;701;;;;;S;5;0.0
obs4642;58;RJ;SULDESTE;30;37.89;2022;0 Km;48;34677.11;1.14;4920.0;1968.0;20;N;N;EF;692;3.0;A4;PESS;B2;S;-1;0.0
obs287;48;SC;SUL;30;77.4;2021;0 Km;24;10450.74;0.3;3280.0;3731.0;14;N;N;EF;742;1.0;A1;BOM;A1;;0;0.0
obs4349;72;SP;SULDESTE;30;27.12;2022;0 Km;49;31535.62;1.27;3280.0;1353.0;29;N;N;EF;751;3.0;A4;BOM;B3;S;-1;0.0
obs6879;55;RS;SUL;30;10.19;2022;0 Km;60;41042.94;1.51;4100.0;1845.0;26;N;N;EF;679;1.0;A4;RUIM;C3;;-1;0.0
obs8324;40;RJ;SULDESTE;30;45.69;2016;>= 3 anos;24;19659.38;0.72;4100.0;3034.0;22;N;N;EF;689;;;;;N;5;0.0
obs2731;47;RS;SUL;30;74.33;2022;0 Km;36;19141.92;1.0;7380.0;2911.0;9;N;N;EF;742;3.0;A2;BOM;A1;S;-1;0.0
obs8725;46;DF;CENTRO-OESTE;30;41.04;2012;>= 3 anos;48;14193.83;2.1;3280.0;3116.0;14;N;N;EF;627;;;;;N;9;1.0
obs7654;34;RJ;SULDESTE;30;41.41;2021;0 Km;48;47640.34;0.83;4510.0;820.0;28;S;N;EF;746;3.0;A2;BOM;A2;N;0;0.0
obs2305;74;RS;SUL;30;63.09;2021;0 Km;24;28574.75;0.0;10660.0;4346.0;11;N;N;EF;760;3.0;A4;RUIM;A1;S;0;0.0
obs1279;33;DF;CENTRO-OESTE;30;10.08;2021;0 Km;48;37267.83;1.26;4920.0;1189.0;0;N;N;EF;723;3.0;A2;RUIM;C2;S;0;0.0
obs9010;61;RR;NORTE;30;64.32;2022;0 Km;60;33186.8;1.25;5986.0;4059.0;13;N;N;EF;692;2.0;A2;RUIM;A3;S;-1;0.0
obs6326;43;SP;SULDESTE;30;52.81;2022;0 Km;48;20946.48;0.88;4920.0;2665.0;11;N;N;EF;697;3.0;A2;BOM;A2;S;-1;0.0
obs5970;44;DF;CENTRO-OESTE;30;59.06;2022;0 Km;12;27462.21;0.0;12300.0;4592.0;19;N;N;EF;715;3.0;A2;RUIM;A1;S;-1;0.0
obs6005;82;RS;SUL;30;83.46;2022;0 Km;36;11499.92;0.0;2460.0;2009.0;13;N;N;EF;760;3.0;A4;BOM;A1;N;-1;0.0
obs3378;71;SC;SUL;30;29.65;2022;0 Km;60;36267.47;1.35;2870.0;1312.0;30;N;N;EF;664;1.0;A4;BOM;B3;;-1;0.0
obs5788;37;AL;NORDESTE;30;24.63;2022;0 Km;60;51458.84;1.1;3280.0;3280.0;37;N;N;EF;693;2.0;A1;BOM;B3;N;-1;0.0
obs5586;64;RN;NORDESTE;30;43.01;2015;>= 3 anos;36;23233.36;1.02;3772.0;1148.0;21;N;N;EF;684;;;;;S;6;0.0
obs5564;64;MT;CENTRO-OESTE;30;64.69;2022;0 Km;48;15425.55;1.19;4920.0;3239.0;9;N;N;EF;679;3.0;A4;RUIM;A2;S;-1;0.0
obs1958;44;RS;SUL;60;21.41;2020;2 anos;48;43691.54;1.56;7134.0;2501.0;19;N;N;EF;687;;;;;S;1;0.0
obs9493;46;SC;SUL;30;28.0;2022;0 Km;49;40401.11;1.23;2050.0;1394.0;0;N;N;EF;763;2.0;A2;BOM;B3;S;-1;0.0
obs4954;53;RS;SUL;30;54.3;2021;0 Km;60;42711.24;0.92;8200.0;4264.0;11;N;N;EF;746;2.0;A2;BOM;A3;S;0;0.0
obs9473;44;DF;CENTRO-OESTE;30;52.04;2022;0 Km;30;34344.84;0.0;11480.0;2706.0;10;N;N;EF;678;3.0;A1;PESS;A1;S;-1;0.0
obs2087;67;PE;NORDESTE;30;48.74;2022;0 Km;48;26449.61;1.1;3280.0;1845.0;22;N;N;EF;747;1.0;A2;BOM;A2;;-1;0.0
obs5940;58;RO;NORTE;30;25.31;2022;0 Km;49;58190.33;0.93;4920.0;1353.0;34;N;N;EF;683;2.0;A2;BOM;B3;S;-1;0.0
obs1869;46;PA;NORTE;30;18.7;2022;0 Km;60;36913.69;1.33;4756.0;1886.0;19;N;N;EF;687;2.0;A1;BOM;C3;N;-1;0.0
obs7555;37;PE;NORDESTE;30;17.63;2022;0 Km;60;38215.98;1.07;2460.0;820.0;36;N;N;EF;733;3.0;A2;BOM;C3;N;-1;0.0
obs5124;72;SP;SULDESTE;30;66.2;2017;>= 3 anos;48;17137.61;1.1;1476.0;1804.0;32;N;N;EF;707;;;;;;4;0.0
obs6917;21;SP;SULDESTE;30;83.41;2022;0 Km;36;11516.2;0.0;1640.0;2542.0;19;N;N;EF;617;3.0;A0;BOM;A1;S;-1;0.0
obs3966;80;SC;SUL;30;52.84;2021;0 Km;48;41577.0;1.1;3280.0;3813.0;34;N;N;EF;626;3.0;A2;BOM;A2;S;0;0.0
obs1005;26;SP;SULDESTE;30;59.09;2021;0 Km;24;18027.37;1.09;3690.0;984.0;24;N;N;EF;725;1.0;A2;BOM;A1;;0;0.0
obs765;58;SP;SULDESTE;30;51.95;2012;>= 3 anos;48;22529.45;1.3;4100.0;4223.0;16;N;N;EF;660;;;;;N;9;0.0
obs4588;41;SC;SUL;30;33.94;2016;>= 3 anos;60;19659.19;1.92;2583.0;1476.0;22;N;N;EF;647;;;;;S;5;0.0
obs5676;66;SP;SULDESTE;30;31.57;2021;0 Km;37;41520.52;1.14;8200.0;1886.0;18;N;N;EF;751;3.0;A4;BOM;B2;S;0;0.0
obs2968;67;MG;SULDESTE;30;28.63;2021;0 Km;60;45319.84;1.67;4342.7;1025.0;28;N;N;EF;679;3.0;A4;PESS;B3;S;0;0.0
obs2013;43;DF;CENTRO-OESTE;30;31.88;2022;0 Km;49;32175.78;1.16;6970.0;3731.0;14;N;N;EF;697;3.0;A2;BOM;B3;S;-1;0.0
obs9072;33;SP;SULDESTE;30;26.67;2019;2 anos;24;23877.05;1.1;4100.0;3239.0;29;N;N;EF;694;;;;;S;2;0.0
obs503;32;PE;NORDESTE;30;28.22;2021;0 Km;60;29643.31;1.41;3116.0;492.0;23;N;N;EF;659;1.0;A4;RUIM;B3;;0;0.0
obs5313;50;SC;SUL;30;16.61;2022;0 Km;60;45334.6;1.03;4134.56;2624.0;0;N;N;EF;746;2.0;A4;BOM;C3;S;-1;0.0
obs673;51;PA;NORTE;30;66.63;2021;0 Km;24;21749.93;0.49;6150.0;3157.0;16;N;N;EF;674;3.0;A2;BOM;A1;N;0;0.0
obs7745;46;PA;NORTE;30;27.99;2022;0 Km;49;59439.06;0.93;8200.0;1353.0;21;N;N;EF;746;1.0;A2;BOM;B3;S;-1;0.0
obs8192;57;SP;SULDESTE;30;25.09;2015;>= 3 anos;48;30293.11;1.27;3936.0;3403.0;21;N;N;EF;707;;;;;N;6;0.0
obs3055;34;RJ;SULDESTE;30;21.87;2021;0 Km;48;33280.51;0.88;8200.0;1845.0;10;N;N;EF;737;3.0;A2;BOM;B2;S;0;0.0
obs4073;31;DF;CENTRO-OESTE;30;55.12;2021;0 Km;36;43409.83;0.81;6478.0;1845.0;21;N;N;EF;737;3.0;A2;BOM;A1;S;0;0.0
obs8555;46;PE;NORDESTE;30;28.41;2022;0 Km;49;31724.55;1.1;2870.0;1845.0;33;N;N;EF;676;1.0;A1;RUIM;B3;;-1;0.0
obs7749;44;SC;SUL;30;27.83;2021;2 anos;60;33370.79;1.38;4100.0;4223.0;20;N;N;EF;646;;;;;S;0;0.0
obs7278;34;SP;SULDESTE;30;4.49;2019;2 anos;60;48760.61;1.46;4510.0;2542.0;28;N;N;EF;677;;;;;S;2;1.0
obs315;30;PI;NORDESTE;30;29.7;2019;2 anos;48;22920.12;2.09;4387.0;1312.0;17;N;N;EF;636;;;;;N;2;1.0
obs2995;68;MA;NORDESTE;30;18.92;2022;0 Km;60;47377.23;1.58;4501.8;697.0;28;N;N;EF;696;3.0;A2;RUIM;C3;S;-1;0.0
obs6467;45;PB;NORDESTE;30;34.23;2022;0 Km;48;33979.26;0.92;8200.0;1025.0;10;N;S;EF;755;3.0;A4;BOM;B2;S;-1;0.0
obs4128;41;PR;SUL;30;28.02;2021;0 Km;49;65173.15;0.93;5740.0;4346.0;33;N;N;EF;669;2.0;A4;RUIM;B3;S;0;0.0
obs6587;39;ES;SULDESTE;30;58.59;2022;0 Km;24;25021.96;0.82;5740.0;3403.0;20;N;N;EF;746;3.0;A2;BOM;A1;S;-1;0.0
obs2614;32;RS;SUL;30;55.98;2022;0 Km;48;19713.67;0.88;2870.0;1845.0;18;N;S;EF;737;3.0;A2;BOM;A2;S;-1;0.0
obs7710;52;SP;SULDESTE;30;0.0;2022;0 Km;60;41458.27;1.27;4920.0;3321.0;20;S;N;EF;742;3.0;A4;BOM;C3;S;-1;0.0
obs619;39;GO;CENTRO-OESTE;30;16.99;2021;0 Km;60;38247.23;1.35;2952.0;4346.0;31;N;N;EF;693;1.0;A2;BOM;C3;N;0;0.0
obs8762;63;RS;SUL;30;63.03;2022;0 Km;24;32931.25;0.0;12300.0;11890.0;11;N;N;EF;720;3.0;A4;PESS;A1;S;-1;0.0
obs3224;47;MG;SULDESTE;30;51.24;2021;0 Km;36;20178.31;0.51;8200.0;11972.0;7;N;N;EF;755;3.0;A4;PESS;A1;N;0;0.0
obs7988;53;SP;SULDESTE;30;33.27;2021;0 Km;37;37509.13;1.21;3157.0;2542.0;45;N;N;EF;706;3.0;A2;RUIM;B2;S;0;0.0
obs9616;23;SP;SULDESTE;30;21.77;2022;0 Km;36;30625.5;1.35;0.82;0.0;59;N;N;EF;608;1.0;A0;BOM;B1;;-1;0.0
obs4070;42;MA;NORDESTE;30;27.59;2022;0 Km;49;31456.17;1.16;2460.0;820.0;39;N;N;EF;682;3.0;A2;BOM;B3;N;-1;0.0
obs6456;50;AL;NORDESTE;30;19.76;2018;>= 3 anos;60;34607.68;1.56;4100.0;902.0;22;N;N;EF;698;;;;;;3;0.0
obs3368;47;SP;SULDESTE;30;75.75;2021;0 Km;18;24140.32;0.0;10660.0;15949.0;12;N;N;EF;715;3.0;A4;BOM;A1;S;0;0.0
obs5955;57;RJ;SULDESTE;30;21.59;2021;0 Km;49;39743.43;1.16;8200.0;2501.0;0;N;N;EF;683;3.0;A4;RUIM;B3;S;0;1.0
obs7407;48;AM;NORTE;30;69.82;2021;0 Km;36;22138.03;0.65;5740.0;8569.0;12;N;N;EF;746;3.0;A2;BOM;A1;S;0;0.0
obs9118;51;PE;NORDESTE;30;5.76;2022;0 Km;60;40827.24;1.35;6560.0;1271.0;15;N;N;EF;746;1.0;A2;RUIM;C3;S;-1;0.0
obs7536;32;DF;CENTRO-OESTE;30;48.1;2022;0 Km;49;24492.47;1.16;3772.0;1312.0;19;N;N;EF;682;1.0;A2;RUIM;A3;;-1;0.0
obs9741;36;MG;SULDESTE;30;44.67;2022;0 Km;49;42586.65;1.01;4100.0;1886.0;30;N;N;EF;697;2.0;A2;RUIM;A3;S;-1;0.0
obs7905;70;MA;NORDESTE;30;39.3;2021;0 Km;37;43982.53;0.98;4100.0;2583.0;39;N;N;EF;751;3.0;A2;BOM;B2;S;0;0.0
obs6331;42;RN;NORDESTE;30;32.4;2022;0 Km;49;31388.94;1.05;2460.0;1435.0;38;N;N;EF;691;1.0;A1;BOM;B3;S;-1;0.0
obs1465;43;PA;NORTE;30;38.41;2021;0 Km;49;55712.36;0.93;2952.0;4305.0;0;N;N;EF;754;3.0;A2;BOM;B3;S;0;0.0
obs8397;31;GO;CENTRO-OESTE;30;41.41;2022;0 Km;36;24330.89;0.88;1230.0;820.0;65;N;N;EF;733;1.0;A2;BOM;A1;;-1;0.0
obs6984;40;PB;NORDESTE;30;25.32;2022;0 Km;49;57952.98;0.88;7380.0;5904.0;22;N;N;EF;682;3.0;A1;BOM;B3;S;-1;0.0
obs2455;53;RJ;SULDESTE;30;64.43;2021;0 Km;18;30832.84;0.0;9840.0;6150.0;18;N;N;EF;755;3.0;A2;BOM;A1;N;0;0.0
obs1821;28;SC;SUL;30;34.78;2014;>= 3 anos;48;38433.79;1.68;6560.0;1271.0;18;N;N;EF;687;;;;;S;7;0.0
obs4987;67;SP;SULDESTE;30;0.0;2022;0 Km;48;40468.91;1.1;14760.0;3321.0;0;N;N;EF;764;3.0;A4;BOM;C2;N;-1;0.0
obs6188;30;ES;SULDESTE;30;60.0;2022;0 Km;12;24200.25;0.0;4100.0;3198.0;0;N;N;EF;695;1.0;A1;RUIM;A1;;-1;0.0
obs3592;35;RJ;SULDESTE;30;8.98;2021;0 Km;60;42742.51;0.99;8200.0;861.0;11;N;N;EF;746;3.0;A2;BOM;C3;N;0;0.0
obs4693;47;SP;SULDESTE;30;35.22;2021;0 Km;48;50494.48;0.99;8200.0;1558.0;0;N;N;EF;715;3.0;A4;BOM;B2;S;0;0.0
obs2642;46;PR;SUL;30;10.55;2022;0 Km;60;41195.28;1.34;9840.0;2050.0;10;N;N;EF;706;3.0;A4;RUIM;C3;S;-1;0.0
obs519;84;RN;NORDESTE;30;26.9;2021;0 Km;48;72506.31;1.16;13940.0;2091.0;0;N;N;EF;764;2.0;A2;BOM;B2;S;0;0.0
obs6634;60;PA;NORTE;30;71.23;2022;0 Km;24;27724.76;0.0;12300.0;2665.0;9;N;N;EF;760;3.0;A2;BOM;A1;S;-1;0.0
obs6537;43;RS;SUL;30;20.72;2022;0 Km;60;37324.54;1.67;3116.0;492.0;0;N;N;EF;682;2.0;A2;BOM;B3;N;-1;0.0
obs1660;47;SP;SULDESTE;30;0.0;2021;2 anos;60;46677.31;1.6;6560.0;2911.0;18;N;N;EF;668;;;;;S;0;0.0
obs6626;77;RJ;SULDESTE;30;50.1;2022;0 Km;36;21327.68;0.62;4920.0;2829.0;13;N;N;EF;760;3.0;A4;BOM;A1;S;-1;0.0
obs654;59;PE;NORDESTE;30;26.29;2021;0 Km;49;48631.22;1.16;3271.8;1148.0;0;S;N;EF;768;1.0;A1;BOM;B3;;0;0.0
obs4956;75;PE;NORDESTE;30;60.72;2021;0 Km;49;33555.53;1.42;5740.0;2952.0;17;N;N;EF;683;1.0;A1;BOM;A3;;0;0.0
obs1909;65;PA;NORTE;30;62.75;2021;0 Km;48;34841.18;0.93;13940.0;11849.0;6;N;N;EF;696;3.0;A2;RUIM;A2;N;0;0.0
obs87;53;MG;SULDESTE;30;30.0;2021;0 Km;48;43992.6;0.92;5740.0;902.0;20;N;S;EF;746;3.0;A4;BOM;B2;N;0;0.0
obs737;28;PA;NORTE;30;45.73;2021;0 Km;60;23220.91;1.18;2826.54;1107.0;20;N;N;EF;678;3.0;A2;BOM;A3;N;0;0.0
obs5668;34;SP;SULDESTE;30;65.15;2021;0 Km;48;31871.77;0.95;5110.24;1271.0;16;N;N;EF;638;3.0;A1;BOM;A2;S;0;0.0
obs8063;35;PE;NORDESTE;30;11.54;2022;0 Km;48;79847.12;1.25;11808.0;1845.0;19;N;N;EF;706;2.0;A1;BOM;C2;S;-1;0.0
obs5262;36;MT;CENTRO-OESTE;30;48.18;2022;0 Km;48;27706.77;0.82;2870.0;1312.0;25;N;N;EF;746;3.0;A2;BOM;A2;N;-1;0.0
obs1098;72;SP;SULDESTE;30;42.61;2021;0 Km;48;28073.94;1.13;4920.0;2993.0;15;N;N;EF;751;2.0;A4;RUIM;A2;S;0;0.0
obs3245;48;RS;SUL;30;31.91;2018;>= 3 anos;36;31158.54;1.26;1640.0;1845.0;0;N;N;EF;714;;;;;;3;0.0
obs8040;74;SC;SUL;30;73.89;2018;>= 3 anos;36;14280.79;1.03;2050.0;2009.0;23;N;N;EF;684;;;;;S;3;0.0
obs5753;42;SC;SUL;30;38.85;2013;>= 3 anos;48;25237.62;1.31;2870.0;1845.0;25;N;N;EF;677;;;;;S;8;0.0
obs5876;63;PR;SUL;30;75.29;2021;0 Km;18;16175.87;0.0;4100.0;3362.0;0;N;N;EF;777;2.0;A4;BOM;A1;S;0;0.0
obs4974;36;RS;SUL;30;31.59;2021;0 Km;49;60128.24;1.02;5986.0;2542.0;0;N;N;EF;678;3.0;A2;PESS;B3;S;0;0.0
obs3511;56;PA;NORTE;30;28.0;2022;0 Km;49;51778.29;1.16;6560.0;6027.0;24;N;N;EF;751;3.0;A2;BOM;B3;S;-1;0.0
obs9408;66;SP;SULDESTE;30;18.83;2022;0 Km;60;36576.88;1.59;5576.0;1886.0;0;N;N;EF;668;3.0;A4;RUIM;C3;S;-1;0.0
obs4843;51;BA;NORDESTE;30;43.94;2022;0 Km;24;24409.28;0.83;4100.0;4264.0;28;N;N;EF;746;1.0;A2;PESS;A1;;-1;0.0
obs5907;52;DF;CENTRO-OESTE;30;15.21;2022;0 Km;48;49128.53;1.45;4860.96;1066.0;0;N;N;EF;719;1.0;A2;BOM;C2;;-1;1.0
obs1629;51;SC;SUL;30;43.77;2021;0 Km;36;22173.27;0.93;4100.0;1886.0;18;N;N;EF;742;3.0;A4;BOM;A1;N;0;0.0
obs7856;44;SP;SULDESTE;30;0.0;2022;0 Km;60;82543.27;1.62;28700.0;6232.0;0;N;N;EF;732;3.0;A4;RUIM;C3;S;-1;0.0
obs259;69;PE;NORDESTE;30;20.7;2021;0 Km;60;32042.01;0.93;8200.0;4346.0;8;N;N;EF;760;3.0;A1;BOM;B3;S;0;0.0
obs2956;59;MG;SULDESTE;30;28.91;2021;0 Km;49;66172.76;0.83;5248.0;4264.0;34;S;N;EF;705;3.0;A4;RUIM;B3;S;0;0.0
obs2014;45;RS;SUL;30;35.82;2021;0 Km;37;54325.5;1.05;2870.0;2050.0;70;N;N;EF;746;3.0;A2;BOM;B2;N;0;0.0
obs2400;48;SP;SULDESTE;30;70.43;2022;0 Km;24;13804.33;0.36;8200.0;4264.0;7;N;N;EF;715;3.0;A4;BOM;A1;S;-1;0.0
obs5466;50;SP;SULDESTE;30;63.89;2021;0 Km;18;22368.27;0.0;3936.0;2583.0;31;N;N;EF;715;3.0;A2;BOM;A1;N;0;0.0
obs2330;32;BA;NORDESTE;30;21.21;2021;0 Km;60;31597.91;1.03;3280.0;1722.0;21;N;N;EF;737;3.0;A2;BOM;B3;N;0;0.0
obs9184;33;MA;NORDESTE;30;31.06;2022;0 Km;49;41152.23;1.32;4920.0;820.0;26;N;N;EF;682;1.0;A2;BOM;B3;S;-1;0.0
obs6388;36;SC;SUL;30;34.48;2018;>= 3 anos;48;24738.79;1.19;2050.0;2501.0;34;S;N;EF;636;;;;;N;3;0.0
obs3836;54;GO;CENTRO-OESTE;30;31.71;2022;0 Km;60;27643.09;1.07;2870.0;1312.0;21;N;N;EF;687;1.0;A1;RUIM;B3;;-1;0.0
obs227;62;SP;SULDESTE;30;28.45;2021;0 Km;36;69592.11;0.83;5658.0;2624.0;0;N;N;EF;777;3.0;A4;BOM;B1;S;0;0.0
obs1196;68;MG;SULDESTE;30;27.54;2021;0 Km;37;30503.51;1.0;2993.0;1476.0;37;N;N;EF;760;2.0;A4;BOM;B2;N;0;0.0
obs7706;32;SP;SULDESTE;30;51.25;2018;>= 3 anos;48;24101.31;1.09;4920.0;1435.0;13;N;N;EF;708;;;;;N;3;0.0
obs6033;28;PA;NORTE;30;36.77;2021;0 Km;36;115167.75;1.19;16400.0;2337.0;25;N;N;EF;737;3.0;A1;BOM;B1;S;0;0.0
obs3622;47;PR;SUL;30;38.49;2021;0 Km;49;32863.87;1.16;2788.0;861.0;36;N;N;EF;678;3.0;A1;RUIM;B3;S;0;0.0
obs911;64;RS;SUL;30;39.84;2016;>= 3 anos;60;13579.14;1.06;4100.0;820.0;7;N;N;EF;717;;;;;N;5;0.0
obs1507;50;RS;SUL;30;45.06;2018;>= 3 anos;48;37483.14;1.3;6560.0;1845.0;16;N;N;EF;654;;;;;N;3;0.0
obs982;44;SP;SULDESTE;30;84.96;2021;0 Km;24;8359.65;0.97;2697.8;1394.0;15;N;N;EF;733;3.0;A2;BOM;A1;S;0;0.0
obs5734;53;SP;SULDESTE;30;0.0;2022;0 Km;60;43124.08;1.39;4100.0;3198.0;27;N;N;EF;702;3.0;A2;BOM;C3;S;-1;0.0
obs7396;52;RS;SUL;30;65.51;2016;>= 3 anos;36;15908.88;0.82;11070.0;15867.0;4;N;N;EF;665;;;;;S;5;0.0
obs7967;61;SP;SULDESTE;30;12.51;2022;0 Km;60;38427.11;1.04;2870.0;2665.0;30;N;N;EF;760;3.0;A4;BOM;C3;S;-1;0.0
obs2316;41;PR;SUL;30;30.97;2021;0 Km;49;69457.61;1.19;8200.0;5945.0;26;N;N;EF;733;3.0;A4;BOM;B3;S;0;0.0
obs5082;44;DF;CENTRO-OESTE;30;67.5;2021;0 Km;24;22971.91;0.0;8200.0;1353.0;11;N;N;EF;678;3.0;A2;PESS;A1;S;0;0.0
obs7279;35;SC;SUL;30;34.78;2022;0 Km;60;30723.09;1.08;2443.6;820.0;29;S;N;EF;697;3.0;A1;BOM;B3;N;-1;0.0
obs78;39;MG;SULDESTE;30;0.0;2021;0 Km;60;42732.76;1.44;12300.0;6027.0;8;N;N;EF;693;3.0;A4;BOM;C3;S;0;0.0
obs3619;39;PR;SUL;30;23.29;2022;0 Km;60;42033.45;1.61;4100.0;1435.0;0;N;N;EF;682;2.0;A2;BOM;B3;S;-1;0.0
obs1896;34;BA;NORDESTE;30;63.04;2021;0 Km;18;31465.94;0.0;6560.0;1927.0;28;N;N;EF;746;3.0;A2;BOM;A1;S;0;0.0
obs3972;41;SP;SULDESTE;30;0.0;2014;>= 3 anos;48;22433.01;1.39;4920.0;6027.0;13;N;N;EF;708;;;;;S;7;0.0
obs427;48;GO;CENTRO-OESTE;30;32.75;2018;>= 3 anos;48;23410.09;1.82;2870.0;1845.0;25;S;N;EF;651;;;;;S;3;0.0
obs1205;33;SP;SULDESTE;30;90.85;2021;0 Km;12;4967.53;0.58;0.82;6068.0;87;N;N;EF;612;1.0;A0;BOM;A1;S;0;0.0
obs6007;33;ES;SULDESTE;30;58.5;2022;0 Km;12;25073.62;0.0;6560.0;5904.0;32;N;N;EF;746;3.0;A4;BOM;A1;N;-1;0.0
obs1753;64;PB;NORDESTE;30;74.56;2021;0 Km;36;12443.58;0.82;2296.0;1845.0;18;N;N;EF;705;3.0;A1;PESS;A1;S;0;0.0
obs1429;57;MA;NORDESTE;30;0.0;2021;0 Km;60;42571.53;1.46;6478.0;2501.0;17;N;N;EF;696;3.0;A2;BOM;C3;S;0;0.0
obs7179;50;DF;CENTRO-OESTE;30;1.79;2022;0 Km;60;46433.92;1.1;6912.6;6109.0;16;N;N;EF;746;3.0;A2;BOM;C3;S;-1;0.0
obs2732;64;ES;SULDESTE;30;16.8;2022;0 Km;60;35403.31;1.31;2870.0;1476.0;29;S;N;EF;696;3.0;A4;BOM;C3;S;-1;0.0
obs605;62;RJ;SULDESTE;30;0.0;2021;0 Km;60;39672.34;1.21;4264.0;1886.0;22;N;N;EF;751;3.0;A2;BOM;C3;S;0;0.0
obs2973;24;MG;SULDESTE;30;26.47;2021;0 Km;49;33375.31;1.05;2378.0;369.0;40;N;N;EF;738;1.0;A2;BOM;B3;;0;0.0
obs3861;44;PR;SUL;30;37.8;2022;0 Km;37;34098.08;1.08;14760.0;8364.0;8;N;N;EF;706;3.0;A4;BOM;B2;S;-1;0.0
obs4937;35;SC;SUL;30;47.03;2014;>= 3 anos;48;22580.79;1.17;2870.0;4305.0;22;N;N;EF;677;;;;;S;7;0.0
obs6960;48;SP;SULDESTE;30;60.68;2022;0 Km;12;23754.63;0.0;6560.0;8569.0;0;N;N;EF;732;1.0;A4;RUIM;A1;;-1;0.0
obs1075;53;SP;SULDESTE;30;72.68;2021;0 Km;24;13267.53;0.82;8200.0;3280.0;7;N;N;EF;715;3.0;A2;RUIM;A1;S;0;0.0
obs4622;46;GO;CENTRO-OESTE;30;32.9;2022;0 Km;36;43448.95;1.03;4100.0;2665.0;0;N;N;EF;759;3.0;A2;BOM;B1;S;-1;0.0
obs5632;32;PR;SUL;30;20.0;2016;>= 3 anos;60;25686.01;1.47;3034.0;861.0;21;N;N;EF;694;;;;;N;5;0.0
obs4149;51;SP;SULDESTE;30;7.36;2012;>= 3 anos;48;30293.11;1.64;4100.0;3280.0;22;N;N;EF;704;;;;;S;9;0.0
obs5270;38;GO;CENTRO-OESTE;30;50.0;2021;0 Km;60;30350.55;1.22;4100.0;2337.0;0;N;N;EF;678;2.0;A1;BOM;A3;S;0;0.0
obs9814;52;PE;NORDESTE;30;0.0;2022;0 Km;48;42921.25;1.3;4428.0;861.0;28;N;N;EF;691;3.0;A1;BOM;C2;N;-1;0.0
obs9418;29;RS;SUL;30;20.21;2022;0 Km;60;37896.31;1.61;3280.0;820.0;31;N;N;EF;678;3.0;A1;RUIM;B3;N;-1;0.0
obs1183;47;CE;NORDESTE;30;9.34;2021;0 Km;60;45937.3;1.12;4920.0;3239.0;0;N;N;EF;755;3.0;A2;BOM;C3;S;0;0.0
obs6766;59;RJ;SULDESTE;30;37.31;2020;2 anos;48;35770.51;1.24;4100.0;2378.0;0;N;N;EF;675;;;;;;1;0.0
obs6736;29;SP;SULDESTE;30;38.01;2015;>= 3 anos;18;26757.31;0.77;4920.0;861.0;32;N;N;EF;712;;;;;N;6;0.0
obs1902;45;GO;CENTRO-OESTE;30;40.51;2022;0 Km;48;25162.22;0.99;9840.0;8282.0;0;N;N;EF;693;3.0;A4;RUIM;A2;S;-1;0.0
obs3912;55;SP;SULDESTE;30;80.91;2021;0 Km;24;15479.27;0.0;9020.0;8405.0;0;N;N;EF;737;3.0;A4;BOM;A1;S;0;0.0
obs8229;58;PR;SUL;30;37.0;2021;0 Km;48;53235.37;1.16;12300.0;1353.0;0;N;N;EF;737;3.0;A4;RUIM;B2;N;0;0.0
obs4042;62;SP;SULDESTE;30;20.66;2021;0 Km;60;32666.08;1.23;6560.0;6068.0;12;N;N;EF;707;3.0;A2;RUIM;B3;S;0;0.0
obs6438;36;SC;SUL;30;61.86;2017;>= 3 anos;60;16438.79;1.07;3116.0;2501.0;12;N;N;EF;677;;;;;S;4;0.0
obs8860;39;RN;NORDESTE;30;56.64;2022;0 Km;49;19644.44;1.22;8200.0;3198.0;0;N;N;EF;675;1.0;A1;BOM;A3;;-1;0.0
obs8742;34;PI;NORDESTE;30;11.59;2022;0 Km;48;38906.25;1.31;4510.0;2501.0;25;N;N;EF;693;1.0;A2;RUIM;C2;;-1;0.0
obs6128;33;RN;NORDESTE;30;27.56;2022;0 Km;48;31936.74;1.05;3116.0;984.0;28;N;N;EF;737;1.0;A2;BOM;B2;;-1;0.0
obs2880;70;SC;SUL;30;20.52;2018;>= 3 anos;48;26480.96;1.37;3150.44;2501.0;0;N;N;EF;717;;;;;N;3;0.0
obs1356;52;SP;SULDESTE;30;43.78;2021;0 Km;60;40229.87;1.28;5002.0;4346.0;19;N;N;EF;687;2.0;A2;RUIM;A3;S;0;0.0
obs907;48;PE;NORDESTE;30;27.7;2021;0 Km;60;56591.35;1.12;4100.0;1271.0;33;N;N;EF;702;3.0;A1;RUIM;B3;;0;0.0
obs2174;35;SC;SUL;30;12.66;2022;0 Km;60;42592.09;1.24;4920.0;1886.0;21;N;N;EF;697;3.0;A2;BOM;C3;S;-1;0.0
obs9821;41;ES;SULDESTE;30;41.7;2021;0 Km;60;24998.43;1.08;3690.0;5986.0;15;N;N;EF;697;1.0;A2;PESS;A3;;0;0.0
obs4567;57;PR;SUL;30;69.13;2021;0 Km;48;28829.11;0.78;9840.0;10127.0;0;N;N;EF;764;3.0;A1;BOM;A2;S;0;0.0
obs767;40;SP;SULDESTE;30;28.58;2021;0 Km;49;60931.89;0.93;9840.0;6027.0;0;N;N;EF;714;3.0;A1;BOM;B3;S;0;0.0
obs5561;24;RJ;SULDESTE;60;1.13;2018;>= 3 anos;60;33777.68;1.85;3116.0;943.0;31;N;N;EF;697;;;;;;3;0.0
obs6481;32;PA;NORTE;30;25.31;2021;0 Km;49;65748.52;0.93;4510.0;2542.0;42;N;N;EF;737;3.0;A2;BOM;B3;S;0;0.0
obs4554;39;PA;NORTE;30;48.91;2022;0 Km;36;24354.13;0.83;4510.0;3280.0;17;N;N;EF;733;2.0;A2;BOM;A1;S;-1;0.0
obs1742;34;RS;SUL;30;0.0;2021;0 Km;60;39294.2;1.14;6806.0;1804.0;13;N;N;EF;733;2.0;A4;BOM;C3;S;0;0.0
obs3830;55;SP;SULDESTE;30;19.23;2014;>= 3 anos;48;18465.61;1.79;2296.0;2542.0;25;N;N;EF;670;;;;;N;7;0.0
obs6262;80;PR;SUL;30;47.4;2014;>= 3 anos;48;23030.01;1.69;3280.0;1722.0;21;N;N;EF;678;;;;;;7;0.0
obs8079;43;MA;NORDESTE;30;52.39;2017;>= 3 anos;36;35099.87;1.26;4100.0;4469.0;31;N;N;EF;675;;;;;S;4;0.0
obs4049;49;SP;SULDESTE;30;53.3;2021;0 Km;48;22600.73;1.16;4264.0;1230.0;15;N;N;EF;637;1.0;A2;PESS;A2;;0;0.0
obs8598;45;SP;SULDESTE;30;22.76;2022;0 Km;60;33761.52;1.29;4100.0;6273.0;20;N;N;EF;706;3.0;A2;RUIM;B3;S;-1;0.0
obs1430;45;RS;SUL;30;50.04;2021;0 Km;36;20643.27;0.75;4100.0;2624.0;16;N;N;EF;746;2.0;A2;BOM;A1;S;0;0.0
obs6201;69;RJ;SULDESTE;30;77.12;2019;2 anos;36;14182.21;1.02;1640.0;1394.0;29;N;N;EF;684;;;;;N;2;0.0
obs2874;48;SP;SULDESTE;30;60.06;2021;0 Km;37;33905.27;1.01;12300.0;3321.0;9;N;N;EF;663;3.0;A1;PESS;A2;S;0;0.0
obs1333;37;DF;CENTRO-OESTE;30;6.45;2013;>= 3 anos;48;17434.09;2.09;4756.0;1845.0;12;N;S;EF;668;;;;;S;8;1.0
obs8727;44;SC;SUL;30;10.18;2022;0 Km;60;42558.06;1.4;4059.0;1025.0;27;N;N;EF;697;1.0;A2;RUIM;C3;;-1;1.0
obs92;53;PE;NORDESTE;30;28.26;2021;0 Km;37;45771.87;1.34;4100.0;5904.0;40;N;N;EF;678;2.0;A1;BOM;B2;N;0;0.0
obs9108;42;PE;NORDESTE;30;0.0;2022;0 Km;60;47661.38;1.39;4100.0;4346.0;0;N;N;EF;733;1.0;A1;BOM;C3;;-1;0.0
obs2446;70;ES;SULDESTE;30;32.09;2021;0 Km;49;59805.14;0.93;5904.0;1927.0;0;N;N;EF;700;3.0;A2;PESS;B3;N;0;0.0
obs5857;72;MG;SULDESTE;30;66.28;2022;0 Km;48;19202.77;0.88;3198.0;2009.0;16;N;N;EF;707;3.0;A4;BOM;A2;S;-1;0.0
obs4983;55;BA;NORDESTE;30;14.02;2022;0 Km;60;37033.58;1.55;4100.0;1312.0;24;N;N;EF;668;3.0;A1;RUIM;C3;S;-1;0.0
obs8332;49;CE;NORDESTE;30;31.95;2022;0 Km;48;36023.06;1.27;3280.0;1353.0;32;N;S;EF;663;2.0;A4;BOM;B2;N;-1;0.0
obs4753;83;PA;NORTE;30;3.3;2021;0 Km;60;58462.15;1.71;8610.0;1312.0;18;N;N;EF;711;3.0;A4;RUIM;C3;S;0;0.0
obs355;35;PE;NORDESTE;30;0.0;2021;0 Km;60;42292.51;1.14;3116.0;1804.0;31;S;N;EF;746;3.0;A1;BOM;C3;N;0;0.0
obs545;53;SP;SULDESTE;30;59.86;2021;0 Km;37;28532.01;0.8;5740.0;4223.0;17;N;N;EF;687;3.0;A1;RUIM;A2;N;0;0.0
obs8119;62;RJ;SULDESTE;30;34.1;2021;0 Km;48;44312.04;0.88;5740.0;2009.0;20;N;N;EF;751;3.0;A4;BOM;B2;N;0;0.0
obs2714;56;SC;SUL;30;32.35;2022;0 Km;60;31212.79;1.2;8200.0;8405.0;8;N;N;EF;681;2.0;A4;RUIM;B3;S;-1;0.0
obs3415;56;SP;SULDESTE;60;68.25;2019;2 anos;24;17635.61;0.54;4920.0;4387.0;16;N;N;EF;696;;;;;N;2;0.0
obs6830;62;SP;SULDESTE;30;31.89;2022;0 Km;37;61062.87;0.87;4920.0;1558.0;0;N;N;EF;768;3.0;A4;BOM;B2;S;-1;0.0
obs5266;56;RJ;SULDESTE;30;55.24;2022;0 Km;12;20838.81;0.19;3690.0;1312.0;47;S;N;EF;711;3.0;A4;BOM;A1;S;-1;0.0
obs9145;61;RS;SUL;30;28.08;2022;0 Km;49;36154.14;1.22;4920.0;2583.0;22;N;N;EF;751;3.0;A4;BOM;B3;S;-1;0.0
obs462;34;GO;CENTRO-OESTE;30;9.15;2018;>= 3 anos;60;36524.09;1.52;7380.0;2009.0;12;N;N;EF;700;;;;;N;3;0.0
obs1349;59;SC;SUL;30;45.07;2021;0 Km;48;42069.2;1.0;7380.0;2009.0;15;N;N;EF;747;3.0;A4;BOM;A2;S;0;0.0
obs7891;44;PR;SUL;30;27.46;2019;2 anos;60;38468.01;1.17;3845.8;2624.0;23;N;N;EF;675;;;;;N;2;0.0
obs4972;51;RN;NORDESTE;30;28.0;2022;0 Km;49;39303.55;1.16;9020.0;3239.0;13;N;N;EF;659;2.0;A1;RUIM;B3;N;-1;0.0
obs7164;36;AM;NORTE;30;23.21;2022;0 Km;49;62975.69;0.93;5740.0;4305.0;32;N;N;EF;669;3.0;A2;BOM;B3;S;-1;0.0
obs173;31;PB;NORDESTE;30;30.36;2021;0 Km;48;57799.17;1.45;6560.0;1312.0;25;N;N;EF;678;3.0;A2;BOM;B2;S;0;0.0
obs6934;59;DF;CENTRO-OESTE;30;58.34;2022;0 Km;49;34083.12;1.16;2870.0;1476.0;36;N;N;EF;751;3.0;A2;BOM;A3;N;-1;0.0
obs6968;55;RS;SUL;30;44.7;2022;0 Km;48;41877.92;0.93;8200.0;4264.0;13;N;N;EF;683;3.0;A2;RUIM;A2;S;-1;0.0
obs599;69;SP;SULDESTE;30;58.54;2018;>= 3 anos;18;20429.55;0.66;4346.0;5945.0;28;N;N;EF;668;;;;;;3;0.0
obs2214;52;PR;SUL;30;10.12;2021;0 Km;48;37882.75;1.14;6970.0;2091.0;14;N;N;EF;715;3.0;A4;BOM;C2;S;0;0.0
obs1019;38;SC;SUL;30;49.83;2020;2 anos;60;37280.93;1.1;8200.0;6068.0;10;N;N;EF;677;;;;;S;1;0.0
obs734;47;RS;SUL;30;50.06;2021;0 Km;36;43669.75;0.88;16400.0;11767.0;0;N;N;EF;702;3.0;A4;BOM;A1;S;0;0.0
obs6268;50;SP;SULDESTE;30;44.78;2021;0 Km;36;46853.27;0.72;5740.0;6027.0;26;N;N;EF;755;3.0;A4;BOM;A1;S;0;0.0
obs8489;31;SP;SULDESTE;30;38.01;2015;>= 3 anos;48;18648.05;1.53;2460.0;820.0;23;N;N;EF;655;;;;;;6;0.0
obs6843;56;RJ;SULDESTE;30;52.14;2022;0 Km;36;21328.51;0.51;8200.0;1599.0;8;N;N;EF;760;3.0;A2;BOM;A1;S;-1;0.0
obs6490;53;SP;SULDESTE;30;46.0;2021;0 Km;48;32266.37;0.88;3280.0;1312.0;25;N;N;EF;755;2.0;A1;BOM;A2;S;0;0.0
obs2078;78;PE;NORDESTE;30;46.04;2021;0 Km;48;48899.74;1.21;4838.0;2009.0;28;N;N;EF;707;3.0;A2;RUIM;A2;S;0;0.0
obs7127;50;PE;NORDESTE;30;23.97;2022;0 Km;48;68309.29;1.58;8200.0;1886.0;25;N;N;EF;691;3.0;A2;RUIM;B2;S;-1;0.0
obs5278;39;SP;SULDESTE;30;46.38;2014;>= 3 anos;48;13228.31;1.5;2050.0;1353.0;19;S;N;EF;647;;;;;S;7;0.0
obs4895;58;BA;NORDESTE;30;19.92;2022;0 Km;60;34543.58;1.29;6560.0;1886.0;13;N;N;EF;683;3.0;A1;BOM;C3;N;-1;0.0
obs1056;74;SE;NORDESTE;30;36.2;2021;0 Km;48;29556.49;1.39;4018.0;1312.0;21;N;N;EF;707;2.0;A2;BOM;B2;N;0;0.0
obs4384;53;MG;SULDESTE;30;7.56;2019;2 anos;48;32204.18;1.35;6560.0;1312.0;14;N;N;EF;686;;;;;S;2;0.0
obs6505;61;MA;NORDESTE;30;20.36;2022;0 Km;48;34927.23;1.31;4100.0;1804.0;0;N;N;EF;707;1.0;A1;BOM;B2;;-1;0.0
obs2425;50;DF;CENTRO-OESTE;30;24.0;2022;0 Km;60;32528.53;1.43;3280.0;1353.0;24;N;N;EF;687;1.0;A4;BOM;B3;;-1;0.0
obs353;40;RJ;SULDESTE;30;16.4;2015;>= 3 anos;48;26299.38;1.88;5740.0;1312.0;15;N;N;EF;668;;;;;;6;0.0
obs2893;59;MT;CENTRO-OESTE;30;24.95;2022;0 Km;60;30880.15;1.46;4920.0;3280.0;15;N;N;EF;681;3.0;A2;BOM;B3;S;-1;0.0
obs282;51;GO;CENTRO-OESTE;30;38.43;2021;0 Km;36;40642.3;0.89;6314.0;4305.0;21;N;N;EF;742;3.0;A4;BOM;B1;S;0;0.0
obs5507;38;SC;SUL;30;67.3;2022;0 Km;36;15758.19;0.72;2460.0;902.0;21;N;N;EF;733;3.0;A2;BOM;A1;S;-1;0.0
obs1042;70;RS;SUL;30;87.88;2021;0 Km;36;8178.43;0.72;4018.0;1927.0;6;N;N;EF;747;3.0;A4;BOM;A1;N;0;0.0
obs6776;62;MS;CENTRO-OESTE;30;0.0;2022;0 Km;60;44611.69;1.44;8200.0;2501.0;14;N;N;EF;707;2.0;A4;BOM;C3;S;-1;0.0
obs2578;53;DF;CENTRO-OESTE;30;39.58;2022;0 Km;36;28649.94;1.05;4920.0;8364.0;20;N;N;EF;746;3.0;A2;BOM;B1;S;-1;0.0
obs7264;45;RS;SUL;30;10.43;2022;0 Km;60;42128.58;1.61;4756.0;1353.0;24;N;N;EF;674;2.0;A4;RUIM;C3;N;-1;1.0
obs4994;45;ES;SULDESTE;30;65.73;2022;0 Km;37;30577.69;0.74;2460.0;2337.0;41;N;N;EF;715;3.0;A4;RUIM;A2;S;-1;0.0
obs5859;51;SC;SUL;30;55.95;2021;0 Km;60;33239.65;1.17;8200.0;2378.0;9;N;N;EF;742;3.0;A1;BOM;A3;S;0;0.0
obs6603;48;PA;NORTE;30;30.82;2022;0 Km;49;60946.34;0.93;9020.0;1312.0;18;N;N;EF;706;1.0;A1;BOM;B3;;-1;0.0
obs9032;40;GO;CENTRO-OESTE;30;68.43;2022;0 Km;24;25731.93;0.0;16400.0;5904.0;6;N;N;EF;746;3.0;A2;BOM;A1;N;-1;0.0
obs3664;55;MG;SULDESTE;30;41.42;2014;>= 3 anos;18;22162.01;1.0;4920.0;1312.0;27;N;N;EF;660;;;;;N;7;0.0
obs4902;72;TO;NORTE;30;43.08;2021;0 Km;60;44024.19;1.22;3608.0;1845.0;0;N;N;EF;707;3.0;A2;BOM;A3;S;0;0.0
obs9514;73;BA;NORDESTE;30;32.7;2022;0 Km;49;36159.44;1.1;5740.0;2583.0;18;N;N;EF;673;3.0;A2;PESS;B3;S;-1;0.0
obs4046;59;SC;SUL;30;31.0;2019;2 anos;60;29718.79;1.0;4100.0;1394.0;16;N;N;EF;707;;;;;S;2;0.0
obs2146;38;SP;SULDESTE;30;32.29;2022;0 Km;48;30726.37;1.55;5740.0;1394.0;16;N;N;EF;658;1.0;A2;BOM;B2;;-1;0.0
obs7021;54;AL;NORDESTE;30;54.29;2020;2 anos;48;27637.34;1.08;9266.0;6068.0;8;N;N;EF;678;;;;;S;1;0.0
obs6139;44;MA;NORDESTE;30;2.28;2022;0 Km;60;42652.87;1.4;3444.0;1312.0;30;N;N;EF;697;2.0;A1;BOM;C3;S;-1;0.0
obs9516;42;PI;NORDESTE;30;61.88;2022;0 Km;24;26399.97;0.62;2870.0;1804.0;0;N;N;EF;667;3.0;A2;RUIM;A1;S;-1;0.0
obs572;41;PB;NORDESTE;30;35.67;2015;>= 3 anos;48;16505.39;1.4;2050.0;1312.0;24;N;N;EF;650;;;;;N;6;0.0
obs4690;41;BA;NORDESTE;30;22.52;2022;0 Km;60;57881.52;1.5;5740.0;4264.0;26;N;N;EF;682;2.0;A2;RUIM;B3;S;-1;0.0
obs4504;34;MT;CENTRO-OESTE;30;26.89;2022;0 Km;49;65471.23;0.93;4920.0;2665.0;38;N;N;EF;669;3.0;A4;PESS;B3;S;-1;0.0
obs4959;67;MS;CENTRO-OESTE;30;27.04;2017;>= 3 anos;60;28005.29;1.88;4100.0;1353.0;19;N;N;EF;665;;;;;N;4;0.0
obs4680;65;SC;SUL;30;20.12;2022;0 Km;60;70101.11;1.13;12300.0;1722.0;13;N;N;EF;711;2.0;A4;RUIM;B3;S;-1;0.0
obs6528;51;CE;NORDESTE;30;45.56;2022;0 Km;49;30420.04;1.16;6150.0;4264.0;0;N;N;EF;667;3.0;A2;PESS;A3;S;-1;0.0
obs171;39;TO;NORTE;30;40.37;2021;0 Km;48;53905.34;1.0;6560.0;4018.0;22;N;N;EF;733;3.0;A2;BOM;A2;S;0;0.0
obs3064;51;SP;SULDESTE;30;28.05;2021;0 Km;49;64673.37;1.19;6560.0;11726.0;30;N;N;EF;674;3.0;A4;RUIM;B3;S;0;0.0
obs6676;57;SC;SUL;30;5.92;2022;0 Km;60;40409.19;1.12;2706.0;861.0;35;N;N;EF;747;3.0;A2;BOM;C3;S;-1;0.0
obs338;54;PE;NORDESTE;30;40.0;2020;2 anos;36;20505.01;1.28;3690.0;3321.0;20;N;N;EF;675;;;;;S;1;0.0
obs3277;51;RS;SUL;30;9.59;2013;>= 3 anos;48;17480.14;1.64;4100.0;1394.0;13;N;N;EF;681;;;;;S;8;0.0
obs8488;32;SC;SUL;30;28.0;2022;0 Km;49;34367.19;1.22;3280.0;2542.0;32;N;N;EF;669;2.0;A2;PESS;B3;S;-1;0.0
obs1965;55;RJ;SULDESTE;30;39.61;2022;0 Km;36;25969.04;0.9;8200.0;1886.0;0;N;N;EF;777;3.0;A4;BOM;B1;S;-1;0.0
obs3166;47;CE;NORDESTE;30;28.0;2021;0 Km;49;51187.26;1.19;8200.0;5986.0;18;N;N;EF;674;3.0;A2;RUIM;B3;S;0;0.0
obs5029;35;PE;NORDESTE;30;26.13;2022;0 Km;48;59848.27;1.35;6560.0;1312.0;26;N;N;EF;678;3.0;A2;RUIM;B2;S;-1;0.0
obs962;46;RS;SUL;30;0.0;2021;0 Km;60;39327.4;1.55;3690.0;3198.0;28;N;S;EF;742;2.0;A1;BOM;C3;N;0;0.0
obs253;57;SP;SULDESTE;30;20.66;2012;>= 3 anos;12;21773.76;1.2;9840.0;2542.0;20;N;N;EF;679;;;;;N;9;0.0
obs5294;67;AL;NORDESTE;30;17.75;2021;0 Km;60;62294.82;1.14;5494.0;2993.0;27;N;N;EF;751;3.0;A2;BOM;C3;S;0;0.0
obs2895;22;BA;NORDESTE;30;64.04;2021;0 Km;60;17070.63;1.41;3690.0;0.0;11;N;N;EF;604;1.0;A0;BOM;A3;;0;0.0
obs7344;41;PI;NORDESTE;30;0.0;2022;0 Km;60;43837.53;1.67;2132.0;861.0;0;N;N;EF;706;3.0;A1;BOM;C3;S;-1;0.0
obs3908;48;SP;SULDESTE;30;32.46;2021;0 Km;24;28425.61;0.51;8292.66;1025.0;16;N;N;EF;755;3.0;A2;BOM;B1;N;0;0.0
obs4899;34;SP;SULDESTE;30;38.26;2016;>= 3 anos;60;19784.48;1.02;2460.0;5863.0;18;N;N;EF;654;;;;;S;5;0.0
obs199;58;PA;NORTE;30;41.85;2021;0 Km;36;46636.04;0.93;856.9;1312.0;87;N;N;EF;668;1.0;A2;RUIM;A1;S;0;0.0
obs2663;36;PR;SUL;30;53.66;2016;>= 3 anos;60;17042.28;1.18;2624.0;984.0;15;N;N;EF;704;;;;;S;5;0.0
obs4869;57;RJ;SULDESTE;30;63.69;2022;0 Km;24;28539.55;0.0;5740.0;1886.0;21;N;N;EF;760;3.0;A2;BOM;A1;N;-1;0.0
obs6133;55;PR;SUL;30;0.0;2022;0 Km;48;42626.31;1.1;7380.0;5699.0;0;N;N;EF;747;3.0;A4;BOM;C2;N;-1;0.0
obs4967;30;RJ;SULDESTE;30;34.5;2021;0 Km;48;47933.33;1.14;6109.0;615.0;22;N;N;EF;691;1.0;A1;BOM;B2;;0;0.0
obs720;61;RJ;SULDESTE;30;71.81;2019;2 anos;36;10032.21;1.02;5330.0;0.0;6;N;N;EF;675;;;;;S;2;0.0
obs2846;40;CE;NORDESTE;30;78.22;2021;0 Km;18;17760.34;0.0;5740.0;3198.0;18;N;N;EF;746;2.0;A2;BOM;A1;S;0;0.0
obs8402;59;MT;CENTRO-OESTE;30;9.61;2020;2 anos;60;39849.96;1.79;4100.0;2501.0;27;N;N;EF;643;;;;;S;1;0.0
obs4744;41;PE;NORDESTE;30;47.16;2022;0 Km;60;30547.61;0.83;3690.0;1927.0;17;S;N;EF;706;3.0;A2;BOM;A3;N;-1;0.0
obs7025;25;RO;NORTE;30;27.82;2021;0 Km;49;70055.83;1.19;5401.68;0.0;40;S;N;EF;685;3.0;A1;BOM;B3;;0;0.0
obs3207;62;MG;SULDESTE;30;28.15;2022;0 Km;37;32603.41;1.13;3280.0;2009.0;37;N;N;EF;751;3.0;A4;BOM;B2;S;-1;0.0
obs175;31;PE;NORDESTE;30;53.22;2021;0 Km;36;38923.54;0.72;9840.0;3157.0;12;N;N;EF;691;3.0;A4;RUIM;A1;S;0;0.0
obs4488;40;CE;NORDESTE;30;22.08;2022;0 Km;49;35113.98;1.16;2214.0;1353.0;0;N;N;EF;686;3.0;A1;BOM;B3;S;-1;0.0
obs1047;48;MA;NORDESTE;30;40.0;2015;>= 3 anos;48;21565.89;1.37;2378.0;3239.0;27;N;N;EF;662;;;;;;6;0.0
obs3338;54;MS;CENTRO-OESTE;30;46.44;2022;0 Km;60;23855.29;0.97;3526.0;3239.0;15;N;N;EF;742;3.0;A2;BOM;A3;S;-1;0.0
obs2521;69;PE;NORDESTE;30;28.28;2021;0 Km;49;71704.82;0.88;8200.0;8569.0;25;N;N;EF;683;2.0;A4;BOM;B3;S;0;0.0
obs1515;76;SC;SUL;30;20.02;2021;0 Km;60;39963.61;1.55;4100.0;2501.0;25;N;N;EF;679;1.0;A4;BOM;B3;S;0;0.0
obs2593;30;PA;NORTE;30;31.59;2022;0 Km;60;29831.3;1.18;2788.0;820.0;0;N;N;EF;710;1.0;A1;BOM;B3;S;-1;0.0
obs6368;60;BA;NORDESTE;30;29.21;2022;0 Km;60;58264.85;1.55;4920.0;1189.0;31;N;N;EF;679;1.0;A2;RUIM;B3;;-1;0.0
obs2965;40;SP;SULDESTE;30;28.07;2021;0 Km;49;53315.65;0.83;4100.0;2542.0;0;N;N;EF;723;3.0;A4;BOM;B3;N;0;0.0
obs9608;50;PE;NORDESTE;30;21.54;2022;0 Km;60;65360.3;1.5;8200.0;1312.0;21;N;N;EF;687;3.0;A2;BOM;B3;N;-1;0.0
obs7627;55;PA;NORTE;30;55.33;2021;0 Km;37;81387.58;1.27;8200.0;5986.0;35;N;N;EF;681;2.0;A2;PESS;A2;S;0;0.0
obs3870;47;SP;SULDESTE;30;32.67;2018;>= 3 anos;60;24499.71;1.22;2706.0;1312.0;22;N;N;EF;674;;;;;N;3;0.0
obs5096;39;SC;SUL;30;53.65;2018;>= 3 anos;60;27975.79;1.06;2919.2;2583.0;22;N;N;EF;677;;;;;S;3;0.0
obs6962;48;RJ;SULDESTE;30;24.8;2021;0 Km;48;51010.97;1.21;5740.0;2583.0;0;N;N;EF;759;3.0;A2;RUIM;B2;N;0;0.0
obs5315;60;AP;NORTE;30;20.12;2021;0 Km;60;53624.64;1.7;5740.0;1804.0;26;N;N;EF;683;1.0;A2;RUIM;B3;;0;0.0
obs5150;28;DF;CENTRO-OESTE;30;31.4;2022;0 Km;49;30302.47;1.16;2460.0;492.0;36;N;N;EF;737;3.0;A1;BOM;B3;N;-1;0.0
obs4451;47;SP;SULDESTE;30;44.76;2021;0 Km;36;41765.37;0.87;9840.0;11808.0;14;N;N;EF;700;3.0;A4;RUIM;A1;N;0;0.0
obs1489;62;PE;NORDESTE;30;32.69;2021;0 Km;49;60093.95;0.83;24600.0;15990.0;0;N;N;EF;722;3.0;A2;RUIM;B3;S;0;0.0
obs5506;54;MG;SULDESTE;30;0.0;2022;0 Km;60;53161.39;1.14;4510.0;861.0;28;N;N;EF;700;3.0;A4;RUIM;C3;S;-1;1.0
obs1222;65;RJ;SULDESTE;30;46.47;2021;0 Km;48;48470.34;1.1;24600.0;2542.0;5;N;N;EF;707;1.0;A4;RUIM;A2;;0;0.0
obs3761;60;PB;NORDESTE;30;24.85;2022;0 Km;49;59373.83;0.93;12300.0;1886.0;14;N;N;EF;711;3.0;A2;PESS;B3;S;-1;0.0
obs9756;38;SP;SULDESTE;30;53.01;2021;0 Km;30;27510.79;0.0;6970.0;4428.0;13;N;N;EF;706;3.0;A2;RUIM;A1;N;0;0.0
obs1361;58;SC;SUL;30;32.07;2021;0 Km;60;35999.53;1.27;3517.8;1640.0;25;N;N;EF;692;3.0;A2;RUIM;B3;N;0;0.0
obs5459;22;RS;SUL;30;27.41;2021;0 Km;37;47938.58;1.14;4838.0;943.0;35;N;N;EF;661;1.0;A2;BOM;B2;S;0;0.0
obs1009;50;MT;CENTRO-OESTE;30;24.67;2013;>= 3 anos;48;19930.79;2.1;4920.0;1927.0;13;S;N;EF;651;;;;;S;8;0.0
obs4011;23;SP;SULDESTE;30;43.93;2014;>= 3 anos;48;13749.38;1.47;1640.0;902.0;24;N;N;EF;670;;;;;;7;0.0
obs4162;46;DF;CENTRO-OESTE;30;23.77;2022;0 Km;60;34038.3;1.13;3375.94;1968.0;23;N;N;EF;746;1.0;A2;BOM;B3;S;-1;0.0
obs6698;23;SP;SULDESTE;30;81.32;2019;2 anos;36;8661.32;1.02;1640.0;902.0;17;N;N;EF;670;;;;;;2;0.0
obs8345;41;DF;CENTRO-OESTE;30;23.78;2021;0 Km;49;68750.49;1.01;14175.34;1394.0;0;N;N;EF;682;1.0;A2;PESS;B3;S;0;0.0
obs3798;42;PE;NORDESTE;30;28.62;2021;0 Km;49;59258.14;1.19;9840.0;1845.0;18;N;N;EF;693;2.0;A1;BOM;B3;N;0;0.0
obs1296;47;SP;SULDESTE;30;41.38;2018;>= 3 anos;36;23495.41;1.24;3690.0;2542.0;22;N;N;EF;704;;;;;S;3;0.0
obs3327;33;SP;SULDESTE;30;0.0;2019;2 anos;60;49284.34;1.38;6248.79;3321.0;20;N;N;EF;671;;;;;S;2;0.0
obs188;48;BA;NORDESTE;30;41.75;2021;0 Km;37;49310.94;0.98;4920.0;1312.0;0;N;N;EF;704;3.0;A2;RUIM;A2;S;0;0.0
obs7268;51;SP;SULDESTE;30;36.77;2015;>= 3 anos;18;29579.31;1.48;5740.0;6027.0;34;N;N;EF;650;;;;;N;6;0.0
obs304;51;SP;SULDESTE;30;7.38;2021;0 Km;60;51415.94;1.05;4100.0;1845.0;0;N;N;EF;772;3.0;A4;BOM;C3;S;0;0.0
obs36;58;SP;SULDESTE;30;41.67;2015;>= 3 anos;36;21367.45;1.56;5330.0;3239.0;0;N;N;EF;664;;;;;S;6;0.0
obs6580;51;SP;SULDESTE;30;28.3;2022;0 Km;60;54314.97;1.12;6560.0;1230.0;0;N;N;EF;772;1.0;A2;BOM;B3;;-1;0.0
obs5986;47;PA;NORTE;30;3.82;2022;0 Km;60;42059.69;1.24;4100.0;3321.0;25;N;N;EF;691;3.0;A2;BOM;C3;S;-1;0.0
obs2312;61;PE;NORDESTE;30;50.53;2021;0 Km;60;39189.57;0.93;4100.0;3321.0;21;N;N;EF;720;3.0;A1;BOM;A3;N;0;0.0
obs1948;37;DF;CENTRO-OESTE;30;56.06;2022;0 Km;60;21106.07;0.82;2460.0;1312.0;18;N;N;EF;737;3.0;A2;BOM;A3;S;-1;0.0
obs828;39;RS;SUL;30;28.24;2021;0 Km;49;32728.07;1.05;3927.8;1886.0;23;N;N;EF;678;3.0;A2;RUIM;B3;S;0;0.0
obs6512;40;RJ;SULDESTE;30;50.68;2019;2 anos;36;20489.38;0.93;8200.0;3239.0;0;N;N;EF;657;;;;;S;2;0.0
obs5385;39;MT;CENTRO-OESTE;30;64.71;2022;0 Km;24;25825.45;0.11;4018.0;2706.0;28;N;N;EF;746;3.0;A4;BOM;A1;S;-1;0.0
obs740;84;RS;SUL;30;89.44;2021;0 Km;12;6971.34;0.58;5535.0;1271.0;10;N;N;EF;707;3.0;A2;BOM;A1;N;0;0.0
obs2472;37;MG;SULDESTE;30;65.0;2021;0 Km;18;31625.67;0.0;4920.0;1886.0;36;N;N;EF;746;3.0;A2;BOM;A1;S;0;0.0
obs8461;35;SP;SULDESTE;30;26.56;2022;0 Km;60;41168.98;0.88;7380.0;2624.0;12;N;N;EF;678;3.0;A2;BOM;B3;N;-1;0.0
obs4662;38;PA;NORTE;30;0.0;2022;0 Km;60;44772.13;1.5;3692.45;1886.0;32;N;N;EF;693;3.0;A2;BOM;C3;S;-1;0.0
obs8777;44;MA;NORDESTE;30;29.08;2021;0 Km;60;53228.73;1.19;6560.0;820.0;0;N;N;EF;686;3.0;A2;RUIM;B3;S;0;0.0
obs5068;57;AM;NORTE;30;0.0;2021;0 Km;60;43954.58;1.12;3444.0;5904.0;30;N;N;EF;747;3.0;A2;BOM;C3;S;0;0.0
obs8700;40;RN;NORDESTE;30;29.09;2018;>= 3 anos;60;46912.43;1.37;3280.0;3239.0;36;N;N;EF;677;;;;;S;3;0.0
obs9470;40;DF;CENTRO-OESTE;30;52.24;2016;>= 3 anos;48;23139.57;1.31;2378.0;1312.0;28;N;N;EF;668;;;;;S;5;0.0
obs1389;58;PE;NORDESTE;30;19.8;2017;>= 3 anos;60;34124.08;1.61;3198.0;1312.0;28;S;N;EF;660;;;;;S;4;0.0
obs2936;81;ES;SULDESTE;30;36.94;2022;0 Km;49;29308.62;1.16;2050.0;492.0;0;N;N;EF;711;1.0;A4;BOM;B3;;-1;0.0
obs2171;54;SP;SULDESTE;30;0.0;2021;0 Km;60;38701.01;1.25;4100.0;2337.0;23;N;N;EF;742;3.0;A4;BOM;C3;N;0;0.0
obs8244;65;SC;SUL;30;46.22;2021;2 anos;48;43887.72;1.17;13940.0;3034.0;0;N;N;EF;711;;;;;S;0;0.0
obs2336;36;RJ;SULDESTE;30;0.0;2018;>= 3 anos;48;34599.38;1.79;3690.0;1599.0;30;N;N;EF;668;;;;;N;3;1.0
obs4142;30;TO;NORTE;30;30.43;2022;0 Km;48;29372.87;1.21;2870.0;820.0;28;N;S;EF;693;2.0;A2;BOM;B2;S;-1;0.0
obs5604;46;PR;SUL;30;41.02;2016;>= 3 anos;48;25187.99;1.35;3485.0;533.0;21;N;N;EF;651;;;;;S;5;0.0
obs1290;62;SP;SULDESTE;30;76.69;2021;0 Km;24;17695.37;0.0;2460.0;3239.0;0;N;N;EF;777;3.0;A4;BOM;A1;N;0;0.0
obs8506;51;PB;NORDESTE;30;12.33;2022;0 Km;60;38497.33;1.14;4920.0;1804.0;18;N;N;EF;715;1.0;A2;BOM;C3;;-1;0.0
obs1499;43;BA;NORDESTE;30;42.19;2017;>= 3 anos;48;37009.51;1.27;4920.0;4223.0;22;N;N;EF;640;;;;;N;4;0.0
obs701;72;CE;NORDESTE;30;73.51;2021;0 Km;24;21745.17;0.0;4100.0;2706.0;22;N;N;EF;681;1.0;A1;RUIM;A1;S;0;0.0
obs7842;59;ES;SULDESTE;30;55.29;2022;0 Km;36;40449.71;1.02;6232.0;2337.0;0;N;N;EF;737;2.0;A4;BOM;A1;S;-1;0.0
obs1868;49;PA;NORTE;30;40.3;2021;0 Km;48;37852.76;1.03;20500.0;1886.0;4;N;N;EF;663;3.0;A2;PESS;A2;S;0;0.0
obs8146;56;BA;NORDESTE;30;27.27;2019;2 anos;60;41033.91;1.23;5740.0;4346.0;17;N;N;EF;678;;;;;S;2;0.0
obs210;25;SP;SULDESTE;30;10.62;2021;0 Km;60;35562.11;1.04;2624.0;1107.0;30;N;N;EF;738;3.0;A2;BOM;C3;N;0;0.0
obs4901;47;RJ;SULDESTE;30;61.05;2020;2 anos;48;27387.51;1.1;3280.0;1886.0;23;N;N;EF;672;;;;;S;1;0.0
obs8426;38;SC;SUL;30;81.41;2018;>= 3 anos;24;7624.19;1.24;3116.0;1353.0;12;S;N;EF;694;;;;;;3;0.0
obs3119;35;SP;SULDESTE;30;24.69;2022;0 Km;48;35256.51;1.37;6781.4;1804.0;0;N;N;EF;678;1.0;A2;BOM;B2;;-1;0.0
obs4568;64;SP;SULDESTE;30;20.01;2021;0 Km;48;65810.47;1.2;12300.0;1968.0;14;N;N;EF;711;3.0;A4;BOM;B2;S;0;0.0
obs4122;63;PA;NORTE;30;65.19;2021;0 Km;36;28573.85;1.1;11480.0;492.0;8;N;N;EF;747;3.0;A2;BOM;A1;N;0;0.0
obs7708;35;SP;SULDESTE;30;76.97;2022;0 Km;18;19330.47;1.21;4100.0;2624.0;30;S;N;EF;733;3.0;A2;BOM;A1;N;-1;0.0
obs3756;40;DF;CENTRO-OESTE;30;31.09;2019;2 anos;48;22400.87;0.99;3690.0;1886.0;16;N;N;EF;681;;;;;S;2;0.0
obs3872;48;SP;SULDESTE;30;60.02;2012;>= 3 anos;36;10987.31;1.51;1640.0;1312.0;25;N;N;EF;657;;;;;N;9;0.0
obs3217;41;RS;SUL;30;69.6;2013;>= 3 anos;36;9346.14;0.97;4100.0;1968.0;7;N;N;EF;677;;;;;S;8;0.0
obs5064;57;PR;SUL;30;30.31;2021;0 Km;49;71645.49;0.88;12300.0;4182.0;16;N;N;EF;711;3.0;A4;RUIM;B3;S;0;0.0
obs5962;51;MG;SULDESTE;30;51.22;2018;>= 3 anos;60;17995.41;1.03;4920.0;943.0;8;N;N;EF;693;;;;;S;3;0.0
obs2923;38;MS;CENTRO-OESTE;30;53.24;2022;0 Km;60;21290.59;1.18;3526.0;6150.0;14;N;N;EF;665;2.0;A2;RUIM;A3;S;-1;0.0
obs4076;33;PR;SUL;30;29.1;2022;0 Km;49;34396.75;1.16;3116.0;861.0;34;N;N;EF;682;3.0;A1;BOM;B3;S;-1;0.0
obs6817;54;GO;CENTRO-OESTE;30;51.76;2022;0 Km;48;35276.93;0.95;4884.74;4305.0;19;N;N;EF;742;3.0;A4;BOM;A2;S;-1;0.0
obs4352;43;PR;SUL;30;57.89;2016;>= 3 anos;60;14552.28;0.78;2870.0;2665.0;11;N;N;EF;716;;;;;N;5;0.0
obs6441;78;DF;CENTRO-OESTE;30;81.27;2022;0 Km;24;13428.57;0.55;19680.0;1845.0;3;N;N;EF;707;2.0;A2;BOM;A1;N;-1;0.0
obs5906;52;AP;NORTE;30;0.0;2022;0 Km;60;46523.99;1.12;9020.0;8405.0;12;N;N;EF;742;3.0;A2;BOM;C3;N;-1;0.0
obs7841;79;GO;CENTRO-OESTE;30;26.23;2022;0 Km;48;30529.33;1.0;5740.0;1968.0;14;N;N;EF;747;3.0;A4;BOM;B2;S;-1;0.0
obs6182;59;PR;SUL;30;53.0;2021;0 Km;30;29928.74;0.0;6560.0;4346.0;16;N;N;EF;760;3.0;A4;RUIM;A1;S;0;0.0
obs9164;27;TO;NORTE;30;0.0;2022;0 Km;60;43130.28;1.5;5658.0;615.0;0;N;N;EF;685;1.0;A2;BOM;C3;;-1;1.0
obs4658;67;DF;CENTRO-OESTE;30;53.41;2021;0 Km;36;34264.06;0.88;6478.0;1025.0;18;N;N;EF;679;3.0;A1;RUIM;A1;S;0;0.0
obs6723;39;SC;SUL;30;20.84;2022;0 Km;60;37097.49;1.28;4005.7;1148.0;23;N;N;EF;693;1.0;A1;BOM;B3;;-1;0.0
obs6242;47;BA;NORDESTE;30;62.87;2022;0 Km;36;28700.25;0.62;6560.0;4469.0;14;N;N;EF;742;3.0;A2;BOM;A1;N;-1;0.0
obs6325;51;SP;SULDESTE;30;40.2;2021;0 Km;36;49323.35;0.67;6560.0;2952.0;0;N;N;EF;772;3.0;A4;BOM;A1;S;0;0.0
obs6394;48;SC;SUL;30;29.21;2022;0 Km;36;34018.19;1.09;2952.0;1845.0;40;N;N;EF;702;2.0;A4;BOM;B1;S;-1;0.0
obs918;35;PR;SUL;30;17.84;2021;0 Km;60;40788.58;1.33;3526.0;1230.0;29;N;N;EF;697;1.0;A2;BOM;C3;;0;0.0
obs8228;59;PE;NORDESTE;30;53.34;2021;0 Km;36;36558.47;1.14;6560.0;4223.0;19;N;N;EF;751;3.0;A2;BOM;A1;S;0;0.0
obs2615;45;PE;NORDESTE;30;38.85;2022;0 Km;60;35668.71;1.25;4920.0;1968.0;18;N;N;EF;687;1.0;A2;RUIM;B3;;-1;0.0
obs3031;53;SE;NORDESTE;30;38.77;2012;>= 3 anos;48;13659.99;1.22;1640.0;1312.0;24;N;N;EF;657;;;;;;9;0.0
obs8109;60;DF;CENTRO-OESTE;30;35.97;2021;0 Km;60;61239.06;1.12;13120.0;10127.0;11;N;N;EF;692;3.0;A2;BOM;B3;S;0;0.0
obs1552;44;DF;CENTRO-OESTE;30;34.28;2021;0 Km;49;45733.83;1.42;3936.0;4797.0;36;N;N;EF;682;3.0;A2;RUIM;B3;S;0;0.0
obs3520;65;PR;SUL;30;10.44;2018;>= 3 anos;48;36879.28;1.55;4100.0;1353.0;26;N;N;EF;654;;;;;S;3;0.0
obs2110;74;BA;NORDESTE;30;22.62;2021;0 Km;49;39829.02;1.16;4346.0;1763.0;27;N;N;EF;683;3.0;A1;PESS;B3;S;0;0.0
obs8931;33;SP;SULDESTE;30;27.92;2022;0 Km;48;34251.22;1.47;3690.0;4223.0;28;N;N;EF;682;3.0;A2;RUIM;B2;S;-1;0.0
obs1271;54;TO;NORTE;30;0.0;2021;0 Km;60;51349.89;1.23;4592.0;2460.0;27;N;N;EF;747;3.0;A2;BOM;C3;N;0;0.0
obs9580;45;RS;SUL;30;67.4;2021;0 Km;36;29731.81;0.92;9840.0;14637.0;10;N;N;EF;678;3.0;A4;RUIM;A1;S;0;0.0
obs7483;47;PE;NORDESTE;30;63.06;2022;0 Km;24;31073.83;0.0;24600.0;2665.0;0;N;N;EF;772;3.0;A2;BOM;A1;N;-1;0.0
obs5154;47;MT;CENTRO-OESTE;30;21.71;2022;0 Km;60;34372.79;1.12;2870.0;1886.0;27;N;N;EF;702;3.0;A1;BOM;B3;S;-1;0.0
obs1162;51;SP;SULDESTE;30;58.6;2016;>= 3 anos;36;19212.61;1.17;6560.0;2542.0;10;N;N;EF;662;;;;;S;5;0.0
obs2710;55;PE;NORDESTE;30;72.0;2021;0 Km;24;28033.54;0.0;16400.0;8405.0;7;N;N;EF;720;3.0;A2;BOM;A1;S;0;0.0
obs4242;41;SC;SUL;60;31.0;2018;>= 3 anos;48;27714.34;1.14;3198.0;1845.0;24;N;N;EF;664;;;;;N;3;0.0
obs1922;77;SP;SULDESTE;30;41.59;2021;0 Km;48;38673.56;1.33;2870.0;3362.0;38;N;N;EF;707;3.0;A4;BOM;A2;N;0;0.0
obs2144;49;PA;NORTE;30;25.56;2021;0 Km;49;74449.61;0.93;20500.0;8405.0;10;N;N;EF;746;3.0;A4;BOM;B3;S;0;0.0
obs602;53;BA;NORDESTE;30;44.18;2021;0 Km;49;49142.59;0.83;4100.0;1886.0;32;N;N;EF;700;3.0;A2;PESS;A3;S;0;0.0
obs837;51;DF;CENTRO-OESTE;30;25.05;2021;0 Km;36;38230.63;0.92;4920.0;3485.0;25;N;N;EF;755;3.0;A2;BOM;B1;S;0;0.0
obs7554;65;SP;SULDESTE;30;20.57;2019;2 anos;60;26682.61;1.47;2460.0;3362.0;28;N;N;EF;684;;;;;N;2;0.0
obs1178;51;SP;SULDESTE;30;50.36;2021;0 Km;36;24515.19;1.09;3280.0;1927.0;26;N;N;EF;742;3.0;A2;BOM;A1;S;0;0.0
obs8265;37;GO;CENTRO-OESTE;30;20.7;2021;0 Km;60;61259.25;1.49;5330.0;1845.0;29;N;S;EF;693;3.0;A2;BOM;B3;S;0;0.0
obs9661;43;AL;NORDESTE;30;54.17;2022;0 Km;37;21659.68;1.32;3280.0;1927.0;25;S;N;EF;669;3.0;A1;RUIM;A2;S;-1;0.0
obs7720;23;RJ;SULDESTE;30;32.26;2015;>= 3 anos;48;18340.51;1.41;4510.0;779.0;12;N;S;EF;697;;;;;;6;0.0
obs1171;75;PE;NORDESTE;30;36.65;2021;0 Km;49;32117.32;1.16;4920.0;2009.0;19;N;N;EF;683;2.0;A2;RUIM;B3;S;0;0.0
obs2560;43;PE;NORDESTE;30;30.57;2012;>= 3 anos;48;13781.61;1.41;2050.0;1353.0;20;N;N;EF;685;;;;;N;9;0.0
obs3946;85;SP;SULDESTE;30;66.04;2021;0 Km;24;27245.35;0.0;4920.0;8405.0;0;N;N;EF;777;3.0;A4;BOM;A1;N;0;0.0
obs8226;34;RJ;SULDESTE;30;32.01;2017;>= 3 anos;60;52037.68;1.25;8200.0;2624.0;15;N;N;EF;700;;;;;S;4;0.0
obs7436;46;MA;NORDESTE;30;42.94;2022;0 Km;49;46120.61;0.93;8200.0;4346.0;16;N;N;EF;746;3.0;A4;BOM;A3;S;-1;0.0
obs6780;55;MG;SULDESTE;30;72.0;2021;0 Km;24;23317.37;0.0;2050.0;1271.0;0;N;N;EF;777;1.0;A4;BOM;A1;;0;0.0
obs4627;52;RJ;SULDESTE;30;28.08;2022;0 Km;37;32330.99;1.13;8200.0;4182.0;14;N;N;EF;659;2.0;A2;BOM;B2;N;-1;0.0
obs9673;48;PR;SUL;30;30.06;2022;0 Km;49;35240.14;1.22;9840.0;1845.0;0;N;N;EF;708;2.0;A1;PESS;B3;S;-1;0.0
obs1758;52;SC;SUL;30;0.0;2021;0 Km;48;65900.99;1.25;5740.0;1927.0;32;N;N;EF;742;2.0;A4;BOM;C2;S;0;0.0
obs263;24;PA;NORTE;30;28.83;2021;0 Km;49;30024.69;1.16;4510.0;779.0;20;S;N;EF;661;1.0;A2;BOM;B3;;0;0.0
obs6350;40;PE;NORDESTE;30;63.51;2021;0 Km;18;22564.2;0.0;4100.0;1886.0;30;N;N;EF;678;3.0;A2;PESS;A1;S;0;0.0
obs7418;67;GO;CENTRO-OESTE;30;59.53;2022;0 Km;18;26804.46;0.0;12300.0;4428.0;0;N;N;EF;709;1.0;A4;PESS;A1;;-1;0.0
obs9353;52;SP;SULDESTE;30;10.1;2022;0 Km;60;50470.79;1.66;5649.8;4264.0;23;N;N;EF;687;1.0;A2;RUIM;C3;S;-1;0.0
obs1128;64;SP;SULDESTE;30;53.22;2021;0 Km;36;33988.27;0.83;9840.0;3034.0;11;N;N;EF;747;3.0;A4;BOM;A1;S;0;0.0
obs2953;34;RS;SUL;30;43.14;2013;>= 3 anos;36;13081.14;0.82;1886.0;1312.0;23;N;N;EF;661;;;;;S;8;0.0
obs1193;33;PE;NORDESTE;30;0.9;2021;0 Km;60;40839.61;1.25;2275.42;2501.0;42;N;N;EF;746;2.0;A1;BOM;C3;N;0;0.0
obs4723;66;DF;CENTRO-OESTE;30;10.01;2021;0 Km;60;36101.93;1.59;15990.0;1886.0;5;N;N;EF;696;2.0;A1;BOM;C3;S;0;0.0
obs1545;30;GO;CENTRO-OESTE;30;66.69;2018;>= 3 anos;36;11034.79;1.03;2050.0;1845.0;18;S;N;EF;671;;;;;S;3;0.0
obs8496;65;SP;SULDESTE;30;29.0;2021;0 Km;49;62115.15;1.01;3198.0;4305.0;57;N;N;EF;711;3.0;A4;RUIM;B3;S;0;0.0
obs4722;74;GO;CENTRO-OESTE;30;73.55;2016;>= 3 anos;24;9383.09;0.93;2460.0;1968.0;17;N;N;EF;701;;;;;S;5;0.0
obs7724;55;SP;SULDESTE;30;35.64;2018;>= 3 anos;48;28009.78;1.71;5330.0;1845.0;16;S;N;EF;655;;;;;S;3;0.0
obs7893;31;PI;NORDESTE;30;35.62;2022;0 Km;49;50218.57;0.93;4362.4;820.0;33;N;N;EF;737;3.0;A2;BOM;B3;S;-1;0.0
obs6431;46;GO;CENTRO-OESTE;30;85.0;2022;0 Km;36;9605.16;0.0;984.0;984.0;27;N;N;EF;634;3.0;A1;BOM;A1;S;-1;0.0
obs565;40;SP;SULDESTE;30;34.1;2021;0 Km;37;33310.9;1.14;4100.0;1312.0;30;S;N;EF;697;3.0;A2;BOM;B2;S;0;0.0
obs6675;58;SC;SUL;30;14.4;2022;0 Km;60;38832.19;1.28;4100.0;779.0;23;N;N;EF;692;3.0;A2;BOM;C3;S;-1;1.0
obs5527;52;AP;NORTE;30;36.47;2021;0 Km;48;44278.84;1.16;4920.0;4264.0;25;N;N;EF;702;3.0;A2;BOM;B2;S;0;0.0
obs9281;37;RJ;SULDESTE;30;45.17;2018;>= 3 anos;60;20207.18;1.64;2870.0;1394.0;19;N;N;EF;646;;;;;;3;0.0
obs7455;60;MA;NORDESTE;30;52.13;2022;0 Km;48;29103.39;1.28;4100.0;984.0;20;S;N;EF;692;1.0;A2;BOM;A2;;-1;0.0
obs3608;54;RS;SUL;30;0.0;2022;0 Km;60;47185.84;1.08;6970.0;1517.0;0;N;N;EF;763;3.0;A4;BOM;C3;N;-1;0.0
obs4873;30;PR;SUL;30;21.81;2021;0 Km;48;46341.28;0.99;3936.0;4305.0;31;S;N;EF;697;1.0;A2;BOM;B2;;0;0.0
obs2820;67;PB;NORDESTE;30;60.12;2021;0 Km;24;17293.06;0.66;4100.0;1517.0;20;N;N;EF;679;1.0;A2;RUIM;A1;;0;0.0
obs8527;51;SC;SUL;30;43.08;2021;0 Km;48;40087.15;1.0;3690.0;2706.0;30;N;N;EF;702;2.0;A2;PESS;A2;S;0;0.0
obs8460;55;SC;SUL;30;49.38;2013;>= 3 anos;48;18098.79;1.22;24600.0;1845.0;2;N;N;EF;684;;;;;S;8;0.0
obs5071;66;BA;NORDESTE;30;58.27;2021;0 Km;24;38803.97;0.36;13120.0;8323.0;13;N;N;EF;720;3.0;A1;PESS;A1;N;0;0.0
obs3562;39;TO;NORTE;30;49.53;2021;0 Km;60;27206.73;1.05;3280.0;1312.0;19;N;N;EF;682;3.0;A2;BOM;A3;S;0;0.0
obs3763;42;SP;SULDESTE;30;39.88;2021;0 Km;49;31717.51;1.16;3690.0;4346.0;26;N;N;EF;737;3.0;A2;BOM;B3;N;0;0.0
obs9598;55;DF;CENTRO-OESTE;30;29.27;2021;0 Km;37;48473.66;1.17;18860.0;15908.0;0;N;N;EF;672;2.0;A1;RUIM;B2;S;0;0.0
obs3524;49;PR;SUL;30;64.59;2021;0 Km;12;24929.77;0.0;9840.0;1927.0;0;N;N;EF;772;3.0;A4;BOM;A1;S;0;0.0
obs314;40;MA;NORDESTE;30;30.76;2021;0 Km;49;69321.6;1.12;6560.0;4346.0;32;N;N;EF;669;3.0;A2;RUIM;B3;S;0;0.0
obs4014;56;SP;SULDESTE;30;28.0;2021;0 Km;49;58976.25;0.92;4100.0;3034.0;41;N;N;EF;760;2.0;A4;BOM;B3;S;0;0.0
obs2800;46;MA;NORDESTE;30;68.88;2021;0 Km;36;19654.4;0.99;1640.0;1107.0;41;N;N;EF;687;3.0;A1;BOM;A1;N;0;0.0
obs8827;44;RJ;SULDESTE;30;29.69;2022;0 Km;49;65529.33;0.9;4920.0;1066.0;38;N;N;EF;678;1.0;A2;BOM;B3;;-1;0.0
obs2353;62;SP;SULDESTE;30;0.0;2018;>= 3 anos;60;51317.84;1.76;4920.0;1804.0;0;N;N;EF;681;;;;;S;3;0.0
obs6184;62;PR;SUL;30;73.17;2018;>= 3 anos;36;9667.84;0.85;3280.0;1353.0;10;N;N;EF;688;;;;;S;3;0.0
obs5487;39;RJ;SULDESTE;30;26.5;2019;2 anos;48;35437.68;1.61;5576.0;1394.0;19;N;N;EF;677;;;;;S;2;0.0
obs4200;45;RS;SUL;30;18.45;2021;0 Km;60;47776.8;1.66;4920.0;1804.0;25;N;S;EF;687;1.0;A1;RUIM;C3;;0;0.0
obs6344;56;AM;NORTE;30;27.94;2021;0 Km;37;59457.32;0.87;4100.0;2378.0;51;N;N;EF;672;3.0;A2;BOM;B2;S;0;0.0
obs7399;63;GO;CENTRO-OESTE;30;89.54;2022;0 Km;18;7633.12;0.0;6970.0;4387.0;6;N;N;EF;760;3.0;A4;BOM;A1;N;-1;0.0
obs9255;41;SP;SULDESTE;30;27.99;2022;0 Km;60;32832.75;0.99;9020.0;4264.0;0;N;N;EF;763;3.0;A4;BOM;B3;S;-1;0.0
obs5265;62;SP;SULDESTE;30;32.43;2022;0 Km;48;87252.69;0.91;24600.0;7831.0;9;N;N;EF;692;3.0;A4;RUIM;B2;S;-1;0.0
obs361;45;PB;NORDESTE;30;44.68;2021;0 Km;48;22282.11;1.25;16400.0;1763.0;3;N;N;EF;678;1.0;A2;RUIM;A2;;0;0.0
obs9371;66;AL;NORDESTE;30;81.35;2022;0 Km;24;13034.74;0.58;3280.0;1968.0;18;S;N;EF;679;3.0;A1;BOM;A1;N;-1;0.0
obs1996;57;DF;CENTRO-OESTE;30;36.81;2022;0 Km;60;27216.53;1.11;2952.0;1312.0;22;N;N;EF;720;2.0;A2;BOM;B3;N;-1;0.0
obs331;57;RS;SUL;30;30.81;2021;0 Km;49;56637.88;0.93;4920.0;2624.0;33;N;N;EF;696;3.0;A1;PESS;B3;S;0;0.0
obs4032;63;MS;CENTRO-OESTE;30;48.96;2020;2 anos;36;27092.29;0.92;10660.0;3198.0;8;N;N;EF;665;;;;;N;1;0.0
obs5988;40;PE;NORDESTE;30;33.12;2015;>= 3 anos;48;21914.78;1.46;2460.0;1312.0;27;S;N;EF;657;;;;;;6;0.0
obs1589;53;BA;NORDESTE;30;73.0;2021;0 Km;24;24845.05;0.0;6560.0;1886.0;16;N;N;EF;715;3.0;A2;RUIM;A1;S;0;0.0
obs6342;48;SP;SULDESTE;30;69.7;2015;>= 3 anos;36;9335.61;1.09;2460.0;2501.0;13;N;N;EF;641;;;;;S;6;1.0
obs2900;57;SP;SULDESTE;30;59.27;2018;>= 3 anos;48;15726.61;1.51;2870.0;3198.0;16;S;N;EF;649;;;;;;3;0.0
obs5813;23;RR;NORTE;30;38.41;2022;0 Km;49;52163.87;0.83;4100.0;1107.0;35;N;N;EF;670;1.0;A2;BOM;B3;;-1;0.0
obs9662;30;DF;CENTRO-OESTE;30;27.78;2021;0 Km;49;42744.17;1.1;3567.0;1927.0;36;N;N;EF;706;3.0;A1;BOM;B3;S;0;0.0
obs4917;68;GO;CENTRO-OESTE;30;89.35;2022;0 Km;24;10236.33;0.0;14760.0;1558.0;3;N;N;EF;760;3.0;A2;BOM;A1;S;-1;0.0
obs2741;32;GO;CENTRO-OESTE;30;56.09;2022;0 Km;36;20331.62;1.14;13940.0;8241.0;5;N;N;EF;693;2.0;A4;RUIM;A1;N;-1;0.0
obs475;46;SC;SUL;30;31.01;2012;>= 3 anos;48;13399.6;1.72;2009.0;1845.0;21;N;N;EF;675;;;;;;9;0.0
obs2814;55;SP;SULDESTE;30;0.0;2022;0 Km;60;43805.51;1.25;49200.0;2542.0;2;N;N;EF;760;1.0;A2;BOM;C3;;-1;0.0
obs7089;72;SP;SULDESTE;30;22.97;2021;0 Km;49;37166.34;1.05;3280.0;3280.0;32;N;N;EF;692;3.0;A4;RUIM;B3;S;0;0.0
obs6226;43;RS;SUL;30;56.36;2022;0 Km;60;24045.91;1.23;5740.0;3198.0;9;N;N;EF;678;2.0;A4;PESS;A3;S;-1;0.0
obs4912;28;SC;SUL;30;20.09;2021;0 Km;60;48385.49;1.24;4067.2;1804.0;29;N;N;EF;682;1.0;A1;RUIM;B3;;0;1.0
obs3642;51;GO;CENTRO-OESTE;30;40.63;2021;0 Km;48;24490.75;1.28;4920.0;2624.0;14;N;N;EF;663;3.0;A4;BOM;A2;S;0;0.0
obs4420;34;SP;SULDESTE;30;28.65;2021;0 Km;49;57631.65;0.83;3936.0;1394.0;39;S;N;EF;706;3.0;A2;BOM;B3;S;0;0.0
obs1522;65;RJ;SULDESTE;30;34.43;2018;>= 3 anos;60;34102.21;1.24;3690.0;2091.0;22;N;N;EF;688;;;;;S;3;0.0
obs8036;50;SE;NORDESTE;30;39.87;2022;0 Km;49;44770.97;1.22;8200.0;5904.0;17;N;N;EF;706;3.0;A2;RUIM;B3;S;-1;0.0
obs3613;35;RS;SUL;30;28.85;2022;0 Km;49;51314.38;1.16;3198.0;2542.0;47;N;N;EF;737;3.0;A2;BOM;B3;S;-1;0.0
obs9544;46;MT;CENTRO-OESTE;30;63.2;2022;0 Km;24;28951.23;0.0;4920.0;1312.0;25;S;N;EF;755;3.0;A2;BOM;A1;S;-1;0.0
obs5944;59;RJ;SULDESTE;30;70.45;2022;0 Km;12;18071.03;0.0;5330.0;1804.0;0;N;N;EF;720;1.0;A4;RUIM;A1;N;-1;0.0
obs6992;50;RJ;SULDESTE;30;69.09;2022;0 Km;36;27754.37;1.12;6396.0;4305.0;15;N;N;EF;742;3.0;A2;BOM;A1;S;-1;0.0
obs4559;62;SP;SULDESTE;30;18.21;2021;0 Km;48;56701.22;1.2;8200.0;2583.0;19;N;N;EF;705;3.0;A4;BOM;C2;S;0;0.0
obs3077;41;MA;NORDESTE;30;55.22;2022;0 Km;48;20227.93;1.02;3690.0;4264.0;15;N;N;EF;737;3.0;A4;BOM;A2;S;-1;0.0
obs9094;42;DF;CENTRO-OESTE;30;40.85;2022;0 Km;49;35695.25;1.21;3690.0;1394.0;30;N;N;EF;678;3.0;A2;PESS;A3;S;-1;0.0
obs8681;35;PA;NORTE;30;84.95;2022;0 Km;24;13086.05;1.04;4838.0;2542.0;13;N;N;EF;737;3.0;A2;BOM;A1;S;-1;0.0
obs5683;53;SC;SUL;30;20.03;2022;0 Km;60;37279.26;1.44;3116.0;3239.0;31;N;N;EF;674;1.0;A4;RUIM;B3;;-1;0.0
obs7272;55;SP;SULDESTE;30;38.68;2022;0 Km;24;27105.91;0.67;3936.0;1804.0;32;N;N;EF;720;3.0;A4;BOM;B1;S;-1;0.0
obs2914;57;SP;SULDESTE;30;42.2;2019;2 anos;36;20358.01;1.0;2460.0;2501.0;28;N;N;EF;665;;;;;;2;0.0
obs6635;58;PE;NORDESTE;30;51.51;2022;0 Km;37;27486.28;1.01;9594.0;6109.0;0;N;N;EF;690;2.0;A2;RUIM;A2;S;-1;0.0
obs8052;38;ES;SULDESTE;30;64.49;2021;0 Km;48;32505.78;1.25;6560.0;1927.0;13;N;N;EF;669;3.0;A2;RUIM;A2;S;0;0.0
obs6615;42;PA;NORTE;30;35.45;2021;0 Km;49;57864.55;1.42;7866.74;6150.0;22;N;N;EF;682;3.0;A2;RUIM;B3;S;0;0.0
obs8062;73;SP;SULDESTE;30;49.98;2022;0 Km;36;73258.06;0.67;16400.0;15826.0;0;N;N;EF;737;3.0;A4;RUIM;A1;S;-1;0.0
obs3776;56;MG;SULDESTE;30;74.73;2021;0 Km;48;19358.27;1.17;6560.0;8446.0;8;N;N;EF;707;3.0;A4;RUIM;A2;S;0;0.0
obs5179;47;SP;SULDESTE;30;53.46;2021;0 Km;30;28490.35;0.0;12300.0;3526.0;7;N;N;EF;755;2.0;A4;BOM;A1;N;0;0.0
obs5623;30;RS;SUL;30;11.03;2022;0 Km;60;40644.54;1.7;3198.0;1107.0;35;N;N;EF;678;1.0;A1;RUIM;C3;;-1;0.0
obs604;40;GO;CENTRO-OESTE;30;72.0;2021;0 Km;24;24429.66;0.0;7380.0;8364.0;13;N;N;EF;746;3.0;A4;BOM;A1;N;0;0.0
obs9557;61;MA;NORDESTE;30;8.02;2022;0 Km;60;40477.44;1.38;3772.0;1148.0;27;N;N;EF;696;3.0;A1;BOM;C3;S;-1;0.0
obs4103;57;PR;SUL;30;60.08;2019;2 anos;48;13954.68;1.13;2050.0;1804.0;19;N;N;EF;662;;;;;N;2;0.0
obs4017;64;SP;SULDESTE;30;75.64;2022;0 Km;36;19841.75;0.85;9840.0;2665.0;6;N;N;EF;747;3.0;A4;BOM;A1;S;-1;0.0
obs2584;33;AP;NORTE;30;19.54;2022;0 Km;60;34856.68;1.51;2870.0;1804.0;32;N;N;EF;682;1.0;A1;RUIM;C3;;-1;0.0
obs8925;33;PE;NORDESTE;30;20.44;2022;0 Km;60;35153.28;1.5;3280.0;1845.0;0;N;N;EF;682;3.0;A4;BOM;B3;N;-1;0.0
obs6794;43;PR;SUL;30;35.22;2022;0 Km;48;32251.31;1.27;2870.0;1558.0;31;N;N;EF;669;3.0;A2;RUIM;B2;N;-1;0.0
obs3564;35;MA;NORDESTE;30;27.3;2022;0 Km;37;31577.35;1.27;3690.0;1804.0;33;N;N;EF;669;1.0;A2;RUIM;B2;;-1;0.0
obs4794;46;RJ;SULDESTE;30;50.0;2021;0 Km;37;80343.17;1.39;24600.0;1230.0;12;N;N;EF;674;1.0;A2;RUIM;A2;;0;0.0
obs7489;52;SP;SULDESTE;30;56.84;2022;0 Km;24;25998.95;0.75;5740.0;5945.0;21;S;N;EF;687;2.0;A4;BOM;A1;S;-1;0.0
obs4705;39;RJ;SULDESTE;30;50.82;2021;0 Km;36;20906.04;1.1;6560.0;1763.0;11;N;N;EF;733;3.0;A2;BOM;A1;N;0;0.0
obs8193;44;MG;SULDESTE;30;74.7;2022;0 Km;24;14889.26;0.77;3280.0;3239.0;21;N;N;EF;693;3.0;A2;BOM;A1;S;-1;0.0
obs821;56;PE;NORDESTE;30;6.35;2021;0 Km;60;38599.01;1.25;4510.0;861.0;21;N;N;EF;705;3.0;A2;RUIM;C3;N;0;0.0
obs291;41;SP;SULDESTE;30;50.0;2021;0 Km;60;22364.28;0.91;4510.0;3362.0;0;N;N;EF;750;3.0;A2;BOM;A3;S;0;0.0
obs5998;47;RO;NORTE;30;39.63;2022;0 Km;49;47227.29;0.93;4100.0;3280.0;33;N;N;EF;691;3.0;A2;BOM;B3;S;-1;0.0
obs1244;21;MT;CENTRO-OESTE;30;60.34;2021;0 Km;48;21654.44;1.38;820.0;0.0;75;N;N;EF;604;1.0;A0;BOM;A2;;0;0.0
obs3731;51;SP;SULDESTE;30;10.4;2021;0 Km;60;54057.67;1.23;4838.0;1435.0;27;N;N;EF;746;3.0;A2;BOM;C3;S;0;0.0
obs2061;58;MG;SULDESTE;30;55.22;2021;0 Km;37;39635.84;0.74;7298.0;6027.0;18;N;N;EF;760;3.0;A4;BOM;A2;N;0;0.0
obs7181;49;SP;SULDESTE;30;30.09;2021;0 Km;60;48952.2;1.12;6560.0;2952.0;17;N;N;EF;702;3.0;A4;BOM;B3;S;0;0.0
obs61;28;GO;CENTRO-OESTE;30;52.03;2018;>= 3 anos;48;17915.49;1.39;3280.0;1230.0;16;N;N;EF;635;;;;;S;3;0.0
obs8138;47;PR;SUL;30;0.0;2021;0 Km;60;53084.31;1.23;4510.0;902.0;29;N;N;EF;742;3.0;A4;BOM;C3;S;0;0.0
obs6616;49;SP;SULDESTE;30;64.94;2020;2 anos;36;12240.61;0.88;11480.0;8405.0;3;N;N;EF;704;;;;;N;1;0.0
obs98;52;BA;NORDESTE;30;63.5;2021;0 Km;24;33114.32;0.0;6560.0;15908.0;21;N;N;EF;755;3.0;A2;RUIM;A1;S;0;0.0
obs7671;52;PR;SUL;30;84.08;2017;>= 3 anos;24;8588.01;1.03;1886.0;6068.0;22;N;N;EF;662;;;;;S;4;0.0
obs8728;50;SP;SULDESTE;30;29.56;2022;0 Km;37;31106.35;1.04;2870.0;1271.0;38;N;N;EF;687;1.0;A1;RUIM;B2;;-1;0.0
obs1570;39;PR;SUL;30;43.8;2021;0 Km;37;26346.58;1.13;2952.0;3321.0;33;N;N;EF;669;3.0;A2;RUIM;A2;S;0;0.0
obs6560;61;PB;NORDESTE;30;83.0;2022;0 Km;36;10791.82;0.0;1640.0;2091.0;19;N;N;EF;760;3.0;A2;BOM;A1;N;-1;0.0
obs7218;57;SP;SULDESTE;30;38.46;2017;>= 3 anos;60;66772.44;1.14;9840.0;1927.0;16;S;N;EF;681;;;;;S;4;0.0
obs1792;36;BA;NORDESTE;30;61.22;2017;>= 3 anos;48;16774.11;1.14;3690.0;1804.0;12;N;N;EF;671;;;;;N;4;0.0
obs88;51;PE;NORDESTE;30;30.05;2021;0 Km;48;60335.05;1.16;4524.76;6068.0;38;N;N;EF;746;3.0;A2;RUIM;B2;S;0;0.0
obs5744;54;PB;NORDESTE;30;53.29;2022;0 Km;48;28064.95;0.93;4100.0;820.0;17;N;N;EF;700;1.0;A2;RUIM;A2;S;-1;0.0
obs2022;49;BA;NORDESTE;30;42.27;2019;2 anos;48;47484.11;1.07;7216.0;6191.0;18;N;N;EF;662;;;;;S;2;0.0
obs5726;63;BA;NORDESTE;30;0.0;2022;0 Km;24;43417.81;1.3;4920.0;2542.0;45;N;N;EF;707;3.0;A2;BOM;C1;S;-1;0.0
obs6754;32;SC;SUL;30;31.0;2018;>= 3 anos;60;28516.12;1.3;2870.0;1845.0;25;N;N;EF;642;;;;;N;3;0.0
obs1620;31;RS;SUL;30;53.06;2019;2 anos;48;30411.54;1.01;7380.0;1353.0;11;N;N;EF;700;;;;;N;2;0.0
obs2172;31;MA;NORDESTE;30;43.64;2018;>= 3 anos;60;26882.87;1.64;3280.0;779.0;22;N;N;EF;647;;;;;;3;1.0
obs9372;59;BA;NORDESTE;30;16.13;2022;0 Km;60;37029.99;1.33;8200.0;1681.0;11;N;N;EF;747;1.0;A1;BOM;C3;;-1;0.0
obs1529;37;SP;SULDESTE;30;10.19;2021;0 Km;60;39532.67;1.42;4510.0;4961.0;0;N;N;EF;695;2.0;A2;BOM;C3;S;0;0.0
obs4057;44;BA;NORDESTE;30;79.59;2016;>= 3 anos;24;9304.11;1.04;2460.0;2624.0;18;S;N;EF;675;;;;;S;5;0.0
obs7759;55;PA;NORTE;30;20.52;2016;>= 3 anos;48;26937.92;2.34;3845.8;1107.0;25;N;N;EF;665;;;;;S;5;0.0
obs1281;46;SP;SULDESTE;30;28.02;2021;0 Km;49;57702.2;1.03;6560.0;1353.0;0;N;N;EF;684;3.0;A2;PESS;B3;S;0;0.0
obs320;64;SP;SULDESTE;30;71.83;2021;0 Km;36;24489.91;0.67;9840.0;6027.0;8;N;N;EF;747;3.0;A4;BOM;A1;S;0;0.0
obs9267;65;PE;NORDESTE;30;32.65;2022;0 Km;60;29898.55;1.18;4100.0;2952.0;17;N;N;EF;747;3.0;A2;RUIM;B3;N;-1;0.0
obs2165;43;SC;SUL;30;79.83;2021;0 Km;48;12722.05;1.13;3690.0;4264.0;9;N;N;EF;682;3.0;A2;BOM;A2;N;0;0.0
obs3339;45;RS;SUL;30;0.0;2022;0 Km;60;44538.14;1.25;4920.0;1804.0;22;N;N;EF;715;1.0;A2;BOM;C3;;-1;0.0
obs7736;33;PR;SUL;30;43.6;2022;0 Km;48;27262.18;1.1;3772.0;3239.0;20;N;N;EF;693;1.0;A4;RUIM;A2;;-1;0.0
obs4452;33;RS;SUL;30;30.4;2022;0 Km;48;37847.22;1.0;3157.0;1845.0;33;N;N;EF;733;3.0;A1;BOM;B2;S;-1;0.0
obs2824;29;PR;SUL;30;22.64;2021;0 Km;60;35054.94;1.65;3271.8;820.0;29;N;N;EF;669;1.0;A1;RUIM;B3;;0;0.0
obs2181;43;BA;NORDESTE;30;39.06;2021;0 Km;60;52545.45;1.13;4592.0;1681.0;0;N;N;EF;699;1.0;A2;RUIM;B3;;0;0.0
obs4;46;RJ;SULDESTE;30;63.45;2021;0 Km;24;32473.09;0.0;4592.0;2665.0;29;N;N;EF;715;3.0;A2;BOM;A1;S;0;0.0
obs5191;36;SP;SULDESTE;30;61.1;2021;0 Km;36;34975.97;0.67;4920.0;1927.0;0;N;N;EF;750;3.0;A2;BOM;A1;S;0;0.0
obs2347;73;RN;NORDESTE;30;37.3;2021;0 Km;48;26100.79;1.12;4510.0;820.0;16;N;N;EF;747;3.0;A1;BOM;B2;;0;0.0
obs430;43;DF;CENTRO-OESTE;30;28.58;2021;0 Km;48;29938.93;1.38;5740.0;861.0;15;N;N;EF;665;2.0;A2;BOM;B2;N;0;0.0
obs2187;52;SP;SULDESTE;30;11.96;2021;0 Km;48;36836.0;1.22;3952.4;492.0;25;N;N;EF;715;1.0;A2;BOM;C2;N;0;0.0
obs492;45;DF;CENTRO-OESTE;30;29.94;2021;0 Km;60;61595.13;1.38;7380.0;8405.0;20;N;N;EF;702;3.0;A2;BOM;B3;S;0;0.0
obs811;51;MA;NORDESTE;30;40.95;2021;0 Km;36;30823.83;1.11;4100.0;2542.0;26;N;N;EF;742;2.0;A4;BOM;A1;S;0;0.0
obs3036;27;PA;NORTE;30;22.67;2022;0 Km;49;58433.93;0.93;4100.0;1763.0;41;N;N;EF;689;1.0;A2;BOM;B3;;-1;0.0
obs2860;61;PR;SUL;30;10.02;2022;0 Km;60;41435.98;1.5;4018.0;1107.0;27;N;N;EF;683;1.0;A1;BOM;C3;;-1;0.0
obs1286;43;BA;NORDESTE;30;37.5;2021;0 Km;49;62995.15;0.83;4920.0;4346.0;36;N;N;EF;706;3.0;A2;RUIM;B3;S;0;0.0
obs9815;36;PR;SUL;30;28.11;2020;2 anos;48;34318.01;1.04;4493.6;1353.0;21;N;N;EF;679;;;;;S;1;0.0
obs6403;21;PE;NORDESTE;30;56.89;2022;0 Km;36;26322.91;1.26;2460.0;5904.0;37;S;N;EF;604;1.0;A0;BOM;A1;S;-1;0.0
obs467;52;AP;NORTE;30;54.83;2020;2 anos;24;17676.51;0.98;8200.0;3362.0;0;N;N;EF;662;;;;;N;1;0.0
obs2331;69;RJ;SULDESTE;30;49.96;2021;0 Km;48;21070.38;0.99;4920.0;4387.0;11;N;N;EF;711;2.0;A4;RUIM;A2;S;0;0.0
obs8858;66;DF;CENTRO-OESTE;30;60.66;2022;0 Km;30;32940.21;0.0;30340.0;2050.0;3;N;N;EF;760;3.0;A2;BOM;A1;S;-1;0.0
obs8147;41;MG;SULDESTE;30;26.65;2022;0 Km;60;61068.26;1.25;5330.0;3362.0;27;N;N;EF;691;3.0;A2;RUIM;B3;S;-1;0.0
obs2485;57;RS;SUL;30;44.3;2015;>= 3 anos;48;43832.64;1.18;3690.0;4305.0;0;N;N;EF;670;;;;;N;6;0.0
obs6253;48;RO;NORTE;30;53.28;2021;0 Km;48;38193.57;0.83;13120.0;8364.0;7;N;N;EF;742;3.0;A2;BOM;A2;S;0;0.0
obs4510;58;SP;SULDESTE;30;55.26;2022;0 Km;37;34391.65;0.87;5084.0;4346.0;23;N;N;EF;751;2.0;A4;BOM;A2;N;-1;0.0
obs8937;58;RO;NORTE;30;40.63;2022;0 Km;60;48852.84;1.2;8200.0;2706.0;14;N;N;EF;747;3.0;A2;BOM;A3;S;-1;0.0
obs6722;53;PR;SUL;30;22.58;2022;0 Km;60;33672.27;1.19;3690.0;820.0;22;N;N;EF;746;3.0;A2;BOM;B3;N;-1;0.0
obs7122;87;BA;NORDESTE;30;50.92;2022;0 Km;48;22317.55;0.95;9676.0;1558.0;0;N;N;EF;709;3.0;A2;BOM;A2;;-1;0.0
obs4438;47;DF;CENTRO-OESTE;30;28.51;2022;0 Km;60;36354.0;1.3;2624.0;492.0;34;N;N;EF;702;3.0;A1;BOM;B3;S;-1;0.0
obs993;74;MS;CENTRO-OESTE;30;23.12;2021;0 Km;49;32361.12;1.16;2870.0;861.0;33;N;N;EF;711;1.0;A1;BOM;B3;;0;0.0
obs1615;37;SC;SUL;30;36.17;2013;>= 3 anos;48;25992.93;1.8;3280.0;2542.0;25;N;S;EF;642;;;;;N;8;1.0
obs9542;56;SC;SUL;30;54.83;2021;0 Km;48;31124.48;1.22;2952.0;1353.0;30;N;N;EF;751;3.0;A2;BOM;A2;S;0;0.0
obs6196;45;PR;SUL;30;37.04;2015;>= 3 anos;24;22366.01;0.97;7380.0;5986.0;14;N;N;EF;704;;;;;S;6;0.0
obs3131;41;AM;NORTE;30;31.04;2017;>= 3 anos;48;42999.59;1.82;3106.14;1886.0;0;N;N;EF;657;;;;;S;4;0.0
obs1074;33;SP;SULDESTE;30;58.42;2021;0 Km;18;34460.54;0.49;6970.0;4305.0;29;N;N;EF;654;1.0;A1;BOM;A1;;0;0.0
obs9196;45;SP;SULDESTE;30;60.35;2022;0 Km;24;30402.51;1.04;12300.0;1804.0;12;N;N;EF;660;3.0;A2;RUIM;A1;S;-1;0.0
obs9036;42;SP;SULDESTE;30;20.04;2022;0 Km;36;71936.54;1.39;12300.0;2583.0;20;N;N;EF;693;2.0;A4;RUIM;B1;S;-1;0.0
obs6291;58;SC;SUL;30;33.66;2022;0 Km;36;35176.87;0.93;5740.0;4346.0;21;N;N;EF;747;3.0;A4;BOM;B1;S;-1;0.0
obs4182;36;SP;SULDESTE;30;38.26;2021;0 Km;49;54456.07;1.12;6560.0;1886.0;25;N;N;EF;669;3.0;A2;PESS;B3;S;0;0.0
obs3738;40;MA;NORDESTE;30;50.37;2021;0 Km;48;44255.6;0.93;6150.0;4264.0;19;N;N;EF;697;3.0;A2;RUIM;A2;S;0;0.0
obs1921;56;RJ;SULDESTE;30;47.62;2012;>= 3 anos;12;10040.51;0.88;5740.0;2624.0;16;N;N;EF;694;;;;;S;9;0.0
obs4212;66;PA;NORTE;30;39.59;2022;0 Km;60;40235.52;1.06;5740.0;2132.0;16;N;N;EF;707;3.0;A2;RUIM;B3;S;-1;0.0
obs4036;68;SP;SULDESTE;30;2.03;2021;0 Km;60;40883.91;0.99;3936.0;1230.0;23;N;N;EF;760;1.0;A4;BOM;C3;;0;0.0
obs234;51;MT;CENTRO-OESTE;30;52.14;2021;0 Km;24;42743.34;0.51;6560.0;1517.0;0;N;N;EF;772;3.0;A1;BOM;A1;S;0;0.0
obs3462;44;SC;SUL;30;11.54;2013;>= 3 anos;48;20173.79;1.56;2870.0;533.0;21;S;N;EF;698;;;;;S;8;0.0
obs5725;39;PE;NORDESTE;30;14.11;2022;0 Km;60;37617.55;1.24;3444.0;1189.0;27;N;N;EF;697;1.0;A1;BOM;C3;;-1;0.0
obs7048;31;AM;NORTE;30;21.38;2021;0 Km;60;71191.03;1.28;4510.0;820.0;39;N;N;EF;733;3.0;A1;BOM;B3;S;0;0.0
obs9524;43;SP;SULDESTE;30;70.59;2016;>= 3 anos;36;9352.05;0.82;2788.0;1845.0;0;N;N;EF;722;;;;;S;5;0.0
obs1043;76;PE;NORDESTE;30;33.4;2021;0 Km;60;47303.65;0.93;4100.0;1230.0;25;N;N;EF;760;3.0;A1;BOM;B3;;0;0.0
obs8092;71;MS;CENTRO-OESTE;30;70.33;2020;2 anos;36;15560.01;1.18;12300.0;1968.0;4;N;N;EF;711;;;;;S;1;0.0
obs6099;23;PR;SUL;30;49.73;2022;0 Km;36;30314.36;1.39;0.83;2542.0;60;N;N;EF;608;1.0;A0;BOM;A1;N;-1;0.0
obs6080;59;SP;SULDESTE;30;24.93;2021;0 Km;48;53866.77;1.38;1726.92;1722.0;0;N;N;EF;737;3.0;A4;BOM;B2;S;0;0.0
obs8278;41;SE;NORDESTE;30;31.55;2022;0 Km;49;54986.49;1.07;3936.0;1886.0;42;N;N;EF;669;2.0;A2;RUIM;B3;S;-1;0.0
obs5742;58;MG;SULDESTE;30;26.31;2021;0 Km;49;37557.81;1.05;12300.0;1886.0;9;N;N;EF;692;2.0;A4;PESS;B3;S;0;0.0
obs2298;70;SP;SULDESTE;30;66.0;2022;0 Km;24;27597.27;0.11;4100.0;3403.0;30;N;N;EF;760;3.0;A4;BOM;A1;S;-1;0.0
obs7930;67;RO;NORTE;30;28.0;2022;0 Km;49;56637.17;0.93;4100.0;1394.0;40;N;N;EF;672;3.0;A2;BOM;B3;;-1;0.0
obs1303;45;RN;NORDESTE;30;28.51;2021;0 Km;49;38450.33;1.16;8200.0;5699.0;14;N;N;EF;706;2.0;A2;BOM;B3;S;0;0.0
obs9074;36;SP;SULDESTE;30;62.37;2022;0 Km;36;31099.71;1.0;5330.0;2665.0;19;N;N;EF;706;3.0;A1;BOM;A1;S;-1;0.0
obs842;57;SP;SULDESTE;30;40.07;2021;0 Km;60;47816.75;0.93;9840.0;6068.0;0;N;N;EF;722;3.0;A4;BOM;A3;S;0;0.0
obs5195;58;MS;CENTRO-OESTE;30;77.01;2021;0 Km;48;17482.55;0.67;3025.48;2460.0;14;N;N;EF;747;3.0;A2;BOM;A2;N;0;0.0
obs4628;59;BA;NORDESTE;30;32.6;2021;0 Km;37;58555.06;0.74;7380.0;2460.0;26;N;N;EF;720;3.0;A4;RUIM;B2;S;0;0.0
obs4244;39;SP;SULDESTE;30;23.28;2021;0 Km;60;52745.44;1.44;4955.26;3321.0;26;N;N;EF;693;1.0;A2;BOM;B3;;0;0.0
obs6546;46;MA;NORDESTE;30;22.81;2022;0 Km;60;35854.34;1.39;4100.0;779.0;0;N;N;EF;719;1.0;A1;BOM;B3;S;-1;0.0
obs6534;48;PR;SUL;30;57.64;2022;0 Km;49;31455.05;1.16;4920.0;3075.0;19;N;N;EF;691;3.0;A4;BOM;A3;S;-1;0.0
obs2300;51;SP;SULDESTE;30;19.09;2021;0 Km;60;35963.67;1.66;5740.0;2542.0;17;N;N;EF;655;3.0;A4;BOM;C3;N;0;0.0
obs1860;50;SP;SULDESTE;30;0.0;2016;>= 3 anos;48;32567.31;1.89;4100.0;1845.0;25;N;N;EF;659;;;;;S;5;0.0
obs2547;62;PE;NORDESTE;30;49.79;2021;0 Km;24;46882.84;0.72;20500.0;15744.0;10;N;N;EF;711;3.0;A2;BOM;A1;S;0;0.0
obs6663;61;MA;NORDESTE;30;71.23;2022;0 Km;12;17664.38;0.0;3280.0;820.0;47;N;N;EF;639;1.0;A1;BOM;A1;;-1;0.0
obs6622;46;PE;NORDESTE;30;20.98;2022;0 Km;49;64741.95;0.93;4100.0;3198.0;46;N;N;EF;667;2.0;A2;BOM;B3;S;-1;0.0
obs2761;31;SP;SULDESTE;30;39.76;2021;0 Km;49;25935.61;1.05;4100.0;1312.0;18;N;N;EF;667;3.0;A1;RUIM;B3;N;0;0.0
obs8631;71;RO;NORTE;30;27.7;2021;0 Km;49;54387.28;1.22;4100.0;1845.0;41;N;N;EF;664;1.0;A1;RUIM;B3;;0;0.0
obs2033;51;RJ;SULDESTE;30;24.39;2014;>= 3 anos;48;26640.51;1.69;2870.0;2501.0;29;N;N;EF;661;;;;;S;7;0.0
obs2413;39;SP;SULDESTE;30;9.09;2012;>= 3 anos;48;17635.61;1.93;2460.0;1353.0;23;N;N;EF;676;;;;;S;9;0.0
obs1039;52;SP;SULDESTE;30;71.43;2021;0 Km;36;13137.01;0.57;4510.0;3280.0;9;N;N;EF;755;3.0;A4;BOM;A1;N;0;0.0
obs2949;23;ES;SULDESTE;30;54.48;2020;2 anos;24;16468.52;1.19;2870.0;984.0;28;N;N;EF;664;;;;;;1;0.0
obs4905;44;RS;SUL;30;63.43;2022;0 Km;24;33645.15;0.0;16400.0;16031.0;9;N;N;EF;746;3.0;A4;BOM;A1;S;-1;0.0
obs9248;45;SP;SULDESTE;30;26.13;2022;0 Km;49;31919.75;1.1;3116.0;4264.0;31;N;N;EF;755;3.0;A2;BOM;B3;S;-1;0.0
obs2255;41;BA;NORDESTE;30;28.1;2021;0 Km;49;62825.31;0.88;4448.6;3239.0;0;N;N;EF;754;3.0;A2;BOM;B3;N;0;0.0
obs1645;51;SP;SULDESTE;30;76.3;2021;0 Km;12;11541.13;0.0;4100.0;1599.0;23;N;N;EF;755;3.0;A4;BOM;A1;S;0;0.0
obs211;48;DF;CENTRO-OESTE;30;68.13;2021;0 Km;18;12932.23;0.76;88683.0;5904.0;0;N;N;EF;674;3.0;A2;BOM;A1;N;0;0.0
obs106;46;PE;NORDESTE;30;42.9;2021;0 Km;36;47763.04;0.93;16400.0;15826.0;10;N;N;EF;742;3.0;A2;RUIM;A1;S;0;0.0
obs6074;80;SC;SUL;30;31.0;2018;>= 3 anos;48;36476.65;1.39;3772.0;1271.0;15;N;N;EF;681;;;;;N;3;0.0
obs7468;63;ES;SULDESTE;30;50.67;2022;0 Km;36;44599.71;1.14;7380.0;15949.0;21;N;N;EF;747;3.0;A2;BOM;A1;S;-1;0.0
obs6577;56;DF;CENTRO-OESTE;30;28.12;2022;0 Km;60;45553.22;0.93;4100.0;1599.0;24;N;N;EF;760;3.0;A2;BOM;B3;S;-1;0.0
obs5241;55;AM;NORTE;30;70.87;2021;0 Km;18;28852.73;0.0;9840.0;11972.0;17;N;N;EF;720;3.0;A2;BOM;A1;N;0;0.0
obs68;46;SC;SUL;30;38.56;2019;2 anos;24;20925.34;0.82;8200.0;1681.0;12;N;N;EF;704;;;;;S;2;0.0
obs5802;31;GO;CENTRO-OESTE;30;27.52;2021;0 Km;36;66405.75;1.04;12300.0;1271.0;18;N;N;EF;733;2.0;A2;BOM;B1;N;0;0.0
obs6370;45;DF;CENTRO-OESTE;30;50.29;2022;0 Km;37;38326.91;1.01;8610.0;5904.0;15;N;N;EF;755;3.0;A2;PESS;A2;N;-1;0.0
obs3826;57;PE;NORDESTE;30;0.0;2014;>= 3 anos;48;30804.91;2.03;3198.0;1312.0;0;N;N;EF;670;;;;;S;7;0.0
obs1905;48;MG;SULDESTE;30;40.82;2021;0 Km;49;48972.67;1.03;5740.0;2706.0;25;N;N;EF;706;3.0;A2;RUIM;A3;S;0;0.0
obs6464;84;PR;SUL;30;74.92;2022;0 Km;24;9984.78;0.19;4100.0;1845.0;10;N;N;EF;673;3.0;A4;RUIM;A1;N;-1;0.0
obs56;64;PA;NORTE;30;29.26;2021;0 Km;60;29880.0;1.39;8200.0;5904.0;9;N;N;EF;660;3.0;A1;RUIM;B3;S;0;0.0
obs6995;71;PR;SUL;30;28.9;2015;>= 3 anos;48;24732.34;1.37;3444.0;2542.0;21;N;N;EF;671;;;;;S;6;0.0
obs7377;42;BA;NORDESTE;30;39.6;2022;0 Km;48;26073.3;1.2;2870.0;779.0;25;N;N;EF;678;1.0;A2;BOM;B2;;-1;0.0
obs1755;58;SC;SUL;30;57.86;2019;2 anos;36;25094.11;1.14;4100.0;1927.0;21;N;N;EF;678;;;;;S;2;0.0
obs3911;30;SP;SULDESTE;30;15.48;2021;0 Km;60;77182.3;1.35;7708.0;6027.0;24;N;N;EF;706;2.0;A1;BOM;C3;N;0;0.0
obs9361;48;MG;SULDESTE;30;8.84;2022;0 Km;60;39386.17;1.28;16072.0;11808.0;6;N;N;EF;742;3.0;A4;BOM;C3;S;-1;0.0
obs7286;56;BA;NORDESTE;30;14.72;2022;0 Km;60;37192.81;1.61;2542.0;861.0;39;N;N;EF;679;1.0;A2;RUIM;C3;;-1;0.0
obs8296;53;SP;SULDESTE;30;66.93;2021;0 Km;36;25397.77;1.34;12300.0;1804.0;0;N;N;EF;719;1.0;A2;PESS;A1;;0;0.0
obs7553;55;SC;SUL;30;0.0;2022;0 Km;60;46608.46;1.44;16400.0;1681.0;7;N;N;EF;707;2.0;A4;BOM;C3;S;-1;0.0
obs7206;33;BA;NORDESTE;30;57.47;2022;0 Km;24;25658.3;1.26;3809.75;1312.0;32;N;N;EF;733;3.0;A2;BOM;A1;N;-1;0.0
obs3477;38;SP;SULDESTE;30;45.52;2017;>= 3 anos;12;34724.48;1.58;20500.0;2583.0;15;N;N;EF;681;;;;;S;4;0.0
obs2563;39;MG;SULDESTE;30;38.1;2022;0 Km;36;27806.01;1.2;5084.0;1886.0;18;N;N;EF;678;3.0;A4;PESS;B1;N;-1;0.0
obs5160;41;MS;CENTRO-OESTE;30;10.73;2020;2 anos;48;28752.29;1.43;3936.0;8446.0;22;N;N;EF;671;;;;;S;1;0.0
obs906;53;PE;NORDESTE;30;58.9;2013;>= 3 anos;36;15856.61;1.3;1999.1;1845.0;29;N;S;EF;675;;;;;N;8;0.0
obs5293;33;RS;SUL;30;28.63;2021;0 Km;37;70701.06;1.19;8200.0;1394.0;32;N;N;EF;733;1.0;A2;BOM;B2;;0;0.0
obs5249;46;DF;CENTRO-OESTE;30;54.55;2014;>= 3 anos;36;13694.17;1.16;2214.0;1845.0;21;N;N;EF;698;;;;;S;7;0.0
obs1891;61;SE;NORDESTE;30;30.34;2022;0 Km;49;28595.97;1.16;2665.0;1845.0;33;N;N;EF;672;2.0;A1;PESS;B3;S;-1;0.0
obs6351;56;SP;SULDESTE;30;35.52;2022;0 Km;48;38448.95;1.11;4264.0;1845.0;24;N;N;EF;673;1.0;A4;BOM;B2;;-1;0.0
obs2283;40;SP;SULDESTE;30;72.53;2021;0 Km;18;16160.87;0.72;4100.0;4305.0;24;N;N;EF;706;2.0;A2;RUIM;A1;S;0;1.0
obs2377;35;RJ;SULDESTE;30;47.85;2012;>= 3 anos;48;9957.51;1.18;3690.0;3198.0;7;S;N;EF;653;;;;;;9;0.0
obs7624;27;PR;SUL;30;25.09;2022;0 Km;60;36026.98;1.46;3280.0;820.0;28;N;N;EF;674;1.0;A2;BOM;B3;;-1;0.0
obs6763;37;DF;CENTRO-OESTE;30;30.1;2022;0 Km;49;54003.12;0.93;9020.0;1722.0;17;N;N;EF;669;1.0;A2;BOM;B3;;-1;0.0
obs8309;46;SC;SUL;30;15.33;2022;0 Km;60;39248.85;1.52;3977.0;1845.0;26;N;N;EF;702;3.0;A2;RUIM;C3;S;-1;0.0
obs1144;32;SP;SULDESTE;30;45.25;2021;0 Km;60;25899.3;1.22;6560.0;1476.0;9;N;N;EF;706;3.0;A4;BOM;A3;N;0;0.0
obs7108;70;SC;SUL;30;58.05;2022;0 Km;60;37680.15;1.23;5330.0;4387.0;17;N;N;EF;679;3.0;A1;RUIM;A3;S;-1;0.0
obs6533;41;PB;NORDESTE;30;14.7;2022;0 Km;48;70384.72;1.04;5330.0;1845.0;36;N;N;EF;691;3.0;A1;BOM;C2;S;-1;0.0
obs5445;30;SP;SULDESTE;30;55.36;2021;0 Km;49;36727.27;1.07;6970.0;1517.0;15;N;N;EF;737;3.0;A4;BOM;A3;N;0;0.0
obs9895;42;SC;SUL;60;25.11;2016;>= 3 anos;60;28307.79;1.63;3198.0;2501.0;24;N;N;EF;653;;;;;N;5;0.0
obs8195;38;MA;NORDESTE;30;36.17;2022;0 Km;36;28365.25;1.42;5330.0;4305.0;19;N;N;EF;665;3.0;A2;PESS;B1;S;-1;0.0
obs1530;28;PR;SUL;30;63.0;2021;0 Km;24;28502.92;0.0;4100.0;1066.0;29;N;N;EF;678;3.0;A1;BOM;A1;N;0;0.0
obs5948;39;CE;NORDESTE;30;53.19;2020;2 anos;48;19170.51;1.07;4100.0;2542.0;12;N;N;EF;657;;;;;S;1;0.0
obs5817;23;MA;NORDESTE;30;85.48;2022;0 Km;12;9364.38;0.0;820.0;0.0;95;N;N;EF;617;1.0;A0;BOM;A1;;-1;0.0
obs3181;64;PE;NORDESTE;30;69.87;2022;0 Km;24;15298.15;0.71;4920.0;1353.0;14;N;S;EF;747;3.0;A2;BOM;A1;S;-1;0.0
obs6972;45;RS;SUL;30;28.0;2021;0 Km;49;64703.96;0.83;4100.0;3198.0;42;N;N;EF;755;3.0;A1;BOM;B3;S;0;0.0
obs9422;66;BA;NORDESTE;30;39.6;2021;0 Km;48;45259.44;0.88;6560.0;2091.0;18;N;N;EF;751;3.0;A1;BOM;B2;N;0;0.0
obs4942;36;ES;SULDESTE;30;60.71;2012;>= 3 anos;24;10343.12;0.54;2460.0;4223.0;19;N;N;EF;644;;;;;;9;0.0
obs2940;42;PR;SUL;30;66.21;2019;2 anos;36;21607.28;0.85;16400.0;11767.0;4;N;N;EF;675;;;;;N;2;0.0
obs5196;60;GO;CENTRO-OESTE;30;26.98;2022;0 Km;36;47322.56;1.02;16400.0;2747.0;9;N;N;EF;696;3.0;A4;PESS;B1;S;-1;0.0
obs5370;69;SP;SULDESTE;30;62.8;2022;0 Km;24;24712.08;0.39;9840.0;8487.0;0;N;N;EF;777;3.0;A4;BOM;A1;S;-1;0.0
obs5295;44;MS;CENTRO-OESTE;30;57.38;2017;>= 3 anos;48;19628.69;1.07;2050.0;1845.0;26;N;N;EF;651;;;;;;4;0.0
obs1504;23;DF;CENTRO-OESTE;30;25.62;2021;0 Km;48;34579.61;1.68;820.0;2501.0;34;N;N;EF;604;1.0;A0;BOM;B2;;0;0.0
obs6570;57;PA;NORTE;30;50.24;2022;0 Km;48;40431.23;0.88;4838.0;3444.0;22;N;N;EF;707;2.0;A2;BOM;A2;S;-1;0.0
obs2766;55;PI;NORDESTE;30;0.0;2022;0 Km;60;43614.26;1.08;5658.0;1312.0;18;N;N;EF;751;3.0;A2;BOM;C3;S;-1;0.0
obs7557;29;GO;CENTRO-OESTE;30;0.0;2022;0 Km;60;44914.89;1.12;3690.0;1271.0;28;N;N;EF;733;3.0;A1;BOM;C3;N;-1;0.0
obs7637;25;SP;SULDESTE;30;81.52;2022;0 Km;24;15670.67;1.14;4100.0;1394.0;19;N;N;EF;685;3.0;A1;BOM;A1;N;-1;0.0
obs9525;63;RJ;SULDESTE;30;7.52;2018;>= 3 anos;24;31537.51;1.73;5330.0;3198.0;0;N;N;EF;669;;;;;;3;0.0
obs593;29;SC;SUL;30;10.04;2021;0 Km;60;37948.64;1.37;3116.0;1312.0;31;N;N;EF;697;1.0;A1;BOM;C3;;0;0.0
obs5128;45;TO;NORTE;30;61.34;2022;0 Km;24;36939.31;0.0;9840.0;6027.0;16;N;N;EF;755;3.0;A4;BOM;A1;S;-1;0.0
obs3233;67;RJ;SULDESTE;30;24.23;2021;0 Km;60;41636.95;1.04;5084.0;1394.0;18;N;N;EF;705;2.0;A4;RUIM;B3;S;0;0.0
obs476;30;SE;NORDESTE;30;33.71;2019;2 anos;60;20790.51;1.07;3280.0;1558.0;15;N;N;EF;706;;;;;N;2;0.0
obs810;70;ES;SULDESTE;30;76.92;2019;2 anos;48;11161.71;1.02;4920.0;3608.0;6;N;N;EF;678;;;;;S;2;0.0
obs7299;56;SC;SUL;30;35.92;2022;0 Km;49;36140.62;1.1;3198.0;8323.0;34;N;N;EF;711;3.0;A4;BOM;B3;S;-1;0.0
obs7391;26;DF;CENTRO-OESTE;30;71.03;2021;0 Km;24;28497.22;0.15;7298.0;1271.0;16;N;N;EF;738;3.0;A1;BOM;A1;S;0;0.0
obs1594;62;SC;SUL;30;33.97;2021;0 Km;60;49309.29;1.45;4428.0;1968.0;27;N;N;EF;679;1.0;A2;BOM;B3;N;0;0.0
obs4323;44;MG;SULDESTE;30;37.88;2022;0 Km;49;28296.54;1.05;2870.0;1025.0;0;N;N;EF;723;2.0;A2;BOM;B3;S;-1;0.0
obs2135;34;ES;SULDESTE;30;27.3;2022;0 Km;49;31638.2;1.27;3165.2;820.0;31;N;N;EF;669;3.0;A1;PESS;B3;N;-1;0.0
obs9217;55;PA;NORTE;30;10.76;2022;0 Km;60;53071.3;1.18;2799.66;3198.0;46;N;N;EF;747;3.0;A2;BOM;C3;S;-1;0.0
obs8183;40;RS;SUL;30;43.18;2022;0 Km;49;32477.88;1.22;4100.0;1845.0;24;N;N;EF;737;3.0;A4;BOM;A3;S;-1;0.0
obs6705;57;SP;SULDESTE;30;60.11;2022;0 Km;12;24089.95;0.0;12300.0;3485.0;0;N;N;EF;777;3.0;A4;BOM;A1;S;-1;0.0
obs5501;70;RJ;SULDESTE;30;11.86;2020;2 anos;60;55774.34;1.85;11480.0;2911.0;13;N;N;EF;675;;;;;S;1;0.0
obs4798;45;DF;CENTRO-OESTE;30;31.67;2022;0 Km;60;61204.14;0.88;18245.0;15826.0;7;N;N;EF;755;3.0;A2;BOM;B3;S;-1;0.0
obs4086;55;PB;NORDESTE;30;20.0;2020;2 anos;60;34226.49;1.42;3280.0;1353.0;0;N;N;EF;689;;;;;S;1;0.0
obs6340;57;SP;SULDESTE;30;20.35;2022;0 Km;60;47313.34;1.67;4100.0;1394.0;0;N;N;EF;669;3.0;A4;BOM;B3;N;-1;0.0
obs2169;49;RS;SUL;30;58.0;2021;0 Km;37;63679.27;1.21;4920.0;1722.0;51;N;N;EF;678;3.0;A2;RUIM;A2;N;0;0.0
obs4355;36;SP;SULDESTE;30;16.89;2022;0 Km;60;33465.37;1.66;3280.0;902.0;28;N;N;EF;678;3.0;A4;RUIM;C3;S;-1;0.0
obs160;29;PE;NORDESTE;30;15.86;2021;0 Km;60;34706.31;1.2;2870.0;861.0;28;N;N;EF;706;2.0;A2;BOM;C3;S;0;0.0
obs2415;34;BA;NORDESTE;30;53.96;2018;>= 3 anos;24;22252.11;0.69;9020.0;3567.0;11;N;N;EF;679;;;;;N;3;0.0
obs3710;48;RJ;SULDESTE;30;56.83;2022;0 Km;37;23989.2;1.08;10660.0;11726.0;8;S;N;EF;746;3.0;A2;BOM;A2;S;-1;0.0
obs8305;59;PR;SUL;30;53.03;2022;0 Km;30;30620.07;0.0;8200.0;11357.0;12;N;N;EF;760;3.0;A4;BOM;A1;S;-1;0.0
obs3583;70;SP;SULDESTE;30;38.85;2018;>= 3 anos;48;13436.64;1.07;2460.0;8405.0;14;N;N;EF;678;;;;;S;3;0.0
obs4382;45;PR;SUL;30;10.15;2022;0 Km;60;41452.58;1.33;4920.0;4469.0;21;N;N;EF;687;3.0;A2;RUIM;C3;S;-1;0.0
obs9208;53;PR;SUL;30;37.39;2021;0 Km;36;41947.37;0.83;4510.0;1886.0;0;S;N;EF;772;3.0;A1;BOM;B1;S;0;0.0
obs1251;51;PR;SUL;30;68.89;2021;0 Km;18;14145.58;0.28;8200.0;8364.0;9;N;N;EF;746;3.0;A4;BOM;A1;S;0;0.0
obs5582;38;AM;NORTE;30;43.04;2021;0 Km;49;49295.63;1.19;4920.0;5945.0;31;N;N;EF;733;3.0;A2;BOM;A3;N;0;0.0
obs8911;49;BA;NORDESTE;30;23.03;2022;0 Km;49;34061.08;1.22;3444.0;1804.0;30;N;N;EF;678;1.0;A2;BOM;B3;N;-1;1.0
obs6839;54;SP;SULDESTE;30;54.01;2022;0 Km;37;21286.78;1.13;4100.0;2624.0;19;N;N;EF;706;3.0;A4;RUIM;A2;S;-1;0.0
obs6189;57;AL;NORDESTE;30;63.95;2019;2 anos;48;35770.51;1.05;8200.0;3362.0;12;N;N;EF;654;;;;;S;2;0.0
obs2567;54;PE;NORDESTE;30;30.52;2018;>= 3 anos;36;25068.78;1.64;4182.0;1845.0;23;N;N;EF;684;;;;;N;3;0.0
obs447;50;SC;SUL;30;58.65;2020;2 anos;24;22153.74;1.2;3280.0;1968.0;34;S;N;EF;704;;;;;;1;0.0
obs7064;56;PR;SUL;30;25.3;2022;0 Km;48;36484.31;0.93;5740.0;2542.0;16;N;N;EF;751;3.0;A4;RUIM;B2;S;-1;0.0
obs1679;44;DF;CENTRO-OESTE;30;54.15;2021;0 Km;60;31090.14;1.23;2697.8;1435.0;28;N;N;EF;665;3.0;A2;RUIM;A3;N;0;0.0
obs3315;71;TO;NORTE;30;31.46;2021;0 Km;36;28110.6;1.04;3280.0;2460.0;30;N;N;EF;707;3.0;A2;RUIM;B1;S;0;0.0
obs5203;81;RJ;SULDESTE;30;15.64;2022;0 Km;60;44545.39;1.14;10660.0;1025.0;0;N;N;EF;777;3.0;A4;PESS;C3;;-1;0.0
obs6077;70;PR;SUL;30;11.15;2021;0 Km;60;36725.01;1.61;3690.0;1476.0;27;N;N;EF;668;1.0;A1;RUIM;C3;;0;0.0
obs3559;62;PE;NORDESTE;30;57.99;2021;0 Km;48;27319.74;0.88;4018.0;1189.0;17;N;N;EF;679;1.0;A1;RUIM;A2;;0;0.0
obs6417;75;BA;NORDESTE;30;56.34;2022;0 Km;36;18443.94;0.76;4100.0;2501.0;14;N;N;EF;696;3.0;A2;RUIM;A1;S;-1;0.0
obs2746;66;MA;NORDESTE;30;23.91;2022;0 Km;24;35010.23;1.2;5904.0;3813.0;30;N;N;EF;747;3.0;A1;BOM;B1;S;-1;0.0
obs7170;54;TO;NORTE;30;0.0;2022;0 Km;60;42402.37;1.28;6560.0;1886.0;16;N;N;EF;742;3.0;A2;RUIM;C3;S;-1;0.0
obs4028;48;SP;SULDESTE;30;47.83;2019;2 anos;48;25935.61;0.93;3280.0;1886.0;21;N;N;EF;681;;;;;S;2;0.0
obs2925;38;PB;NORDESTE;30;51.67;2021;0 Km;36;35721.32;1.13;3690.0;1804.0;34;N;N;EF;693;3.0;A2;BOM;A1;S;0;0.0
obs750;28;SC;SUL;30;36.05;2017;>= 3 anos;48;24643.74;1.74;3362.0;1312.0;0;N;N;EF;650;;;;;N;4;0.0
obs8708;61;SC;SUL;30;61.19;2021;0 Km;60;30849.25;1.09;8200.0;3403.0;8;N;N;EF;751;3.0;A4;BOM;A3;S;0;0.0
obs9054;51;SP;SULDESTE;30;44.22;2021;0 Km;48;39979.88;0.88;9840.0;3403.0;10;N;N;EF;706;3.0;A4;BOM;A2;S;0;0.0
obs5279;45;SP;SULDESTE;30;25.24;2021;0 Km;48;58805.27;1.2;4920.0;2542.0;33;N;N;EF;678;3.0;A2;BOM;B2;S;0;0.0
obs5111;43;PR;SUL;30;92.18;2022;0 Km;12;6659.89;0.39;8200.0;820.0;6;N;N;EF;737;3.0;A2;BOM;A1;S;-1;0.0
obs9427;51;SP;SULDESTE;30;69.19;2018;>= 3 anos;36;13917.05;0.97;5002.0;4182.0;9;N;N;EF;657;;;;;S;3;0.0
obs1334;56;RS;SUL;30;35.56;2021;0 Km;49;48930.5;1.12;6560.0;1804.0;22;N;N;EF;672;1.0;A4;BOM;B3;;0;0.0
obs2086;38;AP;NORTE;30;30.46;2022;0 Km;60;39006.68;1.29;6560.0;8241.0;14;N;N;EF;697;3.0;A1;BOM;B3;S;-1;0.0
obs751;83;MG;SULDESTE;30;2.91;2021;0 Km;60;39658.35;1.29;3280.0;902.0;29;N;N;EF;696;1.0;A4;BOM;C3;;0;0.0
obs9329;49;RS;SUL;30;67.22;2022;0 Km;24;29454.38;0.0;7380.0;6068.0;17;N;N;EF;755;1.0;A4;BOM;A1;S;-1;0.0
obs5983;73;SP;SULDESTE;30;70.67;2022;0 Km;36;18014.35;0.92;4100.0;4838.0;15;N;N;EF;720;1.0;A4;BOM;A1;N;-1;0.0
obs7036;37;RJ;SULDESTE;30;0.0;2022;0 Km;60;45885.72;1.12;16400.0;8364.0;6;N;N;EF;733;3.0;A2;BOM;C3;N;-1;0.0
obs787;52;SC;SUL;30;52.72;2019;2 anos;48;23415.34;1.24;3280.0;1394.0;20;N;S;EF;668;;;;;S;2;0.0
obs578;50;MT;CENTRO-OESTE;30;0.0;2018;>= 3 anos;36;26511.71;1.39;8282.0;4346.0;0;N;N;EF;716;;;;;S;3;0.0
obs7005;38;SP;SULDESTE;30;20.46;2022;0 Km;48;52429.95;1.11;8200.0;3280.0;17;N;N;EF;733;3.0;A2;BOM;B2;S;-1;0.0
obs755;44;PA;NORTE;30;15.62;2021;0 Km;60;44116.43;1.33;9739.59;5986.0;11;N;N;EF;693;2.0;A2;RUIM;C3;S;0;0.0
obs1121;42;SP;SULDESTE;30;73.36;2021;0 Km;24;24144.47;0.0;9020.0;8610.0;11;N;N;EF;746;3.0;A2;BOM;A1;S;0;0.0
obs4339;72;PR;SUL;30;29.48;2021;0 Km;60;60602.34;1.13;8200.0;1435.0;17;N;N;EF;751;2.0;A4;BOM;B3;S;0;0.0
obs5444;44;SP;SULDESTE;30;11.31;2022;0 Km;60;65850.42;1.2;2460.0;2665.0;0;N;N;EF;710;3.0;A4;BOM;C3;N;-1;0.0
obs8292;55;SP;SULDESTE;30;74.89;2022;0 Km;24;21270.18;0.0;5330.0;8364.0;16;N;N;EF;760;3.0;A4;BOM;A1;S;-1;0.0
obs5426;41;RN;NORDESTE;30;17.61;2022;0 Km;48;36188.83;1.31;4100.0;820.0;26;N;N;EF;693;1.0;A1;RUIM;C2;;-1;0.0
obs5697;42;MG;SULDESTE;30;40.0;2013;>= 3 anos;48;13663.12;1.21;3276.31;2009.0;12;S;N;EF;666;;;;;S;8;0.0
obs3459;61;RS;SUL;30;63.0;2022;0 Km;24;34796.61;0.0;16400.0;2091.0;9;N;N;EF;760;3.0;A4;BOM;A1;S;-1;0.0
obs3072;67;SC;SUL;30;60.02;2022;0 Km;36;29033.33;0.88;4018.0;2091.0;23;N;N;EF;679;3.0;A4;BOM;A1;N;-1;0.0
obs4904;69;SP;SULDESTE;30;0.0;2014;>= 3 anos;48;23437.31;1.51;3280.0;2665.0;22;N;N;EF;671;;;;;S;7;0.0
obs6032;68;SP;SULDESTE;30;29.84;2022;0 Km;36;41105.78;0.95;5740.0;6027.0;23;N;N;EF;720;3.0;A4;RUIM;B1;S;-1;0.0
obs8282;68;RS;SUL;30;46.7;2021;0 Km;49;48176.79;1.01;6396.0;1517.0;0;N;N;EF;728;3.0;A2;BOM;A3;S;0;0.0
obs1185;66;SP;SULDESTE;30;2.95;2021;0 Km;60;41773.67;1.26;8200.0;2993.0;12;N;N;EF;747;3.0;A4;BOM;C3;N;0;0.0
obs6293;35;RS;SUL;30;53.04;2021;0 Km;36;40744.29;0.83;5740.0;820.0;24;N;N;EF;693;3.0;A2;RUIM;A1;S;0;0.0
obs2310;47;RS;SUL;30;0.0;2021;0 Km;60;41118.54;1.23;3444.0;1312.0;29;N;N;EF;742;3.0;A2;BOM;C3;N;0;0.0
obs418;65;RS;SUL;30;28.0;2021;0 Km;49;63800.78;0.93;6560.0;6068.0;28;N;N;EF;683;3.0;A4;BOM;B3;S;0;0.0
obs8241;33;RS;SUL;30;0.0;2022;0 Km;60;52719.5;1.31;4264.0;1025.0;31;N;N;EF;733;3.0;A2;BOM;C3;S;-1;0.0
obs4475;48;DF;CENTRO-OESTE;30;17.46;2022;0 Km;60;48792.38;1.46;4100.0;1804.0;29;N;N;EF;676;1.0;A2;BOM;C3;;-1;0.0
obs1213;38;SP;SULDESTE;30;0.0;2015;>= 3 anos;48;33712.71;1.85;3362.0;574.0;33;N;N;EF;670;;;;;S;6;0.0
obs2891;46;PR;SUL;30;25.09;2021;0 Km;48;32000.54;1.61;3690.0;1435.0;27;N;N;EF;674;1.0;A4;PESS;B2;S;0;0.0
obs2249;74;RJ;SULDESTE;30;37.42;2021;0 Km;60;47745.75;0.92;6423.88;3034.0;16;N;N;EF;751;3.0;A4;BOM;B3;S;0;0.0
obs9013;25;SC;SUL;30;15.35;2022;0 Km;60;40160.19;1.29;4059.0;943.0;24;S;N;EF;689;1.0;A2;BOM;C3;;-1;1.0
obs4097;53;RJ;SULDESTE;30;30.33;2022;0 Km;48;38797.64;1.1;4100.0;1640.0;0;N;S;EF;723;3.0;A2;RUIM;B2;S;-1;0.0
obs2869;22;RS;SUL;30;42.36;2014;>= 3 anos;36;12002.14;1.45;1736.76;779.0;25;N;N;EF;615;;;;;;7;0.0
obs6710;58;RJ;SULDESTE;30;37.74;2021;0 Km;48;42453.67;1.0;4920.0;4264.0;0;N;N;EF;692;3.0;A4;RUIM;B2;S;0;0.0
obs9391;39;TO;NORTE;30;2.04;2022;0 Km;60;43111.3;1.39;6560.0;1230.0;16;N;N;EF;733;2.0;A1;RUIM;C3;S;-1;0.0
obs2293;40;MA;NORDESTE;30;25.31;2021;0 Km;49;66634.06;1.03;4920.0;1271.0;0;N;N;EF;714;3.0;A2;BOM;B3;;0;0.0
obs5685;70;RJ;SULDESTE;30;63.35;2022;0 Km;24;32492.84;0.3;5904.0;2870.0;24;N;N;EF;760;3.0;A4;BOM;A1;S;-1;0.0
obs5107;36;SP;SULDESTE;30;77.3;2017;>= 3 anos;18;9568.01;1.13;1640.0;1845.0;37;N;N;EF;694;;;;;;4;0.0
obs6732;57;SP;SULDESTE;30;74.19;2013;>= 3 anos;48;7675.61;1.41;2050.0;861.0;11;N;N;EF;678;;;;;S;8;0.0
obs5284;44;SP;SULDESTE;30;28.36;2022;0 Km;48;32235.31;0.93;8036.0;1804.0;10;N;N;EF;706;3.0;A2;BOM;B2;N;-1;0.0
obs7171;72;RJ;SULDESTE;30;0.29;2022;0 Km;60;42984.04;1.27;5248.0;1394.0;20;N;N;EF;747;3.0;A4;BOM;C3;S;-1;0.0
obs4319;60;SC;SUL;30;71.25;2022;0 Km;24;19252.66;0.55;8200.0;2378.0;11;N;N;EF;707;3.0;A1;RUIM;A1;S;-1;0.0
obs6629;43;RJ;SULDESTE;30;10.06;2021;0 Km;60;33854.87;1.11;2870.0;2624.0;27;N;S;EF;746;3.0;A2;BOM;C3;S;0;0.0
obs4460;65;SP;SULDESTE;30;15.18;2022;0 Km;60;38290.16;1.67;5740.0;3034.0;18;N;N;EF;692;3.0;A4;PESS;C3;N;-1;0.0
obs1833;63;RS;SUL;30;16.19;2021;0 Km;60;39082.76;1.52;1353.0;2952.0;76;N;N;EF;711;3.0;A4;RUIM;C3;S;0;0.0
obs5045;37;SC;SUL;30;69.08;2018;>= 3 anos;36;15940.79;0.88;2952.0;2542.0;18;N;N;EF;677;;;;;S;3;0.0
obs8162;59;RS;SUL;30;49.0;2021;0 Km;49;43333.74;1.38;10250.0;15826.0;0;N;N;EF;777;3.0;A4;BOM;A3;S;0;0.0
obs1472;44;PR;SUL;30;12.74;2021;0 Km;60;35137.11;1.24;3280.0;1353.0;26;S;N;EF;715;3.0;A2;BOM;C3;S;0;0.0
obs7869;65;SP;SULDESTE;30;63.4;2021;0 Km;24;31321.48;0.0;4920.0;1107.0;26;N;N;EF;760;3.0;A4;BOM;A1;S;0;0.0
obs9533;66;RJ;SULDESTE;30;32.65;2021;0 Km;60;58014.72;0.97;8200.0;2091.0;16;N;N;EF;747;2.0;A4;BOM;B3;S;0;0.0
obs4054;63;PR;SUL;30;0.0;2022;0 Km;48;37943.84;1.17;3690.0;6232.0;29;N;N;EF;720;3.0;A4;RUIM;C2;S;-1;0.0
obs9913;49;SP;SULDESTE;30;4.71;2016;>= 3 anos;60;34667.05;1.77;3280.0;533.0;28;N;N;EF;698;;;;;N;5;0.0
obs9494;35;GO;CENTRO-OESTE;30;50.0;2021;0 Km;48;41833.1;1.07;9020.0;5986.0;12;N;N;EF;737;3.0;A2;BOM;A2;N;0;0.0
obs2907;49;RR;NORTE;30;23.96;2022;0 Km;49;33084.81;1.05;13120.0;11890.0;7;N;N;EF;715;2.0;A2;RUIM;B3;N;-1;0.0
obs1202;58;SP;SULDESTE;30;48.77;2021;0 Km;60;42644.34;1.07;12300.0;2460.0;0;N;N;EF;764;1.0;A4;BOM;A3;;0;0.0
obs6024;33;DF;CENTRO-OESTE;30;38.84;2021;0 Km;48;118545.64;1.58;14760.0;1804.0;25;S;N;EF;646;3.0;A1;BOM;B2;S;0;0.0
obs5721;55;PB;NORDESTE;30;43.21;2022;0 Km;60;24493.19;0.88;8200.0;5986.0;6;N;N;EF;760;2.0;A2;BOM;A3;S;-1;0.0
obs1698;45;RJ;SULDESTE;30;50.01;2021;0 Km;24;42312.57;0.61;9020.0;8446.0;22;N;N;EF;742;3.0;A4;BOM;A1;N;0;0.0
obs258;56;BA;NORDESTE;30;35.04;2021;0 Km;60;31454.63;0.98;4920.0;15908.0;14;N;N;EF;664;3.0;A1;PESS;B3;S;0;0.0
obs4820;42;SP;SULDESTE;30;35.82;2014;>= 3 anos;36;22823.11;1.18;3690.0;5986.0;21;N;N;EF;642;;;;;S;7;0.0
obs1558;28;CE;NORDESTE;30;52.48;2021;0 Km;48;22454.2;1.4;3820.2;820.0;17;N;N;EF;612;1.0;A0;BOM;A2;;0;0.0
obs1523;47;DF;CENTRO-OESTE;30;25.49;2021;0 Km;48;47352.33;1.25;8036.0;1886.0;17;N;N;EF;742;3.0;A2;BOM;B2;S;0;0.0
obs8127;60;RJ;SULDESTE;30;72.91;2022;0 Km;30;20398.2;0.0;6560.0;2091.0;10;N;N;EF;760;1.0;A4;BOM;A1;;-1;0.0
obs971;37;PA;NORTE;30;28.09;2017;>= 3 anos;48;22463.39;1.58;4920.0;5863.0;14;N;N;EF;647;;;;;S;4;0.0
obs33;62;DF;CENTRO-OESTE;30;24.68;2021;0 Km;49;69382.19;1.19;9840.0;8323.0;21;N;N;EF;679;2.0;A2;RUIM;B3;S;0;0.0
obs8573;49;PR;SUL;30;60.0;2022;0 Km;48;15448.49;1.07;2460.0;3280.0;17;N;N;EF;676;3.0;A1;PESS;A2;S;-1;0.0
obs4322;43;CE;NORDESTE;30;28.64;2022;0 Km;60;30770.59;1.12;8200.0;8323.0;9;N;N;EF;733;3.0;A1;BOM;B3;N;-1;0.0
obs6429;85;PR;SUL;30;67.84;2022;0 Km;48;19839.76;1.04;2050.0;1845.0;25;N;N;EF;707;1.0;A2;BOM;A2;N;-1;0.0
obs2107;44;PA;NORTE;30;51.81;2014;>= 3 anos;48;34416.22;1.82;5740.0;6068.0;0;N;N;EF;637;;;;;N;7;0.0
obs7840;24;SP;SULDESTE;30;0.0;2022;0 Km;60;42958.08;1.25;4010.37;820.0;26;N;N;EF;698;3.0;A2;BOM;C3;N;-1;0.0
obs9382;84;PR;SUL;30;25.26;2021;0 Km;60;46953.1;1.63;22140.0;1845.0;5;N;N;EF;679;3.0;A4;RUIM;B3;S;0;0.0
obs8529;69;ES;SULDESTE;30;40.72;2022;0 Km;49;32386.38;1.22;11913.78;2542.0;8;N;N;EF;751;3.0;A4;RUIM;A3;;-1;0.0
obs4165;57;RJ;SULDESTE;30;8.93;2021;0 Km;60;71952.7;1.56;8200.0;6683.0;0;N;N;EF;728;1.0;A4;BOM;C3;;0;0.0
obs354;41;MT;CENTRO-OESTE;30;16.16;2021;0 Km;60;52530.29;1.13;4100.0;1476.0;30;N;N;EF;678;2.0;A2;RUIM;C3;S;0;0.0
obs5418;30;MT;CENTRO-OESTE;30;79.18;2021;0 Km;24;18380.35;0.0;12300.0;1230.0;6;N;N;EF;706;3.0;A1;PESS;A1;S;0;0.0
obs5849;72;SC;SUL;30;73.03;2021;0 Km;24;25271.65;0.0;8610.0;3034.0;12;N;N;EF;760;3.0;A4;BOM;A1;N;0;0.0
obs567;35;BA;NORDESTE;30;42.0;2018;>= 3 anos;48;18063.8;1.6;3690.0;1189.0;15;N;N;EF;655;;;;;;3;0.0
obs7326;44;PR;SUL;30;41.91;2021;0 Km;60;53243.67;1.18;13120.0;11726.0;9;N;N;EF;697;2.0;A2;RUIM;A3;S;0;0.0
obs262;71;SP;SULDESTE;30;28.33;2021;0 Km;49;62930.55;0.83;9840.0;3280.0;17;N;N;EF;760;3.0;A4;BOM;B3;S;0;0.0
obs2583;63;CE;NORDESTE;30;40.12;2021;0 Km;48;35967.88;1.03;4100.0;4182.0;24;N;N;EF;668;3.0;A1;BOM;A2;N;0;0.0
obs2841;40;PE;NORDESTE;30;80.2;2021;0 Km;25;17774.74;0.96;6150.0;2665.0;15;N;N;EF;682;3.0;A2;PESS;A1;N;0;0.0
obs9463;50;SP;SULDESTE;30;63.34;2022;0 Km;24;32416.09;0.0;5494.0;6068.0;25;N;N;EF;755;3.0;A2;BOM;A1;S;-1;0.0
obs6103;48;PE;NORDESTE;30;38.59;2022;0 Km;48;27160.38;1.41;8200.0;2624.0;9;N;N;EF;687;3.0;A4;PESS;B2;S;-1;0.0
obs4473;45;DF;CENTRO-OESTE;30;67.39;2021;0 Km;18;31814.73;0.0;7298.0;11685.0;24;N;N;EF;700;2.0;A1;PESS;A1;N;0;0.0
obs1322;61;GO;CENTRO-OESTE;30;45.74;2021;0 Km;48;25449.61;1.09;3280.0;3321.0;21;N;N;EF;705;3.0;A1;BOM;A2;S;0;0.0
obs4229;39;DF;CENTRO-OESTE;30;33.41;2021;0 Km;48;25813.83;1.35;3772.0;2583.0;19;N;N;EF;678;1.0;A1;RUIM;B2;;0;0.0
obs3729;47;SC;SUL;30;62.21;2022;0 Km;48;15959.05;1.14;4100.0;1353.0;11;N;N;EF;687;3.0;A4;RUIM;A2;N;-1;0.0
obs6452;44;MA;NORDESTE;30;35.95;2021;0 Km;60;47052.7;0.97;8322.33;8364.0;13;N;N;EF;693;3.0;A2;BOM;B3;S;0;0.0
obs3073;24;SE;NORDESTE;30;86.76;2021;0 Km;18;7017.81;0.55;820.0;11931.0;50;N;N;EF;617;3.0;A2;BOM;A1;N;0;0.0
obs7333;66;PR;SUL;30;13.53;2016;>= 3 anos;60;36339.89;1.56;3116.0;1312.0;31;N;N;EF;681;;;;;S;5;0.0
obs4997;55;MG;SULDESTE;30;55.05;2019;2 anos;36;17347.18;0.87;2460.0;1845.0;0;N;S;EF;688;;;;;N;2;0.0
obs551;46;RJ;SULDESTE;30;42.53;2017;>= 3 anos;48;23808.55;1.48;8200.0;2542.0;8;N;N;EF;657;;;;;S;4;0.0
obs6506;42;PA;NORTE;30;17.63;2022;0 Km;60;47892.1;1.39;5740.0;902.0;21;N;N;EF;678;3.0;A1;BOM;C3;N;-1;0.0
obs2504;66;BA;NORDESTE;30;52.69;2021;0 Km;36;43021.2;0.67;7380.0;3075.0;18;N;N;EF;760;2.0;A2;BOM;A1;S;0;0.0
obs255;65;MG;SULDESTE;30;26.32;2021;0 Km;60;31644.79;0.99;4100.0;3075.0;17;N;N;EF;760;3.0;A4;BOM;B3;S;0;0.0
obs7975;57;GO;CENTRO-OESTE;30;7.39;2022;0 Km;60;40683.55;1.33;3116.0;2583.0;31;N;N;EF;747;3.0;A2;BOM;C3;S;-1;0.0
obs9430;52;MA;NORDESTE;30;66.31;2022;0 Km;36;21985.97;0.75;4100.0;1845.0;17;N;N;EF;706;3.0;A1;BOM;A1;S;-1;0.0
obs9083;67;MS;CENTRO-OESTE;30;8.0;2022;0 Km;60;40476.08;1.23;4264.0;1886.0;23;N;N;EF;707;2.0;A1;RUIM;C3;S;-1;0.0
obs9537;54;SP;SULDESTE;30;39.17;2021;0 Km;12;39481.88;1.59;16400.0;1804.0;22;N;N;EF;691;3.0;A4;PESS;B1;N;0;0.0
obs7576;20;PA;NORTE;30;24.68;2022;0 Km;48;26300.23;1.14;856.9;1312.0;84;N;N;EF;604;1.0;A0;BOM;B2;S;-1;0.0
obs4913;61;SE;NORDESTE;30;23.79;2022;0 Km;60;34202.49;1.18;9020.0;8774.0;9;N;N;EF;707;3.0;A2;BOM;B3;S;-1;0.0
obs9188;27;SC;SUL;30;72.97;2014;>= 3 anos;36;9383.79;1.03;2788.0;615.0;11;N;N;EF;670;;;;;N;7;0.0
obs9614;48;SC;SUL;30;0.0;2021;0 Km;60;81666.83;1.35;10660.0;1394.0;18;N;N;EF;755;2.0;A2;BOM;C3;S;0;0.0
obs2475;56;MA;NORDESTE;30;27.23;2022;0 Km;49;31607.23;1.27;4100.0;2501.0;23;N;N;EF;683;3.0;A4;BOM;B3;N;-1;0.0
obs8004;52;PR;SUL;30;37.53;2021;0 Km;48;48263.67;1.13;5740.0;4305.0;0;N;N;EF;763;3.0;A4;BOM;B2;S;0;0.0
obs742;37;SP;SULDESTE;30;15.59;2016;>= 3 anos;48;34655.75;1.8;4756.0;1394.0;0;N;N;EF;665;;;;;;5;0.0
obs4637;71;PR;SUL;30;38.33;2022;0 Km;36;27071.17;1.26;24600.0;15826.0;4;N;N;EF;692;2.0;A4;RUIM;B1;S;-1;0.0
obs9174;50;BA;NORDESTE;30;28.7;2022;0 Km;49;46301.6;1.1;5330.0;2583.0;26;N;N;EF;715;3.0;A2;RUIM;B3;N;-1;0.0
obs3779;60;PA;NORTE;30;0.0;2022;0 Km;60;55069.65;1.02;6150.0;1025.0;20;N;N;EF;747;3.0;A2;BOM;C3;N;-1;0.0
obs6627;40;MA;NORDESTE;30;52.23;2022;0 Km;49;22311.23;1.27;2460.0;1845.0;28;N;N;EF;697;3.0;A2;RUIM;A3;S;-1;0.0
obs5342;45;MG;SULDESTE;30;37.58;2021;0 Km;49;62679.5;0.83;6150.0;1681.0;27;N;N;EF;660;2.0;A2;RUIM;B3;S;0;0.0
obs2264;36;MS;CENTRO-OESTE;30;31.14;2022;0 Km;49;35751.42;1.16;4182.0;1927.0;26;N;N;EF;737;3.0;A2;BOM;B3;S;-1;0.0
obs4335;77;SP;SULDESTE;30;74.43;2020;2 anos;24;20432.71;1.18;4510.0;2009.0;21;N;N;EF;671;;;;;S;1;0.0
obs1336;51;PR;SUL;30;55.57;2021;0 Km;36;17616.64;1.0;2870.0;2296.0;21;N;N;EF;746;3.0;A1;BOM;A1;S;0;0.0
obs8688;59;SP;SULDESTE;30;0.0;2021;0 Km;48;62381.58;1.37;8200.0;1353.0;22;N;N;EF;711;3.0;A4;BOM;C2;N;0;0.0
obs2304;61;SE;NORDESTE;30;0.0;2021;0 Km;60;55600.15;1.5;3739.86;4223.0;39;N;N;EF;707;1.0;A2;BOM;C3;;0;0.0
obs5463;68;AM;NORTE;30;46.87;2021;0 Km;36;44094.02;0.76;16400.0;16072.0;9;N;N;EF;696;3.0;A2;RUIM;A1;N;0;0.0
obs9819;31;PE;NORDESTE;30;0.0;2022;0 Km;60;42514.55;1.09;4920.0;1886.0;20;N;N;EF;746;3.0;A1;BOM;C3;N;-1;0.0
obs998;34;MS;CENTRO-OESTE;30;32.11;2019;2 anos;48;36220.62;1.19;2952.0;1845.0;35;N;N;EF;694;;;;;S;2;0.0
obs5038;41;RJ;SULDESTE;30;28.27;2021;0 Km;37;61733.74;1.05;5740.0;4346.0;39;N;N;EF;737;2.0;A2;PESS;B2;S;0;0.0
obs6991;61;PA;NORTE;30;42.8;2022;0 Km;48;34666.05;1.05;4100.0;1517.0;23;N;N;EF;747;3.0;A2;BOM;A2;S;-1;0.0
obs5070;50;SP;SULDESTE;30;57.13;2022;0 Km;30;27581.08;0.0;4100.0;1927.0;22;N;N;EF;755;2.0;A2;BOM;A1;S;-1;0.0
obs6055;33;PR;SUL;30;72.44;2022;0 Km;24;22107.05;0.0;4920.0;2501.0;18;N;N;EF;746;2.0;A2;BOM;A1;N;-1;0.0
obs4993;70;PA;NORTE;30;15.5;2022;0 Km;60;46207.74;1.18;3690.0;2665.0;30;N;N;EF;747;3.0;A2;BOM;C3;N;-1;0.0
obs161;29;SP;SULDESTE;30;7.25;2020;2 anos;60;37884.45;1.61;4100.0;1271.0;24;N;N;EF;671;;;;;S;1;0.0
obs8625;62;RJ;SULDESTE;30;52.57;2022;0 Km;37;38366.75;0.93;12300.0;15990.0;11;N;N;EF;711;3.0;A4;RUIM;A2;S;-1;0.0
obs7212;37;SP;SULDESTE;30;38.71;2022;0 Km;36;26890.11;0.88;5330.0;492.0;16;N;N;EF;678;1.0;A2;BOM;B1;;-1;0.0
obs2031;56;PR;SUL;30;40.99;2021;0 Km;48;24927.28;1.3;3444.0;5945.0;21;N;N;EF;664;3.0;A4;PESS;A2;S;0;0.0
obs1859;21;PE;NORDESTE;30;25.39;2021;0 Km;60;30813.21;1.2;2378.0;697.0;31;N;N;EF;670;1.0;A2;BOM;B3;;0;0.0
obs7075;34;MT;CENTRO-OESTE;30;27.5;2021;0 Km;49;54500.29;1.19;5740.0;1312.0;0;N;N;EF;750;1.0;A1;BOM;B3;;0;0.0
obs231;37;SC;SUL;30;59.13;2018;>= 3 anos;36;20420.49;0.99;4346.0;2665.0;16;N;N;EF;694;;;;;S;3;0.0
obs8118;30;GO;CENTRO-OESTE;30;74.74;2017;>= 3 anos;48;15117.89;1.17;2870.0;820.0;15;N;N;EF;677;;;;;S;4;0.0
obs9601;38;SP;SULDESTE;30;30.05;2022;0 Km;48;33838.54;1.04;4920.0;1394.0;18;N;S;EF;746;3.0;A2;BOM;B2;S;-1;0.0
obs6866;41;SP;SULDESTE;30;21.88;2022;0 Km;48;33497.74;1.31;3362.0;1927.0;29;N;N;EF;678;3.0;A2;RUIM;B2;S;-1;0.0
obs9459;43;BA;NORDESTE;30;59.79;2021;0 Km;12;30984.27;0.0;12300.0;2050.0;22;N;N;EF;746;3.0;A2;BOM;A1;S;0;0.0
obs3827;36;SC;SUL;30;52.27;2019;2 anos;36;17683.79;1.3;1968.0;1025.0;32;N;N;EF;664;;;;;;2;0.0
obs365;53;PI;NORDESTE;30;46.51;2020;2 anos;48;43104.89;1.14;7216.01;4428.0;17;N;N;EF;698;;;;;S;1;0.0
obs5688;39;SP;SULDESTE;30;62.58;2021;0 Km;48;25605.27;0.88;5576.0;3280.0;12;N;N;EF;665;3.0;A2;BOM;A2;S;0;0.0
obs8872;64;SP;SULDESTE;30;67.55;2021;0 Km;36;22551.54;0.62;3690.0;4264.0;19;N;N;EF;747;3.0;A4;BOM;A1;S;0;0.0
obs5827;51;RJ;SULDESTE;30;17.18;2021;0 Km;48;55102.04;1.1;4756.0;2583.0;32;N;S;EF;746;3.0;A4;BOM;C2;;0;0.0
obs168;63;SP;SULDESTE;30;39.69;2021;0 Km;36;24932.3;0.67;3280.0;4346.0;24;N;N;EF;760;3.0;A4;BOM;B1;S;0;0.0
obs5366;51;PA;NORTE;30;37.86;2022;0 Km;48;39877.31;1.1;4920.0;1886.0;22;N;N;EF;678;3.0;A2;BOM;B2;N;-1;0.0
obs8142;54;SP;SULDESTE;30;42.34;2021;0 Km;48;51655.65;0.83;5740.0;2009.0;23;N;N;EF;755;3.0;A4;BOM;A2;N;0;0.0
obs7250;25;DF;CENTRO-OESTE;30;23.02;2021;0 Km;49;40179.47;1.16;4428.0;1107.0;26;N;N;EF;674;3.0;A2;RUIM;B3;S;0;0.0
obs4159;56;PA;NORTE;30;40.5;2021;0 Km;60;61948.15;1.03;5330.0;2050.0;0;N;N;EF;768;3.0;A2;BOM;A3;S;0;0.0
obs9263;51;SP;SULDESTE;30;21.05;2022;0 Km;48;31266.54;1.49;4920.0;1845.0;0;S;N;EF;719;2.0;A1;RUIM;B2;S;-1;0.0
obs5945;54;SC;SUL;30;38.82;2017;>= 3 anos;48;29469.79;1.06;5330.0;8446.0;15;N;N;EF;684;;;;;N;4;0.0
obs4039;41;SP;SULDESTE;30;47.63;2014;>= 3 anos;48;19287.31;0.89;8856.0;8364.0;5;N;N;EF;708;;;;;N;7;0.0
obs9018;64;RJ;SULDESTE;30;31.95;2021;2 anos;48;36267.68;1.4;19680.0;1476.0;5;N;N;EF;688;;;;;S;0;0.0
obs4546;49;MT;CENTRO-OESTE;30;58.14;2022;0 Km;24;18586.19;0.71;4264.0;2501.0;0;S;N;EF;719;3.0;A1;BOM;A1;N;-1;0.0
obs880;58;PE;NORDESTE;30;0.0;2019;2 anos;48;33368.78;1.54;4100.0;5904.0;25;N;N;EF;664;;;;;S;2;0.0
obs3045;55;SP;SULDESTE;30;0.0;2016;>= 3 anos;48;33736.78;1.7;4920.0;1845.0;21;S;N;EF;664;;;;;S;5;1.0
obs5751;29;SP;SULDESTE;30;5.71;2018;>= 3 anos;48;34227.31;2.0;3239.0;1312.0;35;N;N;EF;659;;;;;;3;0.0
obs7838;62;PA;NORTE;30;24.45;2021;0 Km;49;66499.04;0.93;4182.0;1845.0;46;N;N;EF;683;3.0;A1;RUIM;B3;S;0;0.0
obs5781;47;PE;NORDESTE;30;65.17;2022;0 Km;60;26105.45;0.78;5740.0;3280.0;9;N;N;EF;755;3.0;A2;BOM;A3;S;-1;0.0
obs4113;24;GO;CENTRO-OESTE;30;40.14;2021;0 Km;49;56974.19;1.19;4920.0;1353.0;34;N;N;EF;630;1.0;A1;BOM;A3;;0;0.0
obs5994;54;SP;SULDESTE;30;42.82;2021;0 Km;24;28284.51;0.46;10660.0;2706.0;11;N;N;EF;760;3.0;A4;BOM;A1;N;0;0.0
obs3022;65;SP;SULDESTE;30;39.36;2018;>= 3 anos;48;20117.31;1.55;2947.27;1804.0;21;N;N;EF;643;;;;;N;3;0.0
obs3278;49;SP;SULDESTE;30;60.68;2021;0 Km;18;35382.67;0.26;5740.0;1968.0;35;S;N;EF;706;3.0;A4;BOM;A1;S;0;0.0
obs3886;45;SC;SUL;30;54.1;2021;0 Km;36;43083.45;0.88;5330.0;3239.0;27;N;N;EF;742;3.0;A4;BOM;A1;S;0;0.0
obs4833;35;MA;NORDESTE;30;42.0;2015;>= 3 anos;36;11021.57;1.51;3280.0;820.0;12;N;N;EF;647;;;;;S;6;0.0
obs517;78;RJ;SULDESTE;30;43.93;2021;0 Km;48;31032.04;1.2;3854.0;1640.0;22;N;N;EF;692;3.0;A4;RUIM;A2;S;0;0.0
obs1857;44;PR;SUL;30;20.15;2021;0 Km;60;48729.71;1.29;4018.0;1845.0;29;N;N;EF;697;2.0;A2;BOM;B3;S;0;0.0
obs1027;37;SP;SULDESTE;30;51.69;2021;0 Km;48;38719.27;0.88;5740.0;3239.0;17;N;N;EF;691;3.0;A2;RUIM;A2;S;0;0.0
obs8177;29;PR;SUL;30;25.09;2022;0 Km;60;42568.75;1.12;3841.37;1804.0;26;N;N;EF;733;3.0;A2;BOM;B3;S;-1;0.0
obs6267;44;MG;SULDESTE;30;72.39;2018;>= 3 anos;24;10243.63;0.84;2460.0;1886.0;20;N;N;EF;708;;;;;N;3;0.0
obs6999;32;BA;NORDESTE;30;58.48;2021;0 Km;36;36115.47;0.67;8200.0;1886.0;14;N;N;EF;706;3.0;A2;RUIM;A1;S;0;0.0
obs4115;53;RJ;SULDESTE;30;0.0;2018;>= 3 anos;48;31620.51;1.37;8200.0;2624.0;11;N;N;EF;668;;;;;S;3;0.0
obs2993;39;MT;CENTRO-OESTE;30;19.23;2022;0 Km;48;66143.53;1.21;9922.0;1968.0;18;N;N;EF;693;2.0;A2;RUIM;C2;S;-1;0.0
obs4393;39;MT;CENTRO-OESTE;30;44.29;2022;0 Km;48;44852.1;1.0;4920.0;3280.0;25;N;N;EF;733;3.0;A2;BOM;A2;S;-1;0.0
obs9585;50;SP;SULDESTE;30;24.53;2022;0 Km;60;36533.72;1.28;6560.0;4346.0;13;N;N;EF;702;3.0;A2;BOM;B3;S;-1;0.0
obs8073;53;ES;SULDESTE;30;22.84;2021;0 Km;48;57061.33;1.05;4100.0;11357.0;38;N;N;EF;746;3.0;A4;BOM;B2;S;0;0.0
obs9760;71;RJ;SULDESTE;30;0.0;2018;>= 3 anos;36;59832.21;2.0;7380.0;2009.0;31;N;N;EF;675;;;;;S;3;0.0
obs1302;58;RJ;SULDESTE;30;49.61;2021;0 Km;48;23421.06;1.19;2378.0;2993.0;0;N;N;EF;683;1.0;A4;BOM;A2;;0;0.0
obs8898;21;RJ;SULDESTE;30;85.26;2022;0 Km;36;9273.86;1.26;820.0;0.0;41;N;N;EF;604;1.0;A0;BOM;A1;;-1;0.0
obs4239;58;SP;SULDESTE;30;55.43;2022;0 Km;36;30822.65;0.72;12300.0;2829.0;8;N;N;EF;747;3.0;A2;BOM;A1;S;-1;0.0
obs4534;64;PE;NORDESTE;30;23.04;2022;0 Km;60;41848.6;1.28;3690.0;3321.0;0;N;N;EF;724;3.0;A4;RUIM;B3;N;-1;0.0
obs6608;72;RS;SUL;30;57.37;2015;>= 3 anos;48;15204.21;0.85;8610.0;2501.0;4;N;N;EF;666;;;;;S;6;0.0
obs2473;43;PE;NORDESTE;30;16.04;2022;0 Km;60;35685.31;1.41;4100.0;3198.0;21;N;N;EF;678;2.0;A1;BOM;C3;S;-1;0.0
obs7607;64;PE;NORDESTE;30;25.82;2022;0 Km;49;69247.72;0.83;7708.0;3116.0;24;N;N;EF;760;1.0;A2;RUIM;B3;S;-1;0.0
obs2497;32;MT;CENTRO-OESTE;30;50.04;2022;0 Km;60;22356.05;1.28;2870.0;820.0;19;N;N;EF;665;1.0;A1;RUIM;A3;;-1;0.0
obs574;60;RJ;SULDESTE;30;37.88;2021;0 Km;12;26017.18;0.69;13940.0;11972.0;17;N;N;EF;751;3.0;A4;BOM;B1;N;0;0.0
obs1782;69;SP;SULDESTE;30;66.33;2021;0 Km;25;28178.27;0.85;32800.0;2665.0;0;S;N;EF;777;3.0;A4;BOM;A1;S;0;0.0
obs2058;49;BA;NORDESTE;30;28.96;2021;0 Km;37;31298.28;1.13;15580.0;11890.0;7;N;N;EF;667;3.0;A1;PESS;B2;S;0;0.0
obs5414;70;RO;NORTE;30;63.09;2022;0 Km;24;29728.4;0.11;4510.0;1804.0;0;N;N;EF;760;3.0;A2;BOM;A1;S;-1;0.0
obs8453;80;SP;SULDESTE;30;54.42;2022;0 Km;24;34171.54;0.96;8200.0;4961.0;19;N;N;EF;720;3.0;A4;RUIM;A1;S;-1;0.0
obs9161;36;GO;CENTRO-OESTE;30;0.0;2021;0 Km;48;91716.93;1.09;8610.0;1271.0;28;N;N;EF;737;3.0;A2;BOM;C2;S;0;0.0
obs774;54;SP;SULDESTE;30;31.28;2021;0 Km;48;35485.75;1.04;8200.0;5986.0;11;N;N;EF;700;3.0;A4;RUIM;B2;S;0;0.0
obs84;57;MT;CENTRO-OESTE;30;92.01;2021;0 Km;12;5741.11;0.0;4920.0;1066.0;9;N;N;EF;720;3.0;A2;BOM;A1;N;0;0.0
obs5015;46;SC;SUL;30;48.58;2018;>= 3 anos;48;29635.79;1.03;4100.0;2501.0;20;N;N;EF;646;;;;;S;3;0.0
obs4600;62;ES;SULDESTE;30;50.58;2019;2 anos;36;22544.12;1.23;3198.0;1312.0;25;N;N;EF;649;;;;;S;2;0.0
obs2981;79;SP;SULDESTE;30;70.63;2021;0 Km;12;21498.06;0.72;2460.0;1312.0;0;N;N;EF;722;3.0;A4;BOM;A1;N;0;0.0
obs7325;42;SP;SULDESTE;30;31.82;2021;0 Km;49;125288.27;1.06;9430.0;2091.0;0;N;N;EF;695;3.0;A2;BOM;B3;S;0;0.0
obs3440;51;BA;NORDESTE;30;42.14;2022;0 Km;49;27239.58;1.16;3280.0;1886.0;25;S;N;EF;691;1.0;A1;RUIM;A3;;-1;0.0
obs450;52;RS;SUL;30;33.14;2021;0 Km;48;29183.14;0.88;8200.0;5986.0;9;N;N;EF;755;3.0;A4;BOM;B2;S;0;0.0
obs3709;41;SP;SULDESTE;30;21.39;2014;>= 3 anos;48;25603.61;1.84;5248.0;4223.0;15;N;N;EF;647;;;;;S;7;0.0
obs2258;49;SP;SULDESTE;30;63.61;2021;0 Km;18;33075.27;0.0;6560.0;2624.0;0;N;N;EF;772;3.0;A2;BOM;A1;S;0;0.0
obs2862;53;BA;NORDESTE;30;50.0;2016;>= 3 anos;36;14274.98;1.03;2214.0;3239.0;22;N;N;EF;675;;;;;;5;0.0
obs1142;41;DF;CENTRO-OESTE;30;50.01;2021;0 Km;36;21738.53;0.77;8200.0;8446.0;8;N;N;EF;746;3.0;A2;BOM;A1;S;0;0.0
obs5589;60;MG;SULDESTE;30;68.69;2022;0 Km;36;23531.22;0.62;8200.0;5986.0;9;N;N;EF;760;3.0;A4;BOM;A1;S;-1;0.0
obs561;52;RO;NORTE;30;49.26;2021;0 Km;60;46176.1;1.23;3690.0;1845.0;30;N;N;EF;742;3.0;A2;BOM;A3;S;0;0.0
obs4682;25;PA;NORTE;30;17.16;2021;0 Km;60;35917.69;1.18;3034.0;615.0;0;N;N;EF;685;3.0;A2;BOM;C3;S;0;0.0
obs4749;42;PB;NORDESTE;30;42.37;2022;0 Km;49;41419.27;0.83;2050.0;1804.0;57;N;N;EF;678;3.0;A2;BOM;A3;S;-1;0.0
obs8378;47;SP;SULDESTE;90;70.62;2021;2 anos;36;12589.05;1.07;2460.0;943.0;18;N;N;EF;651;;;;;S;0;0.0
obs9595;31;SP;SULDESTE;30;71.99;2022;0 Km;18;25952.88;1.17;6560.0;1107.0;25;N;N;EF;737;3.0;A2;BOM;A1;N;-1;0.0
obs5700;57;AM;NORTE;30;34.69;2021;0 Km;49;59571.03;1.19;6560.0;1804.0;28;N;N;EF;707;3.0;A2;BOM;B3;S;0;0.0
obs2321;41;AL;NORDESTE;30;62.03;2022;0 Km;37;29368.72;0.87;4920.0;4305.0;21;N;N;EF;697;3.0;A2;PESS;A2;S;-1;0.0
obs342;50;SC;SUL;30;0.0;2021;0 Km;60;39435.17;1.24;3690.0;1353.0;0;S;N;EF;723;2.0;A4;BOM;C3;S;0;0.0
obs4692;66;GO;CENTRO-OESTE;30;36.93;2021;0 Km;48;37516.83;1.25;10660.0;8200.0;9;N;N;EF;707;3.0;A1;BOM;B2;N;0;0.0
obs5423;28;PA;NORTE;30;34.05;2022;0 Km;48;49201.76;1.05;5740.0;943.0;23;N;N;EF;733;1.0;A2;BOM;B2;;-1;0.0
obs8417;42;PR;SUL;30;14.14;2022;0 Km;60;43345.09;1.66;6560.0;4387.0;18;N;N;EF;678;3.0;A2;BOM;C3;S;-1;0.0
obs5597;50;PE;NORDESTE;30;57.24;2022;0 Km;48;31261.12;1.16;4920.0;3280.0;18;N;N;EF;678;3.0;A2;RUIM;A2;S;-1;0.0
obs7175;46;MG;SULDESTE;30;38.11;2022;0 Km;12;41272.6;0.01;8200.0;3116.0;42;N;N;EF;755;3.0;A4;BOM;B1;N;-1;0.0
obs6610;40;RJ;SULDESTE;30;10.0;2019;2 anos;60;34518.04;1.71;2419.0;2542.0;38;N;N;EF;668;;;;;;2;0.0
obs5490;68;TO;NORTE;30;40.51;2022;0 Km;60;48868.07;1.04;8036.0;8446.0;13;N;N;EF;692;3.0;A2;RUIM;A3;S;-1;0.0
obs7789;77;RJ;SULDESTE;30;26.11;2022;0 Km;60;31071.05;1.23;6560.0;2050.0;11;N;N;EF;747;3.0;A4;BOM;B3;S;-1;0.0
obs9522;53;SP;SULDESTE;30;0.0;2022;0 Km;60;56505.72;1.23;13940.0;11972.0;0;N;N;EF;759;2.0;A4;BOM;C3;S;-1;0.0
obs2207;69;RN;NORDESTE;30;52.75;2017;>= 3 anos;36;17672.36;1.39;4100.0;533.0;16;N;N;EF;649;;;;;S;4;0.0
obs3273;43;SP;SULDESTE;30;74.14;2021;2 anos;36;13485.61;0.99;3280.0;2009.0;13;N;N;EF;698;;;;;N;0;0.0
obs5630;54;DF;CENTRO-OESTE;30;58.59;2021;0 Km;24;34600.21;0.0;9020.0;902.0;16;N;N;EF;755;2.0;A4;BOM;A1;S;0;0.0
obs5172;50;RJ;SULDESTE;30;73.16;2021;0 Km;24;22740.34;0.0;8200.0;2583.0;12;N;N;EF;700;3.0;A2;RUIM;A1;N;0;0.0
obs273;25;SC;SUL;30;17.24;2018;>= 3 anos;60;28975.51;1.71;2829.0;4182.0;0;S;N;EF;703;;;;;;3;0.0
obs7735;47;MA;NORDESTE;30;46.06;2022;0 Km;49;25617.95;1.16;2311.73;1312.0;34;N;N;EF;678;3.0;A1;BOM;A3;S;-1;0.0
obs890;63;SP;SULDESTE;30;40.99;2021;0 Km;60;24690.61;0.93;4100.0;3280.0;13;N;N;EF;760;3.0;A4;BOM;A3;S;0;0.0
obs5915;58;MS;CENTRO-OESTE;30;13.09;2017;>= 3 anos;60;56231.69;1.84;4920.0;3321.0;32;N;N;EF;654;;;;;S;4;0.0
obs8026;71;SP;SULDESTE;30;76.63;2022;0 Km;24;18705.48;0.0;4100.0;2993.0;19;N;N;EF;760;3.0;A4;BOM;A1;S;-1;0.0
obs7337;59;AL;NORDESTE;30;44.15;2022;0 Km;36;24523.18;0.87;3936.0;2501.0;0;N;N;EF;728;1.0;A1;BOM;A1;;-1;0.0
obs3747;38;PB;NORDESTE;30;55.53;2021;0 Km;24;67257.1;0.84;10086.0;2583.0;31;N;N;EF;667;2.0;A2;RUIM;A1;S;0;0.0
obs3192;40;SC;SUL;30;0.0;2022;0 Km;60;43827.96;1.39;4018.0;1845.0;28;N;N;EF;693;3.0;A4;BOM;C3;S;-1;0.0
obs4545;56;SP;SULDESTE;30;73.0;2021;0 Km;24;24899.19;0.0;5658.0;4346.0;18;N;N;EF;720;3.0;A4;BOM;A1;S;0;0.0
obs2057;46;SP;SULDESTE;30;42.51;2021;0 Km;37;28744.91;1.14;18450.0;11767.0;5;N;N;EF;706;3.0;A4;RUIM;A2;S;0;0.0
obs5137;40;RR;NORTE;30;22.25;2022;0 Km;49;34220.25;1.05;3444.0;1189.0;29;N;N;EF;678;3.0;A4;RUIM;B3;N;-1;0.0
obs5509;52;RS;SUL;30;39.94;2022;0 Km;48;25762.64;1.21;3895.0;2501.0;19;N;N;EF;755;1.0;A1;BOM;B2;;-1;0.0
obs3570;54;MG;SULDESTE;30;3.35;2021;0 Km;60;41608.08;1.2;3690.0;3362.0;26;N;N;EF;700;1.0;A4;RUIM;C3;;0;0.0
obs2153;44;ES;SULDESTE;30;43.85;2021;0 Km;49;34974.7;1.05;3936.0;3444.0;0;N;N;EF;763;3.0;A2;BOM;A3;S;0;0.0
obs2685;56;MS;CENTRO-OESTE;30;9.38;2022;0 Km;60;40968.22;1.23;4592.0;4346.0;21;N;N;EF;747;3.0;A2;BOM;C3;S;-1;0.0
obs9042;37;SC;SUL;30;47.75;2022;0 Km;24;46727.15;1.34;17220.0;8323.0;13;N;N;EF;733;3.0;A2;BOM;A1;S;-1;0.0
obs6157;44;AM;NORTE;30;0.0;2021;0 Km;48;40634.58;1.26;6618.97;1886.0;17;N;N;EF;706;3.0;A1;BOM;C2;S;0;0.0
obs7469;27;RS;SUL;30;0.0;2022;0 Km;60;45506.68;1.13;5740.0;1558.0;19;N;N;EF;725;3.0;A1;BOM;C3;N;-1;0.0
obs3020;50;PB;NORDESTE;30;1.81;2022;0 Km;60;45058.82;1.3;6560.0;1517.0;17;N;N;EF;715;3.0;A2;RUIM;C3;S;-1;0.0
obs7411;48;BA;NORDESTE;30;27.38;2021;0 Km;24;59693.28;1.03;12300.0;2624.0;24;N;N;EF;702;3.0;A2;RUIM;B1;N;0;0.0
obs4035;41;TO;NORTE;30;38.87;2021;0 Km;49;58755.03;1.12;7283.65;1968.0;15;N;N;EF;714;3.0;A4;RUIM;B3;S;0;0.0
obs3482;40;SC;SUL;30;41.61;2019;2 anos;60;38350.79;1.04;7790.0;3280.0;11;N;N;EF;700;;;;;S;2;0.0
obs7702;45;PE;NORDESTE;30;33.87;2022;0 Km;60;59639.94;1.54;6560.0;2009.0;23;N;N;EF;691;3.0;A2;RUIM;B3;S;-1;0.0
obs4454;80;DF;CENTRO-OESTE;30;29.18;2022;0 Km;60;30876.83;1.2;6150.0;5945.0;11;N;N;EF;747;3.0;A1;BOM;B3;S;-1;0.0
obs609;38;AP;NORTE;30;41.25;2021;0 Km;60;46860.97;1.12;4920.0;4223.0;22;N;N;EF;693;3.0;A1;BOM;A3;S;0;0.0
obs4735;23;SC;SUL;30;78.26;2018;>= 3 anos;60;10628.79;1.39;2050.0;820.0;13;N;N;EF;664;;;;;;3;0.0
obs6759;55;SC;SUL;30;58.96;2021;0 Km;48;29662.35;0.95;2624.0;1886.0;0;N;S;EF;764;3.0;A2;BOM;A2;S;0;0.0
obs1435;48;PA;NORTE;30;64.28;2021;0 Km;24;27979.57;0.0;5740.0;2624.0;21;N;N;EF;715;3.0;A2;BOM;A1;S;0;0.0
obs8423;33;GO;CENTRO-OESTE;30;84.74;2022;0 Km;24;14443.93;0.0;7380.0;697.0;0;N;N;EF;723;3.0;A1;BOM;A1;N;-1;0.0
obs8619;59;DF;CENTRO-OESTE;30;26.8;2022;0 Km;49;68904.08;0.9;5658.0;3403.0;35;N;N;EF;720;2.0;A2;RUIM;B3;S;-1;0.0
obs1899;51;SP;SULDESTE;30;53.46;2021;2 anos;24;17951.01;1.14;4920.0;2009.0;17;N;N;EF;698;;;;;;0;0.0
obs5923;66;SP;SULDESTE;30;52.52;2017;>= 3 anos;48;20437.52;1.04;2337.0;1394.0;23;N;N;EF;684;;;;;N;4;0.0
obs8379;42;RS;SUL;30;7.6;2022;0 Km;60;43680.68;1.18;6068.0;1845.0;16;N;N;EF;733;3.0;A2;BOM;C3;N;-1;0.0
obs8304;55;GO;CENTRO-OESTE;30;22.96;2022;0 Km;60;70480.55;1.32;16400.0;15908.0;0;N;N;EF;764;3.0;A4;BOM;B3;S;-1;0.0
obs4301;65;MA;NORDESTE;30;32.38;2022;0 Km;49;36687.37;1.16;2870.0;943.0;39;N;N;EF;656;3.0;A2;BOM;B3;S;-1;0.0
obs7508;53;BA;NORDESTE;30;20.62;2022;0 Km;60;36695.64;1.18;24600.0;1968.0;3;N;N;EF;687;2.0;A2;RUIM;B3;S;-1;0.0
obs7241;56;SC;SUL;30;23.08;2013;>= 3 anos;48;17683.79;1.79;4100.0;1640.0;14;N;N;EF;678;;;;;S;8;0.0
obs7737;68;RJ;SULDESTE;30;63.0;2022;0 Km;24;33669.05;0.0;16400.0;2501.0;8;N;N;EF;760;3.0;A4;BOM;A1;S;-1;0.0
obs272;44;MS;CENTRO-OESTE;30;27.99;2021;0 Km;49;66271.28;1.19;7828.87;3362.0;26;N;N;EF;678;2.0;A2;RUIM;B3;S;0;0.0
obs1079;45;PR;SUL;30;65.9;2021;0 Km;48;31092.52;0.78;4100.0;2583.0;19;N;N;EF;746;3.0;A2;BOM;A2;S;0;0.0
obs1612;41;CE;NORDESTE;30;60.61;2013;>= 3 anos;36;11700.51;1.21;4100.0;1435.0;10;S;N;EF;646;;;;;N;8;0.0
obs2191;37;PR;SUL;30;38.89;2022;0 Km;60;46672.95;0.9;4387.0;1312.0;24;N;N;EF;678;3.0;A2;RUIM;B3;S;-1;0.0
obs5312;48;SP;SULDESTE;30;0.0;2022;0 Km;60;44180.67;1.3;4920.0;1353.0;21;N;N;EF;742;3.0;A1;BOM;C3;N;-1;0.0
obs1562;73;GO;CENTRO-OESTE;30;40.73;2021;0 Km;60;24995.39;1.02;3280.0;1927.0;17;N;N;EF;760;3.0;A4;BOM;A3;S;0;0.0
obs7649;43;PR;SUL;30;16.32;2016;>= 3 anos;60;59301.01;1.44;9020.0;4264.0;16;N;N;EF;681;;;;;S;5;0.0
obs1394;54;SC;SUL;30;35.68;2021;0 Km;60;41390.77;1.27;3936.0;1927.0;26;S;N;EF;742;3.0;A1;BOM;B3;S;0;0.0
obs1315;60;PR;SUL;30;26.53;2021;0 Km;60;34805.94;1.39;4018.0;1599.0;22;N;N;EF;672;1.0;A4;BOM;B3;;0;0.0
obs7778;25;MT;CENTRO-OESTE;30;27.77;2022;0 Km;60;33312.05;1.62;3280.0;3403.0;27;N;N;EF;670;1.0;A1;BOM;B3;S;-1;0.0
obs5858;42;AM;NORTE;30;45.41;2021;0 Km;49;45876.03;1.35;7954.0;1886.0;0;N;N;EF;675;3.0;A1;RUIM;A3;S;0;0.0
obs8533;62;SP;SULDESTE;30;58.56;2021;0 Km;48;30170.11;0.57;8200.0;1722.0;0;N;N;EF;764;2.0;A4;BOM;A2;N;0;0.0
obs756;34;RO;NORTE;30;21.54;2021;0 Km;49;55699.52;0.93;4999.54;3239.0;32;N;N;EF;737;1.0;A2;BOM;B3;S;0;0.0
obs2052;46;PE;NORDESTE;30;54.25;2021;0 Km;48;70250.25;1.06;8200.0;2583.0;23;N;N;EF;706;3.0;A2;BOM;A2;N;0;0.0
obs1018;57;MS;CENTRO-OESTE;30;68.66;2021;0 Km;24;16565.51;0.71;6560.0;1927.0;11;N;N;EF;747;3.0;A2;BOM;A1;S;0;0.0
obs5808;39;SP;SULDESTE;30;48.78;2014;>= 3 anos;24;18465.61;0.83;4100.0;1804.0;8;N;N;EF;676;;;;;;7;0.0
obs4727;42;RS;SUL;30;5.49;2022;0 Km;48;43697.35;0.99;2870.0;1353.0;0;N;N;EF;754;3.0;A4;BOM;C2;N;-1;0.0
obs3274;54;SP;SULDESTE;30;82.66;2022;0 Km;18;6883.17;0.68;3280.0;1722.0;13;N;S;EF;755;3.0;A4;BOM;A1;S;-1;0.0
obs6770;65;AP;NORTE;30;22.74;2022;0 Km;60;57312.33;1.18;2296.0;492.0;60;N;N;EF;692;1.0;A2;BOM;B3;;-1;0.0
obs7167;41;RJ;SULDESTE;30;63.53;2022;0 Km;24;32827.33;0.0;6970.0;1886.0;0;N;N;EF;763;1.0;A2;BOM;A1;;-1;0.0
obs6816;38;CE;NORDESTE;30;61.5;2022;0 Km;18;15209.67;0.14;4100.0;820.0;21;S;N;EF;697;3.0;A1;BOM;A1;S;-1;0.0
obs7296;28;PR;SUL;30;43.59;2018;>= 3 anos;36;19461.01;0.82;2378.0;1312.0;26;N;N;EF;705;;;;;;3;0.0
obs412;56;SC;SUL;30;39.68;2012;>= 3 anos;48;16858.34;1.66;2173.0;1312.0;24;N;N;EF;707;;;;;N;9;1.0
obs3155;50;RJ;SULDESTE;30;14.82;2016;>= 3 anos;60;29544.68;1.8;3280.0;2501.0;25;N;S;EF;661;;;;;N;5;0.0
obs3697;60;PI;NORDESTE;30;57.9;2021;0 Km;30;26151.6;0.0;4100.0;4264.0;0;N;N;EF;777;3.0;A2;BOM;A1;S;0;0.0
obs3371;38;PE;NORDESTE;30;72.0;2021;0 Km;24;25268.58;0.0;8200.0;2091.0;13;S;N;EF;706;3.0;A2;BOM;A1;S;0;0.0
obs5473;75;MT;CENTRO-OESTE;30;28.41;2022;0 Km;60;31509.29;1.44;2706.0;1312.0;29;N;N;EF;679;1.0;A1;BOM;B3;;-1;0.0
obs800;38;SP;SULDESTE;30;63.02;2021;0 Km;24;30396.19;0.0;4100.0;4264.0;31;N;N;EF;691;3.0;A2;BOM;A1;S;0;0.0
obs8651;46;BA;NORDESTE;30;25.16;2022;0 Km;37;46097.74;1.32;4838.0;1476.0;37;N;N;EF;667;1.0;A2;BOM;B2;;-1;1.0
obs2629;49;RS;SUL;30;40.58;2022;0 Km;49;25348.54;1.16;6560.0;4223.0;11;N;N;EF;706;3.0;A4;BOM;A3;S;-1;0.0
obs7533;45;RJ;SULDESTE;30;26.09;2022;0 Km;60;56005.08;1.02;4920.0;2624.0;0;N;N;EF;759;3.0;A2;BOM;B3;S;-1;0.0
obs1314;62;SP;SULDESTE;30;58.0;2021;0 Km;12;19841.09;0.0;5740.0;2009.0;0;N;N;EF;777;3.0;A4;BOM;A1;N;0;0.0
obs9635;54;SP;SULDESTE;30;75.42;2022;0 Km;37;21783.79;0.98;8200.0;6109.0;9;N;N;EF;746;3.0;A4;BOM;A2;S;-1;0.0
obs4201;74;ES;SULDESTE;30;0.0;2021;0 Km;60;68906.26;1.19;12300.0;11808.0;0;N;N;EF;764;3.0;A2;BOM;C3;S;0;0.0
obs3025;37;SP;SULDESTE;30;52.17;2014;>= 3 anos;48;14730.61;1.04;4100.0;3321.0;10;N;N;EF;700;;;;;N;7;0.0
obs8371;59;RS;SUL;30;63.93;2022;0 Km;24;28963.85;0.0;8610.0;6027.0;14;N;N;EF;760;3.0;A4;BOM;A1;S;-1;0.0
obs6095;76;RJ;SULDESTE;30;40.2;2022;0 Km;24;38566.88;0.83;2460.0;2788.0;0;N;N;EF;768;3.0;A4;BOM;A1;S;-1;0.0
obs8740;55;DF;CENTRO-OESTE;30;37.27;2022;0 Km;49;25481.0;1.1;10660.0;8446.0;6;N;N;EF;760;3.0;A1;BOM;B3;S;-1;0.0
obs7832;56;PR;SUL;30;28.0;2021;0 Km;49;104696.2;1.17;10660.0;4469.0;29;N;N;EF;696;3.0;A4;RUIM;B3;S;0;0.0
obs3478;52;PR;SUL;30;50.64;2021;0 Km;48;30299.87;0.72;6560.0;1845.0;12;S;N;EF;742;1.0;A4;BOM;A2;S;0;0.0
obs8333;61;MA;NORDESTE;30;41.67;2019;2 anos;48;24392.87;1.2;6150.0;4305.0;11;N;N;EF;665;;;;;S;2;0.0
obs6135;49;MS;CENTRO-OESTE;30;24.9;2016;>= 3 anos;48;23546.29;1.83;4182.0;861.0;17;N;N;EF;662;;;;;S;5;0.0
obs3695;67;SC;SUL;30;57.81;2021;0 Km;24;30459.15;1.12;6560.0;2337.0;23;N;N;EF;747;3.0;A4;BOM;A1;S;0;0.0
obs4023;62;SP;SULDESTE;30;0.0;2022;0 Km;60;39275.37;1.14;3280.0;3239.0;28;N;N;EF;760;1.0;A4;BOM;C3;;-1;0.0
obs6206;46;PE;NORDESTE;30;24.31;2022;0 Km;49;53203.29;1.16;4592.0;1845.0;35;N;N;EF;678;1.0;A1;BOM;B3;N;-1;0.0
obs929;45;PE;NORDESTE;30;37.73;2021;0 Km;48;25758.51;0.99;4510.0;4305.0;15;N;N;EF;706;3.0;A2;BOM;B2;S;0;0.0
obs1008;36;RJ;SULDESTE;30;67.83;2021;0 Km;24;27825.75;0.0;9840.0;1353.0;12;N;N;EF;746;1.0;A4;BOM;A1;S;0;0.0
obs2780;39;PE;NORDESTE;30;24.89;2022;0 Km;49;43752.08;1.16;3936.0;1312.0;34;N;N;EF;669;1.0;A1;RUIM;B3;S;-1;0.0
obs2556;48;BA;NORDESTE;30;44.44;2017;>= 3 anos;48;17604.11;1.43;4100.0;1804.0;12;N;S;EF;640;;;;;N;4;0.0
obs5151;52;SP;SULDESTE;30;48.25;2021;0 Km;24;42180.37;0.51;8200.0;4305.0;24;N;N;EF;715;3.0;A2;RUIM;A1;S;0;0.0
obs9059;33;PB;NORDESTE;30;44.1;2022;0 Km;60;24828.06;1.08;3280.0;820.0;18;N;N;EF;737;1.0;A2;BOM;A3;;-1;0.0
obs5328;65;SP;SULDESTE;30;73.0;2021;0 Km;24;24410.9;0.0;5740.0;15867.0;18;N;N;EF;720;3.0;A4;BOM;A1;S;0;0.0
obs4434;81;PA;NORTE;30;70.16;2021;0 Km;24;29163.15;0.3;15580.0;1517.0;8;N;N;EF;747;3.0;A2;BOM;A1;S;0;0.0
obs8910;78;MA;NORDESTE;30;11.24;2022;0 Km;48;33667.36;1.28;4100.0;1312.0;23;N;N;EF;707;1.0;A2;BOM;C2;S;-1;0.0
obs3644;53;PE;NORDESTE;30;1.75;2022;0 Km;60;52395.76;0.99;3936.0;2501.0;0;N;N;EF;755;3.0;A1;BOM;C3;S;-1;1.0
obs8495;46;AM;NORTE;30;29.08;2021;0 Km;49;61690.02;1.01;8200.0;1312.0;22;N;N;EF;691;3.0;A2;BOM;B3;S;0;0.0
obs5537;40;AC;NORTE;30;30.6;2021;0 Km;49;61484.72;1.02;4510.0;2952.0;38;S;N;EF;691;3.0;A2;RUIM;B3;S;0;0.0
obs3531;70;CE;NORDESTE;30;33.82;2022;0 Km;60;49386.62;1.13;8200.0;2501.0;13;N;N;EF;692;1.0;A1;BOM;B3;;-1;0.0
obs6365;56;SP;SULDESTE;30;40.28;2022;0 Km;48;35859.35;1.0;4756.0;1845.0;20;N;N;EF;760;3.0;A4;BOM;A2;S;-1;0.0
obs3079;35;RS;SUL;30;0.0;2021;0 Km;60;39219.5;1.53;6560.0;4223.0;15;N;N;EF;693;3.0;A2;BOM;C3;S;0;0.0
obs5291;24;MS;CENTRO-OESTE;30;45.45;2016;>= 3 anos;48;21056.29;1.66;2870.0;984.0;22;N;N;EF;664;;;;;;5;0.0
obs6371;42;SC;SUL;30;53.53;2021;0 Km;48;41689.05;1.1;6150.0;8405.0;0;N;N;EF;754;3.0;A2;BOM;A2;S;0;0.0
obs9495;62;RS;SUL;30;28.25;2021;0 Km;49;67260.05;1.01;9840.0;4305.0;19;N;N;EF;751;2.0;A4;BOM;B3;S;0;0.0
obs8470;66;SP;SULDESTE;30;0.0;2015;>= 3 anos;48;39398.05;1.97;4100.0;697.0;31;N;N;EF;707;;;;;S;6;0.0
obs3188;32;RJ;SULDESTE;30;0.0;2022;0 Km;60;42805.59;1.39;5576.0;861.0;0;S;N;EF;733;1.0;A1;BOM;C3;;-1;0.0
obs2890;63;MA;NORDESTE;30;51.67;2022;0 Km;48;27380.04;0.95;2460.0;1886.0;30;N;N;EF;747;1.0;A2;BOM;A2;;-1;0.0
obs1700;47;SC;SUL;30;53.19;2019;2 anos;36;28482.93;1.06;4100.0;3362.0;24;N;N;EF;681;;;;;S;2;0.0
obs9025;43;SC;SUL;30;86.67;2022;0 Km;12;6387.49;0.58;3690.0;1927.0;15;N;N;EF;733;3.0;A2;BOM;A1;S;-1;0.0
obs7527;43;BA;NORDESTE;30;29.47;2022;0 Km;60;30746.89;1.3;3280.0;3198.0;0;S;N;EF;695;1.0;A4;RUIM;B3;S;-1;0.0
obs3075;68;AL;NORDESTE;30;61.02;2021;0 Km;30;24527.04;0.0;4100.0;1845.0;21;N;N;EF;720;3.0;A2;BOM;A1;N;0;0.0
obs7774;39;SC;SUL;30;33.36;2022;0 Km;60;59173.0;1.39;10660.0;1886.0;14;N;N;EF;693;3.0;A4;BOM;B3;S;-1;0.0
obs8330;62;AM;NORTE;30;0.11;2022;0 Km;60;43946.28;1.23;4018.0;2624.0;27;N;S;EF;747;3.0;A2;BOM;C3;N;-1;0.0
obs377;48;PE;NORDESTE;30;54.55;2020;2 anos;48;25485.01;1.09;6560.0;2706.0;10;N;N;EF;714;;;;;S;1;0.0
obs2198;42;RJ;SULDESTE;30;74.36;2021;0 Km;24;16600.0;0.99;8200.0;2214.0;10;N;N;EF;737;3.0;A2;BOM;A1;S;0;0.0
obs7430;45;SC;SUL;30;92.15;2022;0 Km;12;11110.19;0.58;4756.0;1558.0;21;N;N;EF;742;3.0;A1;BOM;A1;N;-1;0.0
obs4184;58;BA;NORDESTE;30;28.07;2022;0 Km;49;53939.02;1.16;5740.0;1640.0;0;S;N;EF;751;3.0;A2;BOM;B3;;-1;0.0
obs5095;56;MA;NORDESTE;30;14.97;2022;0 Km;60;36781.45;1.28;4100.0;1886.0;0;N;N;EF;724;1.0;A2;BOM;C3;N;-1;0.0
obs6219;58;PE;NORDESTE;30;24.1;2022;0 Km;49;61919.95;0.83;3977.0;1312.0;43;N;N;EF;705;2.0;A2;RUIM;B3;;-1;0.0
obs7283;38;PR;SUL;60;49.58;2019;2 anos;36;15975.01;1.18;2296.0;1312.0;24;N;N;EF;658;;;;;S;2;0.0
obs7030;50;TO;NORTE;30;32.56;2022;0 Km;49;31518.58;1.16;2460.0;1312.0;39;N;N;EF;678;2.0;A2;BOM;B3;S;-1;0.0
obs2523;45;PE;NORDESTE;30;26.83;2021;0 Km;48;31656.84;0.78;4920.0;3157.0;16;N;N;EF;755;2.0;A4;BOM;B2;S;0;0.0
obs2637;46;SC;SUL;30;20.0;2020;2 anos;48;34283.79;1.45;7380.0;1968.0;13;N;S;EF;704;;;;;S;1;0.0
obs8420;66;PB;NORDESTE;30;53.84;2022;0 Km;60;20636.56;0.99;4815.04;3485.0;0;N;N;EF;777;3.0;A2;BOM;A3;N;-1;0.0
obs6695;44;SP;SULDESTE;30;31.25;2022;0 Km;48;55477.8;1.01;16400.0;11849.0;9;N;N;EF;746;3.0;A2;BOM;B2;S;-1;0.0
obs8197;52;SP;SULDESTE;30;47.01;2017;>= 3 anos;60;35646.61;0.95;4100.0;1681.0;19;N;N;EF;670;;;;;S;4;0.0
obs4343;46;PE;NORDESTE;30;51.03;2021;0 Km;48;46467.84;0.83;3444.0;1927.0;35;N;N;EF;746;3.0;A2;RUIM;A2;S;0;0.0
obs4123;45;SP;SULDESTE;30;28.0;2021;0 Km;37;29537.61;1.07;6560.0;3403.0;16;N;N;EF;691;2.0;A2;PESS;B2;S;0;0.0
obs5171;62;AP;NORTE;30;30.03;2021;0 Km;60;39589.34;1.14;5125.0;3977.0;0;N;N;EF;705;3.0;A4;BOM;B3;S;0;0.0
obs6908;27;BA;NORDESTE;30;10.83;2022;0 Km;60;38852.81;1.66;4083.6;943.0;26;N;N;EF;670;1.0;A2;BOM;C3;;-1;1.0
obs4418;55;SC;SUL;30;38.85;2015;>= 3 anos;48;21335.79;1.32;3280.0;1845.0;19;N;N;EF;684;;;;;N;6;0.0
obs7499;53;SC;SUL;30;30.43;2022;0 Km;60;36898.0;1.12;3280.0;3198.0;26;N;N;EF;687;3.0;A4;BOM;B3;S;-1;0.0
obs2077;45;RS;SUL;30;38.23;2022;0 Km;49;49757.18;0.93;9840.0;1845.0;14;N;N;EF;746;3.0;A4;BOM;B3;S;-1;0.0
obs8490;40;PR;SUL;30;28.49;2022;0 Km;49;34491.48;1.22;4100.0;1312.0;26;S;N;EF;737;3.0;A1;BOM;B3;S;-1;0.0
obs8498;55;PE;NORDESTE;30;74.72;2022;0 Km;36;20327.82;0.62;5740.0;2132.0;11;N;N;EF;705;3.0;A2;RUIM;A1;S;-1;0.0
obs1287;44;SP;SULDESTE;30;35.91;2021;0 Km;48;48861.87;1.43;6150.0;1353.0;24;N;N;EF;665;3.0;A2;RUIM;B2;N;0;0.0
obs9328;69;PE;NORDESTE;30;0.24;2022;0 Km;60;43180.21;1.3;4920.0;1271.0;21;N;N;EF;760;1.0;A2;BOM;C3;N;-1;0.0
obs1722;51;PR;SUL;30;30.94;2021;0 Km;49;52888.32;0.83;6560.0;1804.0;22;N;N;EF;715;2.0;A4;RUIM;B3;S;0;0.0
obs7129;53;AM;NORTE;30;55.02;2021;0 Km;48;16909.03;0.93;4920.0;6068.0;9;N;N;EF;678;1.0;A2;BOM;A2;S;0;0.0
obs9359;52;SP;SULDESTE;30;33.28;2018;>= 3 anos;60;22623.75;1.52;4100.0;1353.0;14;N;N;EF;665;;;;;N;3;0.0
obs9252;69;MT;CENTRO-OESTE;30;22.66;2022;0 Km;48;43411.2;1.64;3772.0;1230.0;34;N;N;EF;679;1.0;A1;RUIM;B2;;-1;0.0
obs796;40;DF;CENTRO-OESTE;30;28.08;2021;0 Km;49;28617.57;1.05;6560.0;1312.0;0;S;N;EF;695;2.0;A1;BOM;B3;S;0;0.0
obs8893;68;PI;NORDESTE;30;87.03;2022;0 Km;36;8835.51;0.89;18450.0;1517.0;1;S;N;EF;747;3.0;A2;BOM;A1;S;-1;0.0
obs3508;39;MA;NORDESTE;30;44.04;2017;>= 3 anos;48;19080.04;1.13;2460.0;820.0;22;N;N;EF;671;;;;;S;4;0.0
obs2852;70;SP;SULDESTE;30;40.89;2021;0 Km;24;52386.88;0.46;12300.0;6109.0;19;N;N;EF;760;3.0;A4;BOM;A1;S;0;0.0
obs5878;48;SP;SULDESTE;30;0.0;2022;0 Km;60;44512.67;1.5;6970.0;4223.0;16;N;N;EF;706;1.0;A2;BOM;C3;;-1;0.0
obs1166;38;MA;NORDESTE;30;54.29;2021;0 Km;48;21866.56;1.35;4100.0;1271.0;15;S;N;EF;658;1.0;A2;RUIM;A2;;0;0.0
obs7787;51;DF;CENTRO-OESTE;30;34.16;2017;>= 3 anos;60;46039.27;1.66;4510.0;1353.0;28;N;N;EF;651;;;;;;4;0.0
obs3229;40;SP;SULDESTE;30;25.43;2012;>= 3 anos;48;15893.44;1.93;3444.0;1886.0;0;S;N;EF;653;;;;;S;9;0.0
obs5147;73;PR;SUL;30;64.46;2022;0 Km;24;27572.49;0.0;4920.0;1886.0;24;N;N;EF;720;3.0;A1;RUIM;A1;N;-1;0.0
obs6057;53;PE;NORDESTE;30;61.31;2022;0 Km;24;30547.61;0.0;5576.0;1845.0;24;N;N;EF;715;3.0;A2;RUIM;A1;N;-1;0.0
obs1284;33;SP;SULDESTE;30;28.0;2021;0 Km;37;29949.95;1.13;4828.98;2624.0;22;N;N;EF;697;3.0;A2;PESS;B2;S;0;0.0
obs9770;54;PI;NORDESTE;30;42.58;2022;0 Km;60;40016.95;1.17;8200.0;7093.0;11;N;N;EF;747;3.0;A2;BOM;A3;N;-1;0.0
obs417;45;RJ;SULDESTE;30;40.11;2021;0 Km;37;30324.63;1.01;5084.0;5945.0;21;N;N;EF;715;3.0;A2;RUIM;A2;N;0;0.0
obs1254;43;PE;NORDESTE;30;23.97;2021;0 Km;49;31394.21;1.16;12300.0;6027.0;0;N;N;EF;754;3.0;A2;BOM;B3;S;0;0.0
obs2438;60;SC;SUL;30;26.71;2022;0 Km;60;30449.19;1.08;3444.0;3362.0;21;S;N;EF;711;3.0;A4;BOM;B3;S;-1;0.0
obs7131;66;PR;SUL;30;37.96;2022;0 Km;48;45725.86;1.05;5084.0;1763.0;24;N;N;EF;747;3.0;A4;PESS;B2;S;-1;0.0
obs5183;58;SP;SULDESTE;30;74.14;2021;0 Km;18;17288.67;0.0;4100.0;1927.0;24;N;N;EF;760;3.0;A4;BOM;A1;S;0;0.0
obs1740;45;ES;SULDESTE;30;24.28;2021;0 Km;49;58733.78;0.92;3526.0;1353.0;48;S;N;EF;715;3.0;A1;RUIM;B3;S;0;0.0
obs278;51;MT;CENTRO-OESTE;30;35.2;2021;0 Km;60;39806.9;1.12;2542.0;861.0;0;N;N;EF;759;3.0;A1;BOM;B3;;0;0.0
obs6531;35;DF;CENTRO-OESTE;30;1.32;2022;0 Km;48;62972.93;1.05;5934.61;4223.0;29;N;N;EF;697;3.0;A2;BOM;C2;N;-1;0.0
obs5835;73;BA;NORDESTE;30;24.15;2022;0 Km;60;32046.81;1.55;4654.32;1476.0;18;N;N;EF;679;3.0;A2;RUIM;B3;S;-1;0.0
obs909;66;PR;SUL;30;20.36;2021;0 Km;48;37378.94;1.05;8200.0;1845.0;12;N;N;EF;751;3.0;A2;BOM;B2;N;0;0.0
obs6418;41;RJ;SULDESTE;30;50.72;2022;0 Km;48;29691.03;1.29;4100.0;2009.0;21;N;N;EF;638;3.0;A2;RUIM;A2;S;-1;0.0
obs6975;54;PI;NORDESTE;30;32.12;2022;0 Km;36;31595.03;1.26;4486.84;4223.0;25;N;N;EF;687;3.0;A2;BOM;B1;S;-1;0.0
obs2364;46;AL;NORDESTE;30;70.46;2021;0 Km;36;26060.34;0.65;3690.0;1312.0;23;S;N;EF;746;3.0;A2;BOM;A1;S;0;0.0
obs2892;44;PR;SUL;30;26.5;2022;0 Km;60;33476.28;0.99;2665.0;1845.0;0;N;N;EF;723;3.0;A2;BOM;B3;S;-1;1.0
obs7927;64;RS;SUL;30;85.17;2022;0 Km;24;14665.54;1.04;9840.0;2009.0;0;N;N;EF;777;3.0;A4;BOM;A1;S;-1;0.0
obs2809;55;SC;SUL;30;29.63;2021;0 Km;49;57414.23;0.93;5330.0;1107.0;31;N;N;EF;696;3.0;A1;BOM;B3;N;0;0.0
obs6596;58;SC;SUL;30;63.61;2021;0 Km;18;29803.45;0.0;16400.0;15908.0;10;N;N;EF;705;2.0;A4;BOM;A1;S;0;0.0
obs1746;41;SE;NORDESTE;30;25.12;2021;0 Km;48;33119.47;1.31;4250.88;1886.0;23;N;N;EF;669;3.0;A2;BOM;B2;N;0;0.0
obs9643;54;PR;SUL;30;61.67;2022;0 Km;48;29070.87;1.0;2870.0;4305.0;0;N;N;EF;759;1.0;A2;BOM;A2;;-1;0.0
obs7865;48;RN;NORDESTE;30;19.79;2021;2 anos;48;39583.53;1.49;6560.0;2665.0;18;N;N;EF;668;;;;;N;0;0.0
obs2436;64;RS;SUL;30;0.0;2021;0 Km;60;54921.44;1.09;6297.6;1025.0;20;N;N;EF;760;3.0;A4;BOM;C3;N;0;0.0
obs6129;59;RJ;SULDESTE;30;85.0;2022;0 Km;36;9424.77;0.0;5740.0;2009.0;0;N;N;EF;777;3.0;A2;BOM;A1;N;-1;0.0
obs6071;50;SP;SULDESTE;30;56.53;2022;0 Km;48;25651.18;1.18;3690.0;1394.0;19;N;N;EF;702;3.0;A4;RUIM;A2;S;-1;0.0
obs668;38;BA;NORDESTE;30;53.28;2021;0 Km;36;42248.47;0.78;12300.0;164.0;11;N;N;EF;678;3.0;A2;RUIM;A1;S;0;0.0
obs9008;32;BA;NORDESTE;30;0.0;2022;0 Km;60;57716.08;1.5;5330.0;1271.0;28;N;N;EF;693;3.0;A2;BOM;C3;S;-1;1.0
obs3527;31;SC;SUL;60;62.03;2018;>= 3 anos;48;13533.79;0.92;2870.0;1804.0;12;N;N;EF;664;;;;;S;3;0.0
obs8613;26;PR;SUL;30;31.06;2022;0 Km;48;28591.84;1.53;2870.0;902.0;30;N;N;EF;657;1.0;A2;BOM;B2;;-1;0.0
obs4557;73;PB;NORDESTE;30;61.0;2021;0 Km;37;35639.15;0.8;3280.0;1763.0;36;N;N;EF;760;3.0;A2;BOM;A2;N;0;0.0
obs2043;56;CE;NORDESTE;30;0.0;2021;0 Km;48;43737.68;1.3;4100.0;2706.0;31;N;N;EF;751;3.0;A2;RUIM;C2;S;0;0.0
obs85;35;SC;SUL;30;42.0;2013;>= 3 anos;48;16210.24;1.83;2829.0;533.0;18;N;S;EF;657;;;;;N;8;0.0
obs8782;63;PE;NORDESTE;30;41.38;2021;2 anos;36;36448.08;1.18;8200.0;11849.0;15;N;N;EF;707;;;;;S;0;0.0
obs6697;28;RJ;SULDESTE;30;34.53;2022;0 Km;60;36187.71;0.98;5740.0;2993.0;14;N;N;EF;737;3.0;A1;BOM;B3;S;-1;0.0
obs4040;24;MT;CENTRO-OESTE;30;39.82;2022;0 Km;49;45642.53;0.93;2583.0;1271.0;49;S;N;EF;661;1.0;A2;RUIM;B3;S;-1;0.0
obs4195;64;SC;SUL;30;26.82;2022;0 Km;60;39585.54;1.51;3649.0;1804.0;28;N;N;EF;683;1.0;A1;RUIM;B3;;-1;0.0
obs8130;35;SP;SULDESTE;30;73.77;2021;0 Km;24;22035.44;1.33;9840.0;3280.0;11;N;N;EF;678;3.0;A2;BOM;A1;S;0;0.0
obs3144;53;PR;SUL;30;62.5;2012;>= 3 anos;48;13722.28;1.91;2050.0;1271.0;22;N;N;EF;643;;;;;N;9;0.0
obs5752;65;MA;NORDESTE;30;78.36;2022;0 Km;12;13514.38;0.0;1230.0;1353.0;0;N;N;EF;777;1.0;A2;BOM;A1;;-1;0.0
obs4383;52;RS;SUL;30;28.14;2022;0 Km;49;33233.54;1.16;2870.0;820.0;0;N;N;EF;691;1.0;A1;BOM;B3;;-1;0.0
obs2506;46;DF;CENTRO-OESTE;30;0.0;2022;0 Km;60;39904.74;1.11;8200.0;1722.0;11;N;N;EF;755;3.0;A2;BOM;C3;S;-1;0.0
obs7743;59;SC;SUL;30;32.89;2022;0 Km;48;46563.64;1.07;12300.0;1312.0;10;N;N;EF;747;3.0;A1;BOM;B2;S;-1;0.0
obs6002;63;RJ;SULDESTE;30;63.0;2022;0 Km;24;33273.16;0.11;4100.0;2255.0;0;N;N;EF;777;2.0;A4;BOM;A1;N;-1;0.0
obs690;75;MA;NORDESTE;30;15.24;2021;0 Km;60;35528.13;1.55;3280.0;3198.0;27;N;N;EF;692;1.0;A2;BOM;C3;S;0;1.0
obs1668;36;SC;SUL;30;57.18;2021;0 Km;48;37646.96;1.0;3362.0;3280.0;30;N;N;EF;733;3.0;A2;BOM;A2;S;0;0.0
obs3068;70;SC;SUL;30;31.43;2018;>= 3 anos;48;30963.79;1.7;9840.0;2378.0;10;N;N;EF;671;;;;;;3;0.0
obs3227;58;SC;SUL;30;0.0;2019;2 anos;60;27228.79;1.6;3116.0;1271.0;23;N;N;EF;660;;;;;S;2;0.0
obs2334;38;SC;SUL;30;31.42;2021;0 Km;60;45133.55;1.5;5330.0;3280.0;21;N;N;EF;678;3.0;A2;BOM;B3;S;0;0.0
obs6965;50;MG;SULDESTE;30;54.58;2019;2 anos;48;30860.41;0.93;3690.0;1148.0;21;N;N;EF;683;;;;;;2;0.0
obs6382;45;SP;SULDESTE;30;60.0;2022;0 Km;12;24152.54;0.0;5740.0;3321.0;0;N;N;EF;772;3.0;A4;BOM;A1;S;-1;0.0
obs3510;25;SC;SUL;30;0.0;2019;2 anos;60;36525.62;1.65;4100.0;738.0;24;N;N;EF;670;;;;;S;2;1.0
obs1037;36;ES;SULDESTE;30;35.2;2021;0 Km;49;59887.48;1.02;4510.0;2009.0;37;N;N;EF;678;3.0;A2;RUIM;B3;N;0;0.0
obs3770;45;RO;NORTE;30;55.5;2021;0 Km;60;32952.95;0.78;2870.0;1435.0;25;N;N;EF;755;3.0;A2;BOM;A3;N;0;0.0
obs4480;46;SP;SULDESTE;30;11.21;2013;>= 3 anos;48;27957.49;2.07;2460.0;1312.0;0;N;N;EF;691;;;;;;8;0.0
obs3145;24;PE;NORDESTE;30;42.0;2015;>= 3 anos;48;11121.68;1.59;2378.0;779.0;14;N;N;EF;650;;;;;;6;0.0
obs6152;69;RJ;SULDESTE;30;53.28;2021;0 Km;24;17905.59;0.71;6560.0;1845.0;13;N;N;EF;707;3.0;A4;RUIM;A1;S;0;0.0
obs5932;28;MS;CENTRO-OESTE;30;28.01;2022;0 Km;49;38878.59;1.16;5494.0;820.0;21;N;N;EF;737;1.0;A2;BOM;B3;;-1;0.0
obs9028;36;PR;SUL;30;63.53;2022;0 Km;24;36676.04;1.04;20500.0;4387.0;8;N;N;EF;746;3.0;A2;BOM;A1;S;-1;0.0
obs217;41;SE;NORDESTE;30;0.0;2018;>= 3 anos;24;14177.55;1.23;8200.0;8610.0;8;N;N;EF;661;;;;;S;3;0.0
obs797;36;SP;SULDESTE;30;45.92;2013;>= 3 anos;24;17009.95;1.27;1640.0;1845.0;50;N;N;EF;653;;;;;;8;0.0
obs8083;41;SP;SULDESTE;30;69.55;2022;0 Km;24;24049.02;0.0;7339.0;3321.0;13;N;N;EF;746;3.0;A2;BOM;A1;S;-1;0.0
obs1765;61;SC;SUL;30;72.99;2021;0 Km;24;24317.15;0.11;4100.0;5904.0;26;N;N;EF;760;3.0;A4;BOM;A1;S;0;0.0
obs6081;36;RS;SUL;30;22.77;2021;0 Km;60;53725.34;1.13;3690.0;1353.0;33;S;N;EF;737;3.0;A2;BOM;B3;S;0;0.0
obs1730;26;AL;NORDESTE;30;40.3;2015;>= 3 anos;36;17510.51;1.44;6560.0;1722.0;9;N;N;EF;664;;;;;S;6;0.0
obs7513;53;SP;SULDESTE;30;50.0;2014;>= 3 anos;48;15145.61;1.17;3690.0;1845.0;11;N;N;EF;685;;;;;S;7;0.0
obs2530;51;SP;SULDESTE;30;51.85;2021;0 Km;48;22368.27;0.88;8200.0;2050.0;7;N;N;EF;715;1.0;A2;BOM;A2;S;0;0.0
obs5392;70;RS;SUL;30;45.8;2022;0 Km;60;30078.35;1.25;6560.0;2952.0;10;N;N;EF;747;3.0;A4;BOM;A3;S;-1;0.0
obs5283;31;SP;SULDESTE;30;58.92;2018;>= 3 anos;48;27072.71;1.13;14760.0;1271.0;5;N;N;EF;694;;;;;N;3;0.0
obs1781;45;MT;CENTRO-OESTE;30;29.22;2021;0 Km;36;45687.97;0.89;24600.0;3362.0;6;N;N;EF;746;3.0;A4;BOM;B1;S;0;0.0
obs5723;28;RO;NORTE;30;22.29;2022;0 Km;37;36193.87;1.13;3690.0;697.0;36;N;N;EF;669;3.0;A2;BOM;B2;N;-1;0.0
obs8575;77;PR;SUL;30;23.64;2020;2 anos;48;36061.01;1.77;3690.0;820.0;30;N;N;EF;671;;;;;S;1;0.0
obs2164;34;SP;SULDESTE;30;64.42;2021;0 Km;37;28784.17;1.2;3444.0;1066.0;29;N;N;EF;746;2.0;A1;BOM;A2;S;0;0.0
obs859;55;PE;NORDESTE;30;11.03;2021;0 Km;60;36681.71;1.39;4100.0;2542.0;23;S;N;EF;668;3.0;A1;RUIM;C3;S;0;0.0
obs8065;37;PI;NORDESTE;30;46.42;2022;0 Km;60;23917.53;1.08;5143.42;779.0;11;N;N;EF;697;3.0;A1;BOM;A3;S;-1;0.0
obs7038;46;ES;SULDESTE;30;19.39;2022;0 Km;60;45122.32;0.99;4920.0;6027.0;0;N;N;EF;772;3.0;A4;BOM;C3;S;-1;0.0
obs4183;48;AP;NORTE;30;22.84;2022;0 Km;60;58244.42;1.12;5002.0;902.0;28;S;N;EF;702;3.0;A1;BOM;B3;;-1;0.0
obs6400;58;PA;NORTE;30;22.63;2022;0 Km;48;34022.8;1.16;3690.0;1804.0;26;N;N;EF;692;3.0;A2;RUIM;B2;N;-1;0.0
obs4957;48;GO;CENTRO-OESTE;30;52.64;2022;0 Km;48;41900.83;0.88;18860.0;15990.0;5;N;N;EF;742;3.0;A4;BOM;A2;N;-1;0.0
obs1091;42;SP;SULDESTE;30;63.0;2021;0 Km;24;31644.45;0.0;10660.0;7544.0;13;N;N;EF;746;3.0;A4;BOM;A1;N;0;0.0
obs1542;63;BA;NORDESTE;30;11.81;2021;0 Km;60;36867.58;1.59;4920.0;6109.0;20;N;N;EF;683;1.0;A2;BOM;C3;;0;1.0
obs6341;67;PR;SUL;30;47.1;2022;0 Km;49;28370.77;1.1;2296.0;2460.0;37;N;N;EF;751;3.0;A4;BOM;A3;S;-1;0.0
obs523;55;PE;NORDESTE;30;40.53;2021;0 Km;49;24364.51;1.05;2378.0;820.0;30;N;N;EF;673;1.0;A1;BOM;A3;;0;0.0
obs1889;73;PE;NORDESTE;30;75.39;2021;0 Km;36;22920.74;0.72;16400.0;2624.0;4;N;N;EF;747;3.0;A2;BOM;A1;S;0;0.0
obs2980;30;RS;SUL;30;34.62;2012;>= 3 anos;48;15156.14;1.81;1804.0;1189.0;27;N;N;EF;663;;;;;N;9;0.0
obs7384;32;PR;SUL;30;28.28;2022;0 Km;49;39360.47;1.1;2542.0;984.0;47;N;N;EF;669;2.0;A1;RUIM;B3;S;-1;0.0
obs4678;40;PB;NORDESTE;30;0.0;2022;0 Km;60;41684.87;1.25;3936.0;492.0;26;N;N;EF;746;1.0;A2;BOM;C3;S;-1;0.0
obs7919;39;GO;CENTRO-OESTE;30;69.05;2022;0 Km;24;27147.08;0.0;4100.0;4223.0;28;N;N;EF;746;3.0;A2;BOM;A1;S;-1;0.0
obs7481;61;PI;NORDESTE;30;27.5;2022;0 Km;37;33689.12;1.13;4920.0;2542.0;0;N;N;EF;711;3.0;A1;RUIM;B2;S;-1;0.0
obs8166;49;DF;CENTRO-OESTE;30;34.18;2022;0 Km;60;50132.83;1.08;7298.0;2542.0;15;N;N;EF;715;3.0;A2;BOM;B3;S;-1;0.0
obs5950;64;AM;NORTE;30;43.6;2022;0 Km;24;33186.54;1.0;4100.0;2993.0;38;N;N;EF;673;3.0;A2;RUIM;A1;S;-1;0.0
obs4002;42;MT;CENTRO-OESTE;30;60.33;2022;0 Km;24;25806.53;0.55;5740.0;1394.0;0;N;N;EF;663;2.0;A4;RUIM;A1;S;-1;1.0
obs8491;44;CE;NORDESTE;30;70.83;2022;0 Km;24;23849.22;0.0;3936.0;1886.0;26;S;N;EF;755;3.0;A2;BOM;A1;N;-1;0.0
obs6155;44;RS;SUL;30;28.0;2022;0 Km;49;33850.62;1.16;3936.0;1886.0;0;N;N;EF;667;3.0;A4;RUIM;B3;N;-1;0.0
obs8946;39;RJ;SULDESTE;30;9.09;2019;2 anos;60;50702.21;2.21;4100.0;1599.0;38;N;S;EF;668;;;;;N;2;1.0
obs986;59;RR;NORTE;30;36.37;2021;0 Km;60;57566.14;1.34;5740.0;1230.0;25;S;N;EF;692;1.0;A1;RUIM;B3;;0;0.0
obs9683;27;BA;NORDESTE;30;30.4;2022;0 Km;60;52903.74;1.17;3280.0;1804.0;37;N;N;EF;729;3.0;A1;BOM;B3;S;-1;0.0
obs7446;63;SC;SUL;30;15.48;2022;0 Km;48;36434.32;1.05;5330.0;8282.0;19;N;N;EF;747;3.0;A4;BOM;C2;S;-1;0.0
obs7934;59;PR;SUL;30;16.84;2016;>= 3 anos;60;21702.01;1.58;3403.0;1353.0;16;N;N;EF;688;;;;;S;5;0.0
obs4703;54;CE;NORDESTE;30;30.68;2022;0 Km;60;28797.68;1.12;10660.0;11685.0;6;N;N;EF;687;3.0;A2;BOM;B3;S;-1;0.0
obs5047;64;PB;NORDESTE;30;45.53;2021;0 Km;36;30573.66;0.75;24600.0;8364.0;4;N;N;EF;711;2.0;A2;RUIM;A1;S;0;0.0
obs6810;69;MA;NORDESTE;30;54.66;2021;0 Km;48;37258.7;1.32;4920.0;1845.0;22;N;S;EF;679;3.0;A2;RUIM;A2;S;0;0.0
obs8672;28;DF;CENTRO-OESTE;30;88.93;2019;2 anos;24;5551.87;1.24;4100.0;2460.0;6;N;N;EF;629;;;;;S;2;1.0
obs1822;37;AL;NORDESTE;30;42.88;2021;0 Km;48;55940.34;0.99;6560.0;2173.0;0;N;N;EF;754;3.0;A2;BOM;A2;N;0;0.0
obs4160;36;BA;NORDESTE;30;44.12;2019;2 anos;48;32544.11;1.08;4920.0;1845.0;18;S;N;EF;671;;;;;;2;0.0
obs541;47;MS;CENTRO-OESTE;30;47.42;2021;0 Km;37;45777.07;0.87;4920.0;1927.0;33;N;N;EF;678;3.0;A2;RUIM;A2;S;0;0.0
obs6575;39;DF;CENTRO-OESTE;30;39.79;2022;0 Km;60;26718.53;1.12;3690.0;1312.0;16;N;N;EF;746;1.0;A2;BOM;B3;S;-1;0.0
obs5860;45;RJ;SULDESTE;30;62.9;2022;0 Km;36;30531.55;0.67;4100.0;4346.0;0;N;N;EF;719;3.0;A2;BOM;A1;S;-1;0.0
obs4708;30;SP;SULDESTE;30;32.47;2021;0 Km;49;57751.17;1.02;6543.6;820.0;26;N;N;EF;678;3.0;A1;PESS;B3;S;0;0.0
obs2508;60;MG;SULDESTE;30;70.25;2021;0 Km;24;27274.81;0.0;16400.0;3403.0;7;N;N;EF;760;2.0;A4;BOM;A1;S;0;0.0
obs3898;50;SC;SUL;30;39.23;2017;>= 3 anos;60;27311.79;1.11;6765.0;5986.0;9;N;N;EF;704;;;;;S;4;0.0
obs8814;48;PA;NORTE;30;0.43;2022;0 Km;60;43802.69;1.33;4018.0;2337.0;0;N;N;EF;704;1.0;A2;RUIM;C3;;-1;0.0
obs655;61;MG;SULDESTE;30;81.46;2016;>= 3 anos;18;6551.4;0.92;3280.0;1353.0;12;N;S;EF;643;;;;;N;5;0.0
obs2806;76;PA;NORTE;30;25.94;2022;0 Km;60;32217.39;1.12;3280.0;1107.0;22;N;N;EF;707;1.0;A2;BOM;B3;;-1;0.0
obs4710;40;PB;NORDESTE;30;23.96;2022;0 Km;60;32388.87;1.5;3444.0;1312.0;0;N;N;EF;682;3.0;A2;RUIM;B3;S;-1;0.0
obs2992;35;SP;SULDESTE;30;63.6;2021;0 Km;18;23355.97;0.0;5576.0;1312.0;23;N;N;EF;746;3.0;A2;BOM;A1;N;0;0.0
obs4327;46;SC;SUL;30;53.7;2021;0 Km;36;33115.15;0.46;4838.0;1435.0;21;S;N;EF;755;3.0;A4;BOM;A1;S;0;0.0
obs7524;41;PE;NORDESTE;30;29.3;2022;0 Km;60;53704.61;1.3;5740.0;4223.0;22;N;N;EF;733;1.0;A1;RUIM;B3;S;-1;0.0
obs7039;54;PI;NORDESTE;30;9.51;2022;0 Km;60;39521.53;1.71;3444.0;1599.0;32;N;N;EF;678;3.0;A1;RUIM;C3;S;-1;0.0
obs4790;57;RR;NORTE;30;21.27;2022;0 Km;49;34220.25;1.05;4510.0;1189.0;22;N;S;EF;705;1.0;A2;BOM;B3;S;-1;0.0
obs1577;63;SP;SULDESTE;30;79.06;2021;0 Km;12;11777.34;0.0;3280.0;1968.0;30;N;N;EF;760;3.0;A4;BOM;A1;N;0;0.0
obs8042;73;RJ;SULDESTE;30;69.64;2021;0 Km;24;21936.07;0.0;4920.0;1968.0;18;N;N;EF;720;3.0;A4;RUIM;A1;N;0;0.0
obs7152;44;PB;NORDESTE;30;44.06;2017;>= 3 anos;48;65600.6;1.03;6560.0;2091.0;27;N;N;EF;687;;;;;S;4;0.0
obs4953;73;GO;CENTRO-OESTE;30;72.37;2021;0 Km;12;17000.83;0.99;8200.0;11849.0;18;N;N;EF;707;3.0;A4;RUIM;A1;N;0;0.0
obs5435;47;MA;NORDESTE;30;13.51;2022;0 Km;48;40060.78;1.21;4100.0;861.0;0;N;N;EF;719;3.0;A2;BOM;C2;S;-1;0.0
obs7854;52;MG;SULDESTE;30;20.05;2022;0 Km;60;45499.66;1.19;3690.0;1927.0;30;N;N;EF;706;3.0;A4;BOM;B3;S;-1;0.0
obs7646;44;RR;NORTE;30;17.01;2022;0 Km;60;36771.05;1.46;4091.8;2542.0;23;N;N;EF;678;1.0;A1;RUIM;C3;;-1;0.0
obs6625;63;BA;NORDESTE;30;25.21;2022;0 Km;49;34619.81;1.16;4264.0;3239.0;25;N;N;EF;711;1.0;A2;BOM;B3;;-1;0.0
obs4845;50;RS;SUL;30;23.6;2018;>= 3 anos;60;27927.28;1.79;2460.0;2501.0;32;N;N;EF;657;;;;;N;3;0.0
obs1856;72;RJ;SULDESTE;30;39.42;2021;0 Km;60;51688.25;0.93;4100.0;2419.0;27;N;N;EF;760;3.0;A4;BOM;B3;N;0;0.0
obs8812;46;RN;NORDESTE;30;44.9;2019;2 anos;48;33981.03;1.66;3280.0;1025.0;32;S;N;EF;668;;;;;;2;0.0
obs2638;40;PR;SUL;30;19.68;2013;>= 3 anos;48;17872.28;1.64;2952.0;1640.0;19;N;N;EF;704;;;;;N;8;0.0
obs4832;71;CE;NORDESTE;30;70.75;2021;0 Km;24;21247.17;0.8;5740.0;2542.0;17;N;N;EF;720;3.0;A2;BOM;A1;N;0;0.0
obs9292;72;DF;CENTRO-OESTE;30;65.8;2022;0 Km;18;16665.57;0.2;6560.0;1722.0;15;N;N;EF;720;2.0;A1;BOM;A1;S;-1;0.0
obs2297;33;PE;NORDESTE;30;35.71;2016;>= 3 anos;48;30116.84;1.87;5330.0;1599.0;18;N;N;EF;664;;;;;N;5;0.0
obs5104;57;SP;SULDESTE;30;0.0;2022;0 Km;60;40361.01;1.25;4395.2;2542.0;21;N;N;EF;720;3.0;A4;RUIM;C3;S;-1;0.0
obs7022;47;SP;SULDESTE;30;66.29;2021;0 Km;24;30200.15;0.0;12300.0;2706.0;0;N;N;EF;772;3.0;A4;BOM;A1;S;0;0.0
obs1352;67;RJ;SULDESTE;30;61.86;2017;>= 3 anos;36;16265.51;1.22;3280.0;6027.0;17;N;N;EF;688;;;;;;4;0.0
obs4259;34;RR;NORTE;30;41.35;2021;0 Km;49;51633.25;1.02;8036.0;2706.0;18;N;N;EF;706;3.0;A4;BOM;A3;S;0;0.0
obs2416;48;SP;SULDESTE;30;7.28;2012;>= 3 anos;48;30002.61;2.0;3772.0;1845.0;25;N;N;EF;662;;;;;N;9;0.0
obs1064;70;SE;NORDESTE;30;45.43;2021;0 Km;48;25887.89;1.14;2870.0;2050.0;25;N;N;EF;711;3.0;A2;BOM;A2;N;0;0.0
obs4378;41;RO;NORTE;30;25.44;2021;0 Km;49;41854.34;1.27;3280.0;2583.0;40;N;N;EF;669;3.0;A2;PESS;B3;S;0;0.0
obs9822;53;SP;SULDESTE;30;53.24;2022;0 Km;24;35714.51;1.04;6560.0;3034.0;26;N;N;EF;755;3.0;A4;BOM;A1;S;-1;0.0
obs8713;38;RS;SUL;30;45.68;2022;0 Km;48;47755.05;0.83;12287.7;3239.0;9;N;N;EF;746;3.0;A2;BOM;A2;S;-1;0.0
obs1140;64;BA;NORDESTE;30;63.34;2021;0 Km;48;17567.8;1.2;1910.6;4387.0;26;N;N;EF;683;3.0;A2;RUIM;A2;S;0;0.0
obs5146;47;MA;NORDESTE;30;10.05;2022;0 Km;60;39332.87;1.03;5330.0;4264.0;16;N;N;EF;706;3.0;A2;BOM;C3;S;-1;0.0
obs3389;39;BA;NORDESTE;30;60.0;2022;0 Km;36;17354.28;0.93;2050.0;902.0;29;N;N;EF;665;3.0;A2;RUIM;A1;S;-1;0.0
obs3742;72;MG;SULDESTE;30;22.67;2021;0 Km;49;33456.65;1.16;2952.0;2009.0;33;N;N;EF;683;1.0;A4;RUIM;B3;S;0;0.0
obs2296;88;SC;SUL;30;39.7;2021;0 Km;49;26647.79;1.16;5330.0;1271.0;0;N;N;EF;683;3.0;A2;BOM;B3;S;0;0.0
obs6395;67;RS;SUL;30;29.45;2021;0 Km;49;52838.07;1.19;13120.0;3075.0;12;N;N;EF;747;2.0;A4;BOM;B3;S;0;0.0
obs4140;53;MS;CENTRO-OESTE;30;60.05;2022;0 Km;36;30568.33;0.72;6150.0;3321.0;16;N;N;EF;742;3.0;A1;BOM;A1;S;-1;0.0
obs8682;60;MG;SULDESTE;30;59.3;2021;0 Km;36;25233.01;1.38;18040.0;2706.0;4;N;N;EF;679;2.0;A4;RUIM;A1;S;0;0.0
obs8866;27;BA;NORDESTE;30;22.1;2022;0 Km;60;34460.31;1.46;3444.0;779.0;26;N;N;EF;682;1.0;A1;BOM;B3;;-1;1.0
obs4052;70;SP;SULDESTE;30;65.13;2021;0 Km;36;29672.27;0.89;5330.0;2911.0;18;N;N;EF;760;3.0;A4;BOM;A1;S;0;0.0
obs9820;65;PE;NORDESTE;30;56.94;2022;0 Km;24;39594.61;1.04;16400.0;8651.0;12;N;N;EF;705;2.0;A2;BOM;A1;N;-1;0.0
obs1013;44;PE;NORDESTE;30;0.0;2021;0 Km;60;49688.37;1.19;15580.0;8405.0;7;N;N;EF;746;3.0;A2;BOM;C3;S;0;0.0
obs7448;56;MG;SULDESTE;30;45.98;2022;0 Km;60;34471.01;0.98;8200.0;2583.0;9;N;N;EF;751;3.0;A4;RUIM;A3;S;-1;0.0
obs6859;45;MA;NORDESTE;30;56.98;2022;0 Km;36;22834.34;1.12;5740.0;1025.0;14;N;S;EF;702;3.0;A2;BOM;A1;N;-1;0.0
obs7269;53;SP;SULDESTE;30;26.99;2021;0 Km;49;54738.27;1.19;4100.0;3321.0;41;N;S;EF;702;3.0;A4;RUIM;B3;S;0;0.0
obs6158;65;SP;SULDESTE;30;0.0;2013;>= 3 anos;48;20623.61;1.84;4920.0;2009.0;13;N;N;EF;665;;;;;N;8;0.0
obs4133;45;SP;SULDESTE;30;33.67;2014;>= 3 anos;48;16723.44;2.01;1558.0;1435.0;35;N;N;EF;657;;;;;;7;0.0
obs1672;46;DF;CENTRO-OESTE;30;50.08;2021;0 Km;48;33260.92;0.97;8200.0;1845.0;10;S;N;EF;687;1.0;A2;BOM;A2;;0;0.0
obs3817;38;SC;SUL;30;64.11;2021;0 Km;24;29874.83;0.0;9840.0;2583.0;13;N;N;EF;746;3.0;A4;BOM;A1;N;0;0.0
obs6513;41;PA;NORTE;30;25.99;2022;0 Km;49;60699.0;0.88;4799.46;3198.0;0;N;N;EF;714;3.0;A2;BOM;B3;S;-1;0.0
obs6098;35;MS;CENTRO-OESTE;30;52.03;2018;>= 3 anos;48;15619.79;1.56;3280.0;3198.0;14;S;N;EF;623;;;;;N;3;0.0
obs4210;23;BA;NORDESTE;30;14.43;2022;0 Km;60;36859.28;1.55;3526.0;1312.0;28;S;N;EF;670;1.0;A2;BOM;C3;;-1;0.0
obs7965;59;MA;NORDESTE;30;74.32;2018;>= 3 anos;48;16922.87;1.17;3690.0;6150.0;13;N;N;EF;665;;;;;S;3;0.0
obs62;45;RJ;SULDESTE;30;44.57;2018;>= 3 anos;60;21244.68;1.19;3690.0;1968.0;14;N;N;EF;661;;;;;S;3;0.0
obs7615;37;PE;NORDESTE;30;46.98;2021;0 Km;36;33710.74;1.22;4592.0;1353.0;25;N;N;EF;669;3.0;A2;PESS;A1;S;0;0.0
obs4302;69;DF;CENTRO-OESTE;30;62.85;2022;0 Km;48;16510.3;0.67;3772.0;6150.0;10;N;N;EF;760;3.0;A2;BOM;A2;N;-1;0.0
obs5519;53;ES;SULDESTE;30;30.99;2022;0 Km;48;27178.01;1.19;4100.0;1927.0;0;N;S;EF;759;3.0;A4;BOM;B2;S;-1;0.0
obs5899;72;SC;SUL;30;41.64;2022;0 Km;24;21776.84;1.31;2984.8;1517.0;37;N;N;EF;747;3.0;A2;BOM;A1;S;-1;0.0
obs8054;42;SP;SULDESTE;30;33.81;2019;2 anos;60;40037.31;1.19;8036.0;3239.0;12;N;N;EF;675;;;;;S;2;0.0
obs8231;26;SP;SULDESTE;30;32.79;2022;0 Km;36;47849.27;0.92;4838.0;1804.0;0;N;N;EF;755;3.0;A1;BOM;B1;S;-1;0.0
obs1953;53;SP;SULDESTE;30;32.87;2022;0 Km;49;33842.77;1.27;8364.0;6027.0;12;N;N;EF;746;2.0;A2;BOM;B3;S;-1;0.0
obs1327;42;RJ;SULDESTE;30;75.61;2017;>= 3 anos;24;11617.51;0.88;3280.0;2173.0;0;N;N;EF;694;;;;;S;4;0.0
obs6427;44;SP;SULDESTE;60;62.79;2016;>= 3 anos;48;15793.01;1.0;4100.0;2542.0;10;N;N;EF;698;;;;;S;5;0.0
obs5021;63;MT;CENTRO-OESTE;30;72.48;2022;0 Km;24;18228.46;0.71;8200.0;6068.0;10;N;N;EF;747;3.0;A4;BOM;A1;S;-1;0.0
obs5159;39;AM;NORTE;30;55.21;2021;0 Km;36;23298.37;0.83;4100.0;3239.0;19;N;N;EF;733;3.0;A2;BOM;A1;S;0;0.0
obs6364;36;ES;SULDESTE;30;29.9;2022;0 Km;24;57405.78;0.96;8200.0;3239.0;33;N;N;EF;746;1.0;A2;BOM;B1;;-1;0.0
obs705;36;SP;SULDESTE;30;38.25;2019;2 anos;60;39419.95;1.31;5658.0;1927.0;16;N;N;EF;671;;;;;S;2;0.0
obs6498;59;SP;SULDESTE;30;0.0;2022;0 Km;36;59198.95;1.5;4920.0;2419.0;43;N;N;EF;707;3.0;A4;BOM;C1;N;-1;0.0
obs4886;24;PR;SUL;30;69.44;2022;0 Km;48;17388.06;0.99;4100.0;943.0;11;N;N;EF;634;3.0;A1;PESS;A2;N;-1;0.0
obs2431;38;CE;NORDESTE;30;28.4;2022;0 Km;49;30895.92;1.16;4100.0;1804.0;23;N;N;EF;658;1.0;A1;BOM;B3;;-1;0.0
obs9307;31;AM;NORTE;30;28.33;2022;0 Km;49;58287.85;1.07;12300.0;1271.0;14;N;N;EF;682;1.0;A1;BOM;B3;;-1;0.0
obs760;54;GO;CENTRO-OESTE;30;57.15;2021;0 Km;48;18257.45;1.16;24600.0;8487.0;2;N;N;EF;655;3.0;A4;RUIM;A2;N;0;0.0
obs877;50;RS;SUL;30;77.27;2021;0 Km;36;11125.78;0.9;4100.0;1845.0;8;N;N;EF;742;3.0;A4;BOM;A1;S;0;0.0
obs6837;43;SP;SULDESTE;30;71.05;2022;0 Km;48;17698.95;1.01;4100.0;1394.0;11;N;N;EF;733;3.0;A2;BOM;A2;S;-1;0.0
obs5885;54;SP;SULDESTE;30;25.06;2014;>= 3 anos;48;22948.27;1.13;5740.0;1886.0;10;N;N;EF;679;;;;;S;7;0.0
obs9476;59;PR;SUL;30;75.91;2021;0 Km;24;19917.39;1.24;4510.0;1640.0;22;S;N;EF;707;3.0;A2;BOM;A1;S;0;0.0
obs2319;72;PE;NORDESTE;30;17.97;2022;0 Km;60;34871.08;1.28;4920.0;779.0;17;N;N;EF;707;3.0;A2;BOM;C3;;-1;0.0
obs935;46;RS;SUL;30;18.93;2021;0 Km;60;71230.11;1.39;9923.64;6068.0;17;N;N;EF;742;2.0;A2;BOM;C3;S;0;0.0
obs3691;45;SP;SULDESTE;30;25.0;2021;0 Km;60;63038.27;1.61;6970.0;2624.0;23;N;N;EF;674;1.0;A4;RUIM;B3;;0;0.0
obs2458;38;SP;SULDESTE;30;4.4;2016;>= 3 anos;60;37389.61;1.66;3690.0;2542.0;27;N;N;EF;665;;;;;N;5;0.0
obs4593;38;MG;SULDESTE;30;21.81;2022;0 Km;49;33820.19;1.27;3690.0;1353.0;29;N;N;EF;697;3.0;A2;BOM;B3;S;-1;0.0
obs3796;50;PE;NORDESTE;30;70.4;2021;0 Km;24;19634.77;0.57;6560.0;1886.0;13;N;N;EF;659;3.0;A2;PESS;A1;S;0;0.0
obs9520;42;RS;SUL;30;63.96;2022;0 Km;24;33142.07;0.0;5330.0;1886.0;27;N;N;EF;706;1.0;A2;RUIM;A1;;-1;0.0
obs8829;70;AL;NORDESTE;30;39.45;2022;0 Km;49;38881.03;1.22;5740.0;3239.0;20;N;N;EF;711;2.0;A2;RUIM;B3;S;-1;0.0
obs2457;68;MA;NORDESTE;30;19.34;2022;0 Km;48;34935.53;1.33;3772.0;779.0;27;N;N;EF;692;1.0;A2;BOM;C2;;-1;0.0
obs453;35;RS;SUL;30;72.72;2021;0 Km;24;28015.26;0.0;8200.0;5945.0;14;N;N;EF;746;3.0;A2;BOM;A1;S;0;0.0
obs9511;62;SP;SULDESTE;30;26.64;2016;>= 3 anos;48;26533.05;1.34;5740.0;3198.0;13;N;N;EF;678;;;;;N;5;0.0
obs8066;45;MG;SULDESTE;30;42.73;2017;>= 3 anos;48;29838.68;1.04;5740.0;1886.0;14;N;N;EF;670;;;;;S;4;0.0
obs1697;57;PE;NORDESTE;30;11.64;2021;0 Km;48;36440.61;1.47;3690.0;2501.0;30;N;N;EF;692;1.0;A2;RUIM;C2;;0;0.0
obs9232;44;PE;NORDESTE;30;28.01;2022;0 Km;49;46364.61;1.22;5166.0;2583.0;0;N;N;EF;686;1.0;A1;BOM;B3;;-1;0.0
obs2778;38;BA;NORDESTE;30;50.04;2021;0 Km;36;26199.71;0.88;10660.0;3280.0;8;N;N;EF;733;3.0;A2;RUIM;A1;S;0;0.0
obs5101;68;PE;NORDESTE;30;42.74;2021;0 Km;49;44749.74;1.07;6232.0;1353.0;21;N;N;EF;711;3.0;A4;RUIM;A3;;0;0.0
obs7826;45;PR;SUL;30;47.96;2022;0 Km;60;20556.28;1.19;5330.0;3362.0;0;N;N;EF;772;2.0;A4;BOM;A3;S;-1;0.0
obs6724;49;SP;SULDESTE;30;58.5;2022;0 Km;36;29570.18;0.7;3280.0;1066.0;28;N;N;EF;746;3.0;A4;BOM;A1;S;-1;0.0
obs512;35;RS;SUL;30;36.51;2021;0 Km;60;39111.7;1.12;3854.0;1927.0;24;N;N;EF;733;3.0;A2;BOM;B3;S;0;0.0
obs6630;23;BA;NORDESTE;30;25.15;2022;0 Km;60;44235.97;1.49;4920.0;1517.0;22;N;N;EF;617;1.0;A0;BOM;B3;N;-1;0.0
obs6952;33;PE;NORDESTE;30;53.72;2021;0 Km;60;34375.57;1.04;4920.0;11808.0;15;N;N;EF;746;3.0;A1;BOM;A3;S;0;0.0
obs8145;40;RR;NORTE;30;24.48;2022;0 Km;49;63085.51;0.97;6724.0;1804.0;0;N;N;EF;667;3.0;A2;BOM;B3;S;-1;0.0
obs2050;40;BA;NORDESTE;30;40.01;2022;0 Km;60;25650.13;1.29;2050.0;820.0;31;N;N;EF;650;3.0;A2;PESS;A3;N;-1;0.0
obs5219;56;RJ;SULDESTE;30;83.84;2018;>= 3 anos;24;9707.68;1.04;3772.0;1271.0;12;N;N;EF;688;;;;;S;3;0.0
obs9052;39;SP;SULDESTE;30;31.61;2021;0 Km;48;60971.41;1.45;5740.0;1312.0;0;N;N;EF;642;1.0;A2;BOM;B2;;0;0.0
obs4284;40;SP;SULDESTE;30;65.87;2020;2 anos;48;15227.78;0.61;3280.0;3034.0;11;N;N;EF;712;;;;;S;1;0.0
obs924;64;MG;SULDESTE;30;65.82;2018;>= 3 anos;48;12820.78;1.02;4100.0;2993.0;8;N;N;EF;688;;;;;N;3;0.0
obs9682;50;MA;NORDESTE;30;58.76;2022;0 Km;36;25954.27;1.01;5740.0;1804.0;15;N;S;EF;691;3.0;A2;RUIM;A1;S;-1;0.0
obs9538;58;PE;NORDESTE;30;39.19;2022;0 Km;49;35700.25;1.11;3280.0;1394.0;33;N;N;EF;705;3.0;A2;RUIM;B3;S;-1;0.0
obs3281;38;CE;NORDESTE;30;28.0;2021;0 Km;49;57450.11;0.83;3444.0;492.0;47;N;N;EF;691;2.0;A2;BOM;B3;S;0;0.0
obs3661;50;SP;SULDESTE;30;43.39;2022;0 Km;48;44767.48;0.83;8200.0;2542.0;13;N;N;EF;687;1.0;A2;BOM;A2;S;-1;0.0
obs6473;31;PE;NORDESTE;30;20.74;2022;0 Km;49;34788.08;1.16;3690.0;1312.0;29;N;N;EF;669;1.0;A4;RUIM;B3;;-1;0.0
obs8773;28;MG;SULDESTE;30;53.28;2022;0 Km;37;22235.88;1.18;1066.0;1025.0;0;N;N;EF;737;1.0;A1;BOM;A2;;-1;0.0
obs5774;44;SP;SULDESTE;30;47.72;2021;0 Km;36;35227.46;0.93;5740.0;5986.0;21;N;N;EF;742;3.0;A4;BOM;A1;S;0;0.0
obs5978;69;AP;NORTE;30;45.38;2022;0 Km;49;45482.34;0.92;4920.0;5945.0;16;N;N;EF;705;3.0;A1;BOM;A3;S;-1;0.0
obs5643;71;RJ;SULDESTE;30;35.83;2022;0 Km;48;35143.98;1.05;5330.0;1271.0;18;N;N;EF;707;3.0;A4;BOM;B2;S;-1;0.0
obs9799;54;SC;SUL;30;42.53;2014;>= 3 anos;48;21833.79;2.1;2665.0;1312.0;28;S;N;EF;649;;;;;N;7;1.0
obs4879;75;PE;NORDESTE;30;1.05;2022;0 Km;60;44009.38;1.23;3936.0;3198.0;26;N;N;EF;707;1.0;A1;BOM;C3;S;-1;0.0
obs395;73;SP;SULDESTE;30;0.59;2018;>= 3 anos;60;26164.85;1.73;3936.0;1886.0;17;N;N;EF;665;;;;;S;3;0.0
obs3443;60;RJ;SULDESTE;30;15.22;2021;0 Km;60;56139.54;1.09;4920.0;2665.0;27;N;S;EF;760;3.0;A4;BOM;C3;S;0;0.0
obs3468;59;RJ;SULDESTE;30;65.0;2021;0 Km;18;23293.12;0.0;9840.0;2583.0;13;N;N;EF;760;3.0;A4;RUIM;A1;N;0;0.0
obs7522;50;MG;SULDESTE;30;18.17;2022;0 Km;48;66718.07;1.23;7913.0;4387.0;23;N;N;EF;715;3.0;A4;BOM;C2;N;-1;0.0
obs5174;39;SP;SULDESTE;30;44.52;2022;0 Km;60;50427.25;1.04;8434.09;3239.0;14;N;N;EF;678;3.0;A4;RUIM;A3;S;-1;0.0
obs881;41;PA;NORTE;30;11.09;2016;>= 3 anos;60;41470.39;1.71;4510.0;4346.0;25;N;N;EF;671;;;;;S;5;0.0
obs177;42;DF;CENTRO-OESTE;30;0.0;2020;2 anos;60;37739.27;1.41;3690.0;1394.0;26;N;N;EF;681;;;;;S;1;0.0
obs2282;33;SC;SUL;30;19.8;2018;>= 3 anos;48;34698.79;1.66;3280.0;1886.0;32;N;N;EF;677;;;;;S;3;0.0
obs4830;51;SE;NORDESTE;30;44.09;2022;0 Km;49;30437.32;1.1;1148.0;820.0;0;N;N;EF;667;3.0;A2;BOM;A3;N;-1;0.0
obs3038;69;RJ;SULDESTE;30;0.0;2021;0 Km;60;41247.68;1.39;7380.0;1927.0;0;N;N;EF;724;3.0;A2;BOM;C3;S;0;0.0
obs8455;46;SC;SUL;30;54.7;2021;0 Km;30;28463.83;0.0;4018.0;902.0;23;N;N;EF;715;3.0;A1;BOM;A1;N;0;0.0
obs2499;31;CE;NORDESTE;30;38.81;2017;>= 3 anos;60;21327.68;1.39;3280.0;1271.0;16;N;N;EF;700;;;;;;4;0.0
obs9439;50;MG;SULDESTE;30;34.93;2021;0 Km;36;57576.45;0.99;6150.0;1517.0;32;N;N;EF;742;3.0;A2;BOM;B1;S;0;0.0
obs9491;56;BA;NORDESTE;30;26.53;2022;0 Km;49;45274.38;1.22;6970.0;1763.0;20;N;N;EF;664;2.0;A2;BOM;B3;S;-1;0.0
obs2926;40;BA;NORDESTE;30;28.18;2022;0 Km;49;32510.91;1.16;3690.0;820.0;0;N;N;EF;686;3.0;A2;RUIM;B3;S;-1;0.0
obs4329;58;GO;CENTRO-OESTE;30;0.0;2022;0 Km;60;42328.28;1.58;4674.0;1353.0;23;S;N;EF;747;1.0;A2;BOM;C3;S;-1;0.0
obs6569;59;RS;SUL;30;0.95;2022;0 Km;60;44108.13;1.12;4100.0;3034.0;25;S;N;EF;747;3.0;A4;BOM;C3;S;-1;0.0
obs4119;44;PR;SUL;30;32.6;2014;>= 3 anos;36;23582.68;1.4;8918.32;4264.0;0;N;N;EF;661;;;;;N;7;0.0
obs4021;40;CE;NORDESTE;30;10.01;2022;0 Km;60;47334.77;1.28;4691.88;2501.0;0;N;N;EF;750;2.0;A1;BOM;C3;S;-1;0.0
obs6898;33;RS;SUL;30;26.58;2022;0 Km;49;35023.78;1.16;2378.0;820.0;45;N;N;EF;682;1.0;A1;BOM;B3;;-1;0.0
obs2733;37;RJ;SULDESTE;30;49.27;2018;>= 3 anos;48;17999.38;1.04;1312.0;1804.0;0;N;N;EF;691;;;;;N;3;0.0
obs6592;72;RS;SUL;30;51.09;2022;0 Km;48;26932.65;0.83;2870.0;1927.0;25;N;N;EF;751;3.0;A4;BOM;A2;S;-1;0.0
obs6220;53;PI;NORDESTE;30;53.06;2022;0 Km;30;30451.83;0.0;2460.0;1968.0;43;N;N;EF;715;3.0;A2;BOM;A1;S;-1;0.0
obs3615;45;RS;SUL;30;51.11;2021;0 Km;49;40496.87;1.02;4100.0;4387.0;29;N;N;EF;755;3.0;A4;BOM;A3;S;0;0.0
obs7334;71;SE;NORDESTE;30;16.03;2022;0 Km;36;35747.01;1.04;8200.0;6150.0;15;N;N;EF;747;3.0;A2;BOM;C1;S;-1;0.0
obs3958;25;SC;SUL;30;0.0;2022;0 Km;60;43398.02;1.39;4018.0;861.0;26;N;N;EF;725;2.0;A1;BOM;C3;S;-1;0.0
obs963;39;RJ;SULDESTE;30;28.23;2021;0 Km;60;43925.36;1.34;2272.57;3034.0;0;N;N;EF;699;3.0;A2;RUIM;B3;S;0;0.0
obs894;56;MG;SULDESTE;30;47.75;2021;0 Km;60;41254.5;1.31;5740.0;5986.0;18;N;N;EF;660;1.0;A4;BOM;A3;S;0;0.0
obs7620;41;PR;SUL;30;9.49;2022;0 Km;60;42501.81;1.08;3772.0;3362.0;25;N;N;EF;737;3.0;A2;BOM;C3;S;-1;0.0
obs2149;37;PA;NORTE;30;52.82;2021;0 Km;48;38039.17;1.0;5330.0;1230.0;19;N;N;EF;665;1.0;A2;RUIM;A2;S;0;0.0
obs7844;42;GO;CENTRO-OESTE;30;50.01;2019;2 anos;48;17019.42;1.2;2050.0;6027.0;0;N;N;EF;685;;;;;S;2;0.0
obs2345;45;PA;NORTE;30;15.5;2022;0 Km;48;47261.3;1.3;8200.0;1968.0;16;N;N;EF;706;3.0;A2;RUIM;C2;N;-1;0.0
obs7201;42;SP;SULDESTE;30;0.0;2016;>= 3 anos;60;35564.44;1.84;3923.7;533.0;25;N;N;EF;657;;;;;S;5;0.0
obs179;43;SP;SULDESTE;30;58.34;2020;2 anos;18;21774.15;0.54;6560.0;5904.0;19;N;N;EF;665;;;;;;1;0.0
obs1493;30;SP;SULDESTE;30;58.16;2021;0 Km;48;18698.01;1.0;2132.0;1517.0;24;N;N;EF;733;1.0;A1;BOM;A2;;0;0.0
obs2481;57;RJ;SULDESTE;30;66.5;2021;0 Km;48;17386.13;1.05;4100.0;1312.0;11;S;N;EF;660;3.0;A4;PESS;A2;N;0;0.0
obs7680;51;PA;NORTE;30;42.0;2017;>= 3 anos;48;22204.78;1.95;3526.0;1271.0;21;N;N;EF;640;;;;;S;4;0.0
obs5287;42;PE;NORDESTE;30;14.11;2022;0 Km;60;36954.38;1.51;3034.0;1312.0;32;N;N;EF;682;2.0;A2;RUIM;C3;S;-1;0.0
obs6510;64;SC;SUL;30;38.7;2022;0 Km;60;27129.19;0.99;2460.0;2542.0;24;N;N;EF;760;1.0;A2;BOM;B3;S;-1;0.0
obs2854;32;RS;SUL;30;50.01;2022;0 Km;36;22041.73;0.85;2624.0;1845.0;28;N;N;EF;682;3.0;A2;BOM;A1;S;-1;0.0
obs9277;59;SP;SULDESTE;30;60.0;2022;0 Km;36;17404.71;1.13;2460.0;1845.0;24;S;N;EF;747;3.0;A4;BOM;A1;S;-1;0.0
obs3239;63;SC;SUL;30;0.0;2022;0 Km;60;44990.79;1.44;11844.08;8446.0;0;N;N;EF;724;3.0;A1;RUIM;C3;S;-1;0.0
obs3568;53;SP;SULDESTE;30;28.0;2021;0 Km;49;29878.24;1.16;3280.0;1845.0;28;N;N;EF;706;2.0;A1;PESS;B3;N;0;0.0
obs6221;60;SP;SULDESTE;30;70.67;2022;0 Km;12;18014.35;0.0;4920.0;2501.0;32;N;N;EF;760;3.0;A4;BOM;A1;N;-1;0.0
obs7834;42;PE;NORDESTE;30;64.06;2018;>= 3 anos;36;24736.78;0.86;3690.0;1845.0;22;N;N;EF;683;;;;;S;3;0.0
obs7942;74;RJ;SULDESTE;30;0.0;2022;0 Km;60;43531.84;1.23;5166.0;861.0;20;N;N;EF;747;1.0;A4;BOM;C3;;-1;0.0
obs6354;51;RJ;SULDESTE;30;20.12;2021;0 Km;60;46810.34;1.53;4816.6;1845.0;25;N;N;EF;687;3.0;A2;RUIM;B3;N;0;0.0
obs5413;25;SC;SUL;30;31.0;2022;0 Km;49;58094.83;0.88;3280.0;820.0;50;N;N;EF;729;1.0;A2;BOM;B3;;-1;0.0
obs6549;46;CE;NORDESTE;30;36.64;2022;0 Km;60;47964.04;1.31;4920.0;1107.0;24;N;N;EF;687;3.0;A2;RUIM;B3;S;-1;0.0
obs6366;49;SP;SULDESTE;30;58.0;2022;0 Km;12;25320.75;0.0;11480.0;4428.0;0;N;N;EF;732;3.0;A2;BOM;A1;N;-1;0.0
obs8335;75;PA;NORTE;30;19.19;2022;0 Km;60;67329.04;1.28;5740.0;2501.0;28;N;N;EF;707;1.0;A2;BOM;C3;N;-1;0.0
obs662;49;GO;CENTRO-OESTE;30;6.82;2018;>= 3 anos;48;29303.09;1.58;2870.0;2091.0;31;S;N;EF;698;;;;;S;3;0.0
obs366;29;PE;NORDESTE;30;0.0;2021;0 Km;60;67143.54;1.34;6560.0;1517.0;26;N;N;EF;733;3.0;A1;BOM;C3;S;0;0.0
obs1347;62;MG;SULDESTE;30;21.92;2021;0 Km;60;38159.56;1.52;5412.0;5986.0;18;N;N;EF;720;1.0;A4;PESS;B3;S;0;0.0
obs4173;49;CE;NORDESTE;30;64.31;2021;0 Km;18;28302.17;0.0;7380.0;1845.0;21;N;N;EF;687;3.0;A1;RUIM;A1;N;0;0.0
obs4346;58;PR;SUL;30;11.97;2022;0 Km;60;40705.58;1.19;4920.0;1148.0;20;N;N;EF;751;1.0;A2;BOM;C3;;-1;0.0
obs9239;66;ES;SULDESTE;30;26.05;2021;0 Km;49;64447.08;1.01;12300.0;2788.0;15;N;N;EF;751;3.0;A4;BOM;B3;S;0;0.0
obs9789;43;SP;SULDESTE;30;26.53;2022;0 Km;48;31750.43;0.88;4920.0;1517.0;16;N;N;EF;746;3.0;A1;BOM;B2;S;-1;0.0
obs1179;58;MG;SULDESTE;30;29.96;2021;0 Km;49;46086.76;1.05;4510.0;1886.0;29;N;N;EF;720;3.0;A4;BOM;B3;S;0;0.0
obs1785;70;BA;NORDESTE;30;48.16;2021;0 Km;36;27564.65;0.8;5330.0;2624.0;16;N;N;EF;711;2.0;A2;RUIM;A1;S;0;0.0
obs9483;46;PE;NORDESTE;30;33.33;2015;>= 3 anos;48;17773.08;1.14;4920.0;1517.0;9;S;N;EF;685;;;;;S;6;0.0
obs763;28;PI;NORDESTE;30;0.0;2021;0 Km;60;52726.37;1.45;4920.0;902.0;28;N;N;EF;737;1.0;A1;BOM;C3;;0;0.0
obs2786;64;MT;CENTRO-OESTE;30;29.56;2022;0 Km;49;60250.53;0.93;3690.0;1107.0;47;N;N;EF;696;1.0;A2;BOM;B3;;-1;0.0
obs580;34;SE;NORDESTE;30;32.67;2017;>= 3 anos;60;29423.34;1.35;3444.0;1312.0;20;N;N;EF;661;;;;;S;4;0.0
obs4737;52;PR;SUL;30;39.06;2022;0 Km;48;26919.28;1.05;4920.0;3034.0;15;N;N;EF;702;3.0;A4;BOM;B2;S;-1;0.0
obs8752;46;RJ;SULDESTE;30;29.14;2022;0 Km;60;38597.2;1.14;6560.0;2542.0;13;N;N;EF;700;3.0;A2;RUIM;B3;S;-1;0.0
obs1581;65;PR;SUL;30;63.79;2018;>= 3 anos;48;18702.28;1.0;6560.0;4223.0;7;N;N;EF;694;;;;;S;3;0.0
obs5546;69;AC;NORTE;30;36.51;2022;0 Km;60;30864.36;0.97;6150.0;4100.0;11;N;N;EF;707;3.0;A2;BOM;B3;S;-1;0.0
obs1130;80;ES;SULDESTE;30;77.82;2021;0 Km;12;11136.81;0.0;3526.0;1066.0;26;N;N;EF;760;2.0;A4;BOM;A1;N;0;0.0
obs9669;57;RS;SUL;30;28.01;2022;0 Km;60;40419.22;1.14;4050.8;861.0;23;N;N;EF;760;1.0;A2;BOM;B3;S;-1;0.0
obs3413;68;BA;NORDESTE;30;26.05;2021;0 Km;60;49560.77;1.44;24600.0;15826.0;5;N;N;EF;683;3.0;A1;RUIM;B3;S;0;0.0
obs2910;44;PB;NORDESTE;30;67.74;2022;0 Km;24;18961.96;0.46;3280.0;1804.0;26;S;N;EF;746;2.0;A2;BOM;A1;S;-1;0.0
obs6334;64;RS;SUL;30;63.14;2021;0 Km;18;25023.94;0.0;5740.0;3034.0;25;N;N;EF;720;3.0;A4;BOM;A1;S;0;0.0
obs504;49;SC;SUL;30;41.29;2021;0 Km;36;47956.78;1.04;9840.0;2091.0;17;N;N;EF;674;3.0;A4;BOM;A1;S;0;0.0
obs4126;71;PA;NORTE;30;28.49;2022;0 Km;49;59207.49;0.93;6560.0;1845.0;26;N;N;EF;751;2.0;A2;BOM;B3;S;-1;0.0
obs6930;49;ES;SULDESTE;30;5.1;2016;>= 3 anos;48;34645.52;1.65;3690.0;1968.0;29;N;N;EF;668;;;;;S;5;0.0
obs7398;52;SP;SULDESTE;30;10.53;2021;0 Km;60;58639.27;1.66;13940.0;11808.0;11;N;N;EF;702;3.0;A2;PESS;C3;S;0;0.0
obs9425;41;RS;SUL;30;30.59;2015;>= 3 anos;24;18632.01;1.42;4920.0;1312.0;19;N;N;EF;681;;;;;S;6;0.0
obs1137;57;DF;CENTRO-OESTE;30;43.38;2015;>= 3 anos;48;22078.0;1.32;6560.0;6109.0;9;N;N;EF;664;;;;;N;6;0.0
obs3777;79;MT;CENTRO-OESTE;30;65.0;2022;0 Km;24;29975.45;0.11;4920.0;2501.0;26;N;N;EF;705;3.0;A2;RUIM;A1;S;-1;0.0
obs4022;67;BA;NORDESTE;30;52.09;2021;0 Km;48;42745.64;0.83;6970.0;11931.0;16;N;N;EF;720;1.0;A1;BOM;A2;;0;0.0
obs240;68;SP;SULDESTE;30;29.09;2021;0 Km;37;63222.69;0.88;22140.0;1886.0;10;N;N;EF;711;3.0;A4;BOM;B2;S;0;0.0
obs8612;66;RS;SUL;30;66.84;2022;0 Km;36;15221.54;0.78;2460.0;2009.0;20;N;N;EF;747;2.0;A4;BOM;A1;S;-1;0.0
obs922;36;MG;SULDESTE;30;67.26;2021;0 Km;24;28245.08;0.0;6560.0;2624.0;18;N;N;EF;691;3.0;A2;RUIM;A1;S;0;0.0
obs6679;48;BA;NORDESTE;30;14.02;2022;0 Km;60;49734.11;1.5;4920.0;861.0;26;N;N;EF;674;3.0;A2;BOM;C3;S;-1;1.0
obs8418;25;SC;SUL;30;10.01;2022;0 Km;60;44671.52;1.56;4018.0;820.0;29;N;N;EF;661;3.0;A2;BOM;C3;N;-1;1.0
obs3023;49;SP;SULDESTE;30;41.68;2019;2 anos;24;31662.61;0.99;6844.47;5986.0;21;N;N;EF;704;;;;;S;2;0.0
obs4605;55;RR;NORTE;30;25.51;2021;0 Km;49;69695.71;0.83;9495.6;2952.0;0;N;N;EF;737;1.0;A4;BOM;B3;;0;0.0
obs3078;44;PI;NORDESTE;30;15.25;2021;0 Km;48;46975.76;1.16;4907.8;1312.0;27;N;N;EF;697;3.0;A2;BOM;C2;S;0;0.0
obs1324;55;SP;SULDESTE;30;54.89;2021;0 Km;24;21252.13;0.96;3772.0;1394.0;26;N;N;EF;720;3.0;A4;BOM;A1;S;0;0.0
obs4015;61;GO;CENTRO-OESTE;30;39.9;2022;0 Km;49;48227.09;0.93;4100.0;1025.0;0;N;N;EF;681;3.0;A1;RUIM;B3;S;-1;1.0
obs7843;54;RJ;SULDESTE;30;0.0;2022;0 Km;60;57134.42;1.5;4510.0;2665.0;33;N;S;EF;691;2.0;A4;BOM;C3;N;-1;0.0
obs3030;85;BA;NORDESTE;30;52.6;2021;0 Km;49;41898.21;0.83;3690.0;1968.0;0;N;N;EF;760;3.0;A2;BOM;A3;S;0;0.0
obs3333;72;SP;SULDESTE;30;62.45;2021;0 Km;18;36270.77;0.26;8200.0;2009.0;25;N;N;EF;711;3.0;A4;BOM;A1;N;0;0.0
obs1080;58;PE;NORDESTE;30;0.0;2021;0 Km;60;50185.54;1.23;4510.0;1558.0;27;N;N;EF;747;3.0;A2;BOM;C3;N;0;1.0
obs5166;50;SP;SULDESTE;30;28.09;2021;0 Km;49;57784.37;1.12;8200.0;2378.0;21;N;N;EF;678;3.0;A2;RUIM;B3;N;0;0.0
obs969;52;PB;NORDESTE;30;25.35;2014;>= 3 anos;48;23975.39;1.22;3690.0;3198.0;18;N;N;EF;689;;;;;S;7;0.0
obs3053;52;SC;SUL;30;48.79;2022;0 Km;49;42864.33;0.83;5740.0;5986.0;20;N;N;EF;755;3.0;A4;BOM;A3;S;-1;0.0
obs8266;39;SC;SUL;30;28.38;2022;0 Km;49;53197.0;0.96;5330.0;2583.0;29;N;N;EF;669;3.0;A2;PESS;B3;S;-1;0.0
obs3465;77;RJ;SULDESTE;30;64.2;2021;0 Km;18;33946.17;0.0;12300.0;2050.0;0;N;N;EF;777;3.0;A4;BOM;A1;N;0;0.0
obs7009;52;SP;SULDESTE;30;65.0;2022;0 Km;18;15509.94;0.09;5576.0;8446.0;0;N;N;EF;772;3.0;A4;BOM;A1;S;-1;0.0
obs2112;80;PE;NORDESTE;30;64.05;2021;0 Km;24;30545.95;0.0;4920.0;1025.0;26;N;N;EF;681;2.0;A1;PESS;A1;N;0;0.0
obs3893;56;RS;SUL;30;41.78;2022;0 Km;36;53717.11;0.93;7380.0;3034.0;25;N;N;EF;707;3.0;A1;BOM;A1;S;-1;0.0
obs6054;53;SP;SULDESTE;30;78.15;2022;0 Km;12;13548.95;0.0;4920.0;4346.0;23;N;N;EF;755;3.0;A2;BOM;A1;S;-1;0.0
obs5121;51;MT;CENTRO-OESTE;30;0.0;2022;0 Km;60;43502.79;1.12;5330.0;1353.0;18;N;S;EF;742;1.0;A1;BOM;C3;;-1;0.0
obs5823;21;DF;CENTRO-OESTE;30;49.04;2022;0 Km;36;69996.81;0.67;5740.0;861.0;38;N;N;EF;738;1.0;A2;BOM;A1;;-1;0.0
obs4495;60;RS;SUL;30;28.39;2022;0 Km;49;58372.58;0.93;4018.0;2624.0;0;N;N;EF;728;3.0;A2;BOM;B3;N;-1;0.0
obs3106;64;PR;SUL;30;10.62;2021;0 Km;48;42277.91;1.09;4100.0;1886.0;0;N;N;EF;777;3.0;A4;BOM;C2;S;0;0.0
obs4584;44;MS;CENTRO-OESTE;30;26.84;2022;0 Km;60;31748.59;1.23;4510.0;1230.0;17;S;N;EF;693;3.0;A1;BOM;B3;N;-1;0.0
obs1054;61;SP;SULDESTE;30;35.87;2021;0 Km;36;39363.45;1.31;8811.72;8446.0;16;N;N;EF;707;3.0;A4;BOM;B1;S;0;0.0
obs1003;44;PB;NORDESTE;30;37.16;2021;0 Km;37;100295.55;1.2;9840.0;1845.0;0;N;N;EF;706;1.0;A2;BOM;B2;;0;0.0
obs5119;38;RS;SUL;30;22.63;2022;0 Km;60;34857.78;1.02;3690.0;1927.0;22;N;N;EF;733;3.0;A2;BOM;B3;S;-1;0.0
obs7354;38;MT;CENTRO-OESTE;30;26.79;2022;0 Km;48;32199.85;1.61;3444.0;1230.0;29;S;N;EF;665;1.0;A1;RUIM;B2;;-1;0.0
obs3833;85;CE;NORDESTE;30;22.52;2022;0 Km;49;33354.38;1.16;4428.0;1394.0;0;N;N;EF;751;1.0;A1;BOM;B3;;-1;0.0
obs1820;39;DF;CENTRO-OESTE;30;18.96;2021;0 Km;60;59666.15;1.29;7790.0;1886.0;18;N;N;EF;733;2.0;A1;BOM;C3;S;0;0.0
obs798;33;PR;SUL;30;20.01;2022;0 Km;60;37534.18;1.51;2870.0;1845.0;34;N;N;EF;650;3.0;A1;RUIM;B3;N;-1;0.0
obs9135;41;RS;SUL;30;12.86;2014;>= 3 anos;48;23612.01;1.8;3116.0;1230.0;24;N;S;EF;681;;;;;;7;0.0
obs112;62;SP;SULDESTE;30;39.01;2021;0 Km;60;39629.11;0.97;3690.0;2501.0;24;N;N;EF;760;3.0;A4;RUIM;B3;S;0;0.0
obs3028;27;PA;NORTE;30;33.64;2022;0 Km;49;35353.83;1.16;4042.6;1230.0;27;N;N;EF;697;3.0;A2;BOM;B3;S;-1;0.0
obs2531;59;MA;NORDESTE;30;21.15;2021;0 Km;36;33190.04;1.04;4100.0;2542.0;28;N;N;EF;747;3.0;A1;BOM;B1;S;0;0.0
obs9319;36;SP;SULDESTE;30;23.27;2022;0 Km;36;69217.46;0.83;12300.0;8405.0;19;N;N;EF;746;3.0;A2;BOM;B1;S;-1;0.0
obs1525;46;SP;SULDESTE;30;74.96;2021;0 Km;18;20666.77;0.0;8282.0;4264.0;14;N;N;EF;687;3.0;A2;BOM;A1;N;0;0.0
obs5644;51;RJ;SULDESTE;30;36.46;2021;0 Km;48;52226.92;0.93;13940.0;8528.0;0;N;N;EF;763;3.0;A4;BOM;B2;S;0;0.0
obs343;42;BA;NORDESTE;30;35.9;2021;0 Km;48;37720.82;1.04;4100.0;4387.0;24;N;N;EF;733;3.0;A2;BOM;B2;S;0;0.0
obs6043;36;MA;NORDESTE;30;20.0;2018;>= 3 anos;60;34352.87;2.31;4756.0;1476.0;23;N;N;EF;636;;;;;S;3;0.0
obs91;36;SE;NORDESTE;30;28.39;2021;0 Km;37;63867.28;0.75;4510.0;1353.0;47;N;N;EF;746;3.0;A2;BOM;B2;N;0;0.0
obs1727;65;GO;CENTRO-OESTE;30;58.46;2021;0 Km;37;61176.75;1.28;10660.0;1886.0;22;N;N;EF;707;3.0;A2;BOM;A2;S;0;0.0
obs6605;55;PA;NORTE;30;33.08;2021;0 Km;49;59009.95;0.93;3690.0;1435.0;0;N;N;EF;689;3.0;A2;BOM;B3;S;0;0.0
obs4004;37;MG;SULDESTE;30;72.95;2021;0 Km;18;25358.34;0.0;16400.0;3280.0;8;N;N;EF;746;3.0;A4;BOM;A1;S;0;0.0
obs9620;50;SP;SULDESTE;30;0.0;2022;0 Km;60;43390.35;1.58;4100.0;861.0;27;S;N;EF;702;1.0;A2;BOM;C3;;-1;0.0
obs7300;54;PA;NORTE;30;61.18;2022;0 Km;24;37073.88;0.0;4920.0;2501.0;31;N;N;EF;673;3.0;A2;RUIM;A1;N;-1;0.0
obs4551;69;PE;NORDESTE;30;22.83;2022;0 Km;48;33924.88;0.83;6150.0;1968.0;14;N;N;EF;760;3.0;A2;BOM;B2;S;-1;0.0
obs4072;31;GO;CENTRO-OESTE;30;35.52;2014;>= 3 anos;48;18928.09;1.24;3280.0;1107.0;16;N;N;EF;694;;;;;N;7;0.0
obs1709;27;MG;SULDESTE;30;51.33;2019;2 anos;60;22327.18;1.47;2132.0;943.0;27;N;N;EF;640;;;;;S;2;1.0
obs9624;44;RS;SUL;30;52.57;2022;0 Km;48;42528.54;1.21;7790.0;6027.0;15;N;N;EF;693;3.0;A4;BOM;A2;S;-1;0.0
obs2889;47;ES;SULDESTE;30;47.7;2022;0 Km;48;32611.47;1.26;4920.0;1312.0;19;N;S;EF;655;3.0;A2;RUIM;A2;S;-1;0.0
obs7346;37;BA;NORDESTE;30;46.73;2019;2 anos;36;48315.64;1.49;5986.0;2009.0;30;N;N;EF;642;;;;;S;2;0.0
obs8807;41;SP;SULDESTE;30;10.48;2022;0 Km;48;72881.91;1.22;7380.0;4346.0;27;N;N;EF;746;1.0;A2;BOM;C2;;-1;0.0
obs1569;72;PR;SUL;30;60.0;2021;0 Km;12;19170.49;0.0;20500.0;1845.0;0;N;N;EF;737;3.0;A4;BOM;A1;N;0;0.0
obs6681;26;BA;NORDESTE;30;43.26;2022;0 Km;48;46440.67;1.03;6560.0;1394.0;19;N;N;EF;698;3.0;A2;RUIM;A2;N;-1;0.0
obs1718;35;RS;SUL;30;37.16;2019;2 anos;60;24911.96;1.17;4592.0;1845.0;12;N;N;EF;664;;;;;S;2;0.0
obs4001;53;SP;SULDESTE;30;83.33;2021;0 Km;18;14068.27;0.0;4264.0;6027.0;0;N;N;EF;732;3.0;A2;BOM;A1;S;0;0.0
obs7862;67;SC;SUL;30;41.51;2022;0 Km;60;44516.03;1.07;4100.0;656.0;25;N;N;EF;747;3.0;A2;BOM;A3;N;-1;0.0
obs2444;70;PE;NORDESTE;30;50.06;2021;0 Km;60;39180.44;1.19;9840.0;5043.0;9;N;N;EF;711;3.0;A2;RUIM;A3;S;0;0.0
obs3649;73;RS;SUL;30;63.02;2021;0 Km;24;33480.88;0.0;32800.0;1886.0;4;N;N;EF;692;3.0;A2;RUIM;A1;S;0;0.0
obs8730;41;PR;SUL;30;38.93;2022;0 Km;49;34806.59;1.23;3280.0;2624.0;33;N;N;EF;697;3.0;A2;RUIM;B3;N;-1;0.0
obs3630;70;SC;SUL;30;31.54;2016;>= 3 anos;60;23244.79;1.21;2296.0;1845.0;25;N;N;EF;684;;;;;N;5;0.0
obs9440;39;SP;SULDESTE;30;48.0;2021;0 Km;18;43956.41;1.43;9020.0;861.0;31;N;N;EF;733;2.0;A1;BOM;A1;S;0;0.0
obs3436;40;PR;SUL;30;50.01;2018;>= 3 anos;36;19523.98;1.54;3280.0;861.0;22;N;N;EF;636;;;;;S;3;0.0
obs4927;49;MT;CENTRO-OESTE;30;37.08;2022;0 Km;48;54448.83;1.26;5740.0;2542.0;0;N;N;EF;674;3.0;A2;RUIM;B2;S;-1;0.0
obs5903;36;PA;NORTE;30;37.61;2022;0 Km;48;35247.09;1.05;4920.0;1927.0;20;N;N;EF;693;3.0;A2;BOM;B2;S;-1;0.0
obs631;43;RS;SUL;30;34.36;2021;0 Km;60;27199.44;1.23;3280.0;2542.0;20;N;N;EF;678;3.0;A2;RUIM;B3;S;0;0.0
obs2196;74;SC;SUL;30;79.09;2021;0 Km;24;19926.45;0.5;4264.0;2993.0;20;N;N;EF;747;2.0;A4;BOM;A1;N;0;0.0
obs3479;38;RS;SUL;30;61.28;2021;0 Km;18;26987.96;0.0;5740.0;3731.0;26;N;N;EF;746;3.0;A2;BOM;A1;N;0;0.0
obs3136;43;SP;SULDESTE;30;32.35;2018;>= 3 anos;48;44428.01;1.4;12300.0;8405.0;10;N;N;EF;640;;;;;N;3;0.0
obs7415;83;MA;NORDESTE;30;49.65;2022;0 Km;60;29106.15;1.02;12300.0;15006.0;5;N;N;EF;747;2.0;A2;BOM;A3;S;-1;0.0
obs6229;38;SP;SULDESTE;30;15.93;2022;0 Km;60;53346.36;1.18;9840.0;1886.0;12;N;N;EF;693;3.0;A2;BOM;C3;S;-1;0.0
obs3596;42;SP;SULDESTE;30;28.1;2021;0 Km;49;49625.47;1.19;4510.0;1927.0;34;N;S;EF;693;3.0;A2;BOM;B3;N;0;0.0
obs6892;59;RJ;SULDESTE;30;28.0;2022;0 Km;49;61845.62;1.03;4100.0;2665.0;0;N;N;EF;700;1.0;A4;RUIM;B3;N;-1;0.0
obs5129;46;MA;NORDESTE;30;37.52;2021;0 Km;48;56182.7;1.05;6560.0;2788.0;23;N;N;EF;742;3.0;A2;BOM;B2;S;0;0.0
obs7584;62;DF;CENTRO-OESTE;30;64.08;2020;2 anos;36;31137.72;1.03;16400.0;11931.0;6;N;N;EF;675;;;;;S;1;0.0
obs8903;52;RS;SUL;30;22.41;2022;0 Km;60;43978.26;1.83;4018.0;1845.0;0;N;N;EF;704;3.0;A4;PESS;B3;N;-1;0.0
obs2882;70;BA;NORDESTE;30;44.85;2019;2 anos;36;31705.81;0.88;4100.0;2091.0;25;N;N;EF;701;;;;;S;2;0.0
obs5364;46;SP;SULDESTE;30;0.96;2022;0 Km;60;43100.01;1.39;5330.0;6068.0;19;N;N;EF;742;2.0;A2;BOM;C3;S;-1;0.0
obs7995;39;SC;SUL;30;15.73;2022;0 Km;60;62414.98;1.23;8200.0;6027.0;18;N;N;EF;746;2.0;A4;BOM;C3;S;-1;0.0
obs4847;61;SP;SULDESTE;30;41.08;2021;0 Km;60;36304.76;0.88;12300.0;3690.0;6;N;N;EF;760;3.0;A4;BOM;A3;S;0;0.0
obs5761;59;PI;NORDESTE;30;54.38;2022;0 Km;48;35685.27;0.83;4792.24;2542.0;19;N;N;EF;751;3.0;A2;BOM;A2;S;-1;0.0
obs9081;72;CE;NORDESTE;30;0.0;2022;0 Km;60;43331.81;1.35;8200.0;7995.0;12;N;N;EF;705;2.0;A2;BOM;C3;S;-1;0.0
obs8236;51;SP;SULDESTE;30;29.36;2022;0 Km;37;52718.05;0.93;8200.0;1927.0;22;N;N;EF;678;3.0;A1;PESS;B2;S;-1;0.0
obs5350;70;SP;SULDESTE;30;0.0;2021;0 Km;60;53948.94;1.25;2624.0;1312.0;49;N;N;EF;705;3.0;A4;BOM;C3;;0;0.0
obs7543;47;BA;NORDESTE;30;11.98;2022;0 Km;60;38551.38;1.28;6560.0;2583.0;14;N;N;EF;702;3.0;A1;BOM;C3;S;-1;1.0
obs1109;60;TO;NORTE;30;30.58;2021;0 Km;24;41494.18;0.97;49200.0;15785.0;4;N;N;EF;747;3.0;A4;BOM;B1;S;0;0.0
obs4462;31;RJ;SULDESTE;30;0.0;2022;0 Km;60;45397.68;0.99;3444.0;820.0;30;N;N;EF;746;1.0;A1;BOM;C3;;-1;0.0
obs1375;77;RS;SUL;30;45.25;2021;0 Km;36;25909.83;1.55;2870.0;1312.0;33;N;N;EF;626;3.0;A2;BOM;A1;N;0;0.0
obs2805;60;SP;SULDESTE;30;20.28;2021;0 Km;48;30145.37;1.41;6560.0;1353.0;0;N;N;EF;709;3.0;A4;RUIM;B2;S;0;0.0
obs6437;37;CE;NORDESTE;30;43.91;2022;0 Km;49;50283.06;0.93;3280.0;1271.0;44;N;N;EF;737;1.0;A1;BOM;A3;;-1;0.0
obs7336;32;SC;SUL;30;71.37;2020;2 anos;48;18430.79;0.96;2870.0;1845.0;17;N;N;EF;677;;;;;S;1;0.0
obs5361;54;SP;SULDESTE;30;30.23;2022;0 Km;49;62333.72;0.83;5740.0;5904.0;0;N;N;EF;755;3.0;A4;RUIM;B3;N;-1;0.0
obs9262;53;MG;SULDESTE;30;39.28;2021;0 Km;49;36213.08;1.11;3690.0;2624.0;28;N;N;EF;668;3.0;A4;RUIM;B3;S;0;0.0
obs4240;68;BA;NORDESTE;30;63.69;2022;0 Km;48;24414.09;1.1;2870.0;492.0;0;N;N;EF;713;3.0;A4;RUIM;A2;S;-1;0.0
obs3197;68;SP;SULDESTE;30;45.86;2018;>= 3 anos;48;16224.61;0.81;2050.0;1353.0;20;N;N;EF;679;;;;;S;3;0.0
obs4652;77;BA;NORDESTE;30;23.83;2021;0 Km;60;53564.69;1.13;14350.0;3198.0;8;N;N;EF;707;3.0;A2;BOM;B3;S;0;0.0
obs1310;49;SP;SULDESTE;30;53.19;2015;>= 3 anos;36;19295.61;1.08;4083.6;1394.0;16;N;N;EF;685;;;;;N;6;0.0
obs7629;36;PE;NORDESTE;30;32.14;2022;0 Km;60;44743.27;1.01;5330.0;1845.0;19;N;N;EF;737;1.0;A2;BOM;B3;;-1;0.0
obs195;64;SC;SUL;30;10.55;2019;2 anos;60;30784.91;1.69;3444.0;1845.0;23;N;N;EF;660;;;;;S;2;1.0
obs5933;39;SC;SUL;30;45.35;2022;0 Km;48;25095.69;1.0;2214.0;1312.0;31;N;N;EF;693;3.0;A1;BOM;A2;N;-1;0.0
obs6621;43;GO;CENTRO-OESTE;30;40.86;2014;>= 3 anos;48;46512.14;2.17;4920.0;1517.0;33;N;N;EF;640;;;;;S;7;0.0
obs6604;44;AM;NORTE;30;51.41;2021;0 Km;49;43801.03;1.42;8200.0;2624.0;16;N;N;EF;667;2.0;A4;BOM;A3;S;0;0.0
obs650;36;SP;SULDESTE;30;67.9;2021;0 Km;18;24249.21;0.0;8200.0;4346.0;17;N;N;EF;746;3.0;A2;BOM;A1;N;0;0.0
obs5609;45;PA;NORTE;30;35.31;2022;0 Km;60;28606.22;1.44;6150.0;861.0;0;N;N;EF;672;1.0;A1;RUIM;B3;S;-1;0.0
obs203;46;PR;SUL;30;69.58;2021;0 Km;24;30667.67;0.4;16400.0;2624.0;8;N;N;EF;746;3.0;A4;BOM;A1;N;0;0.0
obs1528;48;PI;NORDESTE;30;28.0;2021;0 Km;37;61580.44;1.04;13093.76;3362.0;17;N;N;EF;700;2.0;A2;PESS;B2;S;0;0.0
obs9253;45;GO;CENTRO-OESTE;30;46.73;2022;0 Km;48;24496.89;1.2;24600.0;15744.0;0;N;N;EF;676;3.0;A1;PESS;A2;N;-1;0.0
obs768;37;PA;NORTE;30;45.01;2021;0 Km;37;28738.77;1.14;2460.0;4264.0;0;N;N;EF;682;3.0;A2;RUIM;A2;S;0;0.0
obs163;78;MG;SULDESTE;30;26.27;2021;0 Km;60;30930.99;1.51;3280.0;1394.0;24;N;N;EF;683;1.0;A4;RUIM;B3;N;0;0.0
obs9803;28;PR;SUL;30;59.09;2022;0 Km;48;23936.08;0.95;1640.0;697.0;39;N;N;EF;733;3.0;A1;BOM;A2;N;-1;0.0
obs1878;49;SC;SUL;30;46.08;2021;0 Km;37;24141.19;1.07;3444.0;2624.0;26;N;N;EF;691;3.0;A2;BOM;A2;N;0;0.0
obs9389;73;GO;CENTRO-OESTE;30;58.06;2022;0 Km;48;24829.97;1.04;16400.0;4469.0;4;N;N;EF;747;3.0;A4;BOM;A2;S;-1;0.0
obs5330;28;MG;SULDESTE;30;71.43;2021;0 Km;18;22079.84;0.0;4100.0;1025.0;31;N;N;EF;746;1.0;A2;BOM;A1;;0;0.0
obs3085;48;MT;CENTRO-OESTE;30;33.89;2021;0 Km;60;40234.25;1.1;4920.0;1886.0;18;N;N;EF;715;3.0;A1;BOM;B3;S;0;0.0
obs932;56;BA;NORDESTE;30;21.15;2021;0 Km;60;33041.28;1.39;3280.0;1025.0;25;N;N;EF;679;2.0;A2;RUIM;B3;;0;0.0
obs15;60;MT;CENTRO-OESTE;30;40.1;2021;0 Km;48;38041.72;0.83;8200.0;1804.0;12;N;N;EF;673;1.0;A2;RUIM;A2;S;0;0.0
obs2294;45;BA;NORDESTE;30;0.0;2017;>= 3 anos;48;34195.81;1.51;6970.0;2050.0;15;N;N;EF;698;;;;;S;4;0.0
obs3112;31;PA;NORTE;30;31.72;2022;0 Km;37;29775.69;1.13;2870.0;2542.0;39;N;N;EF;669;3.0;A2;BOM;B2;S;-1;0.0
obs5877;36;AP;NORTE;30;13.69;2021;0 Km;60;76774.17;1.2;8610.0;5904.0;21;N;N;EF;746;2.0;A2;BOM;C3;S;0;0.0
obs5615;35;RN;NORDESTE;30;23.09;2022;0 Km;49;33182.57;1.16;3690.0;1353.0;27;N;N;EF;669;3.0;A2;BOM;B3;S;-1;0.0
obs977;29;GO;CENTRO-OESTE;30;49.1;2021;0 Km;24;43849.67;0.92;6560.0;779.0;32;S;N;EF;693;3.0;A2;BOM;A1;N;0;0.0
obs5882;51;SC;SUL;30;28.99;2015;>= 3 anos;48;21418.79;1.42;3444.0;2583.0;18;N;N;EF;668;;;;;S;6;0.0
obs7746;70;PE;NORDESTE;30;57.83;2022;0 Km;37;25640.04;1.14;4018.0;1640.0;24;N;N;EF;751;3.0;A2;BOM;A2;S;-1;0.0
obs6745;79;SP;SULDESTE;30;4.52;2021;0 Km;60;44610.61;1.44;3116.0;1312.0;35;N;N;EF;707;3.0;A4;RUIM;C3;S;0;0.0
obs7559;63;PR;SUL;30;41.1;2022;0 Km;49;29274.93;1.05;5658.0;1968.0;14;N;N;EF;681;3.0;A4;RUIM;A3;S;-1;0.0
obs6988;58;BA;NORDESTE;30;40.18;2022;0 Km;37;44123.85;1.08;6970.0;6683.0;23;N;N;EF;751;3.0;A2;BOM;A2;N;-1;0.0
obs7303;59;ES;SULDESTE;30;75.09;2022;0 Km;36;15559.13;1.06;6560.0;1189.0;0;N;N;EF;764;1.0;A4;BOM;A1;;-1;0.0
obs1734;56;AP;NORTE;30;31.23;2021;0 Km;60;60555.97;1.02;14999.26;10414.0;9;N;N;EF;747;3.0;A1;BOM;B3;S;0;0.0
obs7926;65;AC;NORTE;30;38.67;2021;0 Km;49;59990.72;1.08;6765.0;6109.0;25;N;N;EF;760;3.0;A2;BOM;B3;S;0;0.0
obs1625;61;AL;NORDESTE;30;65.81;2021;0 Km;36;33863.17;0.57;9840.0;2542.0;10;N;N;EF;720;3.0;A2;BOM;A1;S;0;0.0
obs7032;44;SC;SUL;30;42.61;2022;0 Km;49;28565.09;1.16;6560.0;1886.0;12;N;N;EF;697;3.0;A4;RUIM;A3;S;-1;0.0
obs2853;63;RJ;SULDESTE;30;31.59;2021;0 Km;37;57166.25;0.81;8200.0;4305.0;0;N;N;EF;696;3.0;A4;RUIM;B2;;0;0.0
obs6987;28;MA;NORDESTE;30;6.92;2022;0 Km;60;43047.95;1.28;6014.29;820.0;17;N;N;EF;693;2.0;A2;BOM;C3;N;-1;0.0
obs7570;38;RO;NORTE;30;0.0;2018;>= 3 anos;24;26343.44;1.34;4100.0;3936.0;31;N;N;EF;679;;;;;S;3;0.0
obs147;63;SC;SUL;30;44.62;2021;0 Km;60;34756.56;1.02;3116.0;1189.0;25;N;N;EF;747;3.0;A2;BOM;A3;S;0;0.0
obs8137;59;SP;SULDESTE;30;50.29;2022;0 Km;49;37711.65;1.01;9840.0;8405.0;10;N;N;EF;751;3.0;A2;BOM;A3;S;-1;0.0
obs5339;38;SP;SULDESTE;30;0.0;2015;>= 3 anos;48;33397.31;1.82;3280.0;1886.0;33;N;N;EF;671;;;;;N;6;0.0
obs6584;58;SC;SUL;30;45.82;2021;0 Km;36;49242.88;0.95;6478.0;1886.0;26;N;N;EF;760;3.0;A4;BOM;A1;S;0;0.0
obs1721;31;MA;NORDESTE;30;49.69;2021;0 Km;37;45625.93;0.98;8200.0;492.0;20;N;N;EF;658;2.0;A2;RUIM;A2;S;0;0.0
obs370;41;MS;CENTRO-OESTE;30;0.0;2013;>= 3 anos;36;31008.22;2.26;4101.11;1886.0;30;N;N;EF;647;;;;;N;8;1.0
obs7539;39;SE;NORDESTE;30;0.0;2022;0 Km;60;78556.75;1.34;8200.0;861.0;23;N;N;EF;737;2.0;A1;BOM;C3;S;-1;0.0
obs440;41;PA;NORTE;30;32.0;2021;0 Km;48;53791.74;1.1;4100.0;1189.0;0;N;N;EF;750;1.0;A2;BOM;B2;;0;0.0
obs6941;65;SP;SULDESTE;30;40.68;2021;0 Km;49;56464.67;1.19;9840.0;3198.0;0;N;N;EF;707;1.0;A4;BOM;A3;;0;0.0
obs9149;25;BA;NORDESTE;30;46.18;2022;0 Km;48;23437.91;1.37;4920.0;1845.0;14;N;N;EF;657;3.0;A1;BOM;A2;S;-1;0.0
obs2972;59;SP;SULDESTE;30;19.92;2022;0 Km;48;26819.3;1.16;4920.0;2665.0;0;N;N;EF;777;3.0;A4;BOM;C2;S;-1;0.0
obs119;40;GO;CENTRO-OESTE;30;28.36;2021;0 Km;60;62172.75;1.42;4920.0;11972.0;0;S;N;EF;693;1.0;A1;BOM;B3;S;0;0.0
obs1099;54;DF;CENTRO-OESTE;30;16.89;2021;0 Km;60;35026.83;1.62;4920.0;1435.0;18;N;N;EF;687;1.0;A2;BOM;C3;;0;1.0
obs3489;34;SP;SULDESTE;30;38.47;2022;0 Km;36;27994.01;0.72;4510.0;1271.0;20;N;N;EF;746;1.0;A2;BOM;B1;;-1;0.0
obs2314;33;PE;NORDESTE;30;62.49;2022;0 Km;36;15458.21;0.87;2008.18;1804.0;25;N;N;EF;658;3.0;A1;RUIM;A1;N;-1;0.0
obs5886;55;RJ;SULDESTE;30;37.88;2022;0 Km;48;34693.71;1.21;5740.0;4469.0;16;N;N;EF;711;3.0;A4;PESS;B2;S;-1;0.0
obs1103;53;MT;CENTRO-OESTE;30;30.49;2021;0 Km;49;31858.47;1.27;4100.0;5904.0;0;N;N;EF;667;2.0;A4;PESS;B3;S;0;0.0
obs466;56;CE;NORDESTE;30;33.84;2021;0 Km;37;29121.38;1.13;3608.0;1845.0;30;N;N;EF;696;3.0;A2;PESS;B2;S;0;0.0
obs5346;68;GO;CENTRO-OESTE;30;32.55;2022;0 Km;60;43836.56;1.1;6560.0;2542.0;0;N;N;EF;696;3.0;A4;RUIM;B3;N;-1;0.0
obs757;61;SC;SUL;30;29.75;2021;0 Km;49;33192.74;1.16;2132.0;820.0;48;N;N;EF;683;2.0;A1;BOM;B3;N;0;0.0
obs1731;35;RN;NORDESTE;30;80.36;2017;>= 3 anos;24;9705.19;0.58;3280.0;2542.0;13;S;N;EF;672;;;;;S;4;0.0
obs766;41;PE;NORDESTE;30;29.93;2017;>= 3 anos;48;25402.01;1.52;4100.0;1640.0;18;S;N;EF;653;;;;;S;4;0.0
obs6349;41;SP;SULDESTE;30;32.51;2022;0 Km;48;40424.35;1.01;5740.0;4223.0;0;N;N;EF;746;3.0;A2;BOM;B2;S;-1;0.0
obs2522;82;PI;NORDESTE;30;40.46;2022;0 Km;49;25886.87;1.16;2870.0;1189.0;26;N;N;EF;683;1.0;A2;BOM;A3;;-1;0.0
obs3350;42;RJ;SULDESTE;30;61.32;2022;0 Km;36;17593.51;0.92;3280.0;820.0;18;N;S;EF;658;3.0;A2;PESS;A1;S;-1;0.0
obs7308;46;PE;NORDESTE;30;28.41;2022;0 Km;37;31468.08;1.0;3690.0;1353.0;0;N;N;EF;685;3.0;A2;RUIM;B2;S;-1;0.0
obs8659;62;SP;SULDESTE;30;61.44;2022;0 Km;36;17852.91;1.2;3280.0;3321.0;19;N;N;EF;747;3.0;A4;BOM;A1;S;-1;0.0
obs6;54;PE;NORDESTE;30;51.88;2021;0 Km;36;38629.72;0.72;7380.0;1763.0;17;N;N;EF;715;3.0;A2;BOM;A1;N;0;0.0
obs6294;21;SP;SULDESTE;30;60.1;2022;0 Km;12;24094.13;0.0;0.82;0.0;98;N;N;EF;617;3.0;A0;BOM;A1;N;-1;0.0
obs5028;32;SC;SUL;30;38.0;2016;>= 3 anos;48;22746.79;1.23;3116.0;1312.0;21;N;N;EF;664;;;;;S;5;0.0
obs7460;49;CE;NORDESTE;30;28.01;2022;0 Km;60;46837.07;1.06;4100.0;1312.0;25;N;N;EF;667;3.0;A4;RUIM;B3;N;-1;0.0
obs8047;59;SP;SULDESTE;30;0.0;2019;2 anos;60;35546.18;1.41;3034.0;1312.0;30;N;N;EF;707;;;;;S;2;0.0
obs414;49;PE;NORDESTE;30;3.9;2021;0 Km;60;39603.31;1.3;3936.0;861.0;24;N;N;EF;715;3.0;A2;BOM;C3;S;0;0.0
obs2495;57;SC;SUL;30;40.0;2022;0 Km;48;25733.96;1.16;2870.0;2747.0;25;N;N;EF;679;2.0;A2;RUIM;B2;N;-1;0.0
obs1245;27;SC;SUL;30;72.36;2019;2 anos;36;13775.33;1.14;2050.0;1107.0;24;N;N;EF;664;;;;;N;2;0.0
obs2970;60;BA;NORDESTE;30;52.73;2021;0 Km;48;32756.92;0.9;3690.0;1886.0;24;S;N;EF;664;3.0;A2;RUIM;A2;N;0;0.0
obs2016;71;PE;NORDESTE;30;76.53;2021;0 Km;24;23126.1;0.0;8200.0;11808.0;11;N;N;EF;760;3.0;A2;BOM;A1;N;0;0.0
obs9000;46;MG;SULDESTE;30;63.59;2022;0 Km;24;33431.75;0.0;6560.0;1968.0;22;N;N;EF;715;1.0;A4;BOM;A1;;-1;0.0
obs983;41;SC;SUL;30;32.0;2014;>= 3 anos;48;12380.93;1.19;1886.0;2583.0;18;N;S;EF;700;;;;;S;7;0.0
obs4569;64;MG;SULDESTE;30;31.1;2022;0 Km;60;36937.67;1.28;3444.0;1845.0;0;N;N;EF;696;3.0;A2;BOM;B3;S;-1;0.0
obs7599;55;MT;CENTRO-OESTE;30;20.57;2021;0 Km;60;55423.25;1.5;6560.0;1230.0;21;N;N;EF;683;3.0;A1;RUIM;B3;N;0;0.0
obs1603;79;SP;SULDESTE;30;30.95;2021;0 Km;48;26709.17;1.14;3198.0;1804.0;22;N;N;EF;747;3.0;A4;BOM;B2;S;0;0.0
obs5274;70;PE;NORDESTE;30;15.12;2022;0 Km;60;38689.08;1.55;3936.0;1435.0;26;N;N;EF;692;1.0;A1;RUIM;C3;S;-1;0.0
obs9442;40;PE;NORDESTE;30;30.74;2022;0 Km;49;53277.99;1.02;5740.0;5986.0;27;N;N;EF;737;2.0;A2;BOM;B3;S;-1;0.0
obs8988;75;PA;NORTE;30;27.57;2022;0 Km;37;51559.04;1.32;4346.0;8405.0;0;N;N;EF;683;3.0;A1;BOM;B2;S;-1;0.0
obs6391;75;PR;SUL;30;43.88;2022;0 Km;36;43422.28;0.88;16400.0;8446.0;8;N;N;EF;707;3.0;A1;BOM;A1;S;-1;0.0
obs5735;32;PA;NORTE;30;44.05;2022;0 Km;49;46421.34;0.93;5740.0;1435.0;23;N;N;EF;697;3.0;A1;BOM;A3;N;-1;0.0
obs7632;45;SP;SULDESTE;30;63.33;2022;0 Km;36;17643.91;0.62;2050.0;1640.0;27;N;N;EF;755;3.0;A2;BOM;A1;N;-1;0.0
obs6716;40;SC;SUL;30;50.13;2016;>= 3 anos;48;17600.79;0.88;4838.0;4305.0;9;N;N;EF;700;;;;;N;5;0.0
obs3026;29;SP;SULDESTE;30;35.74;2018;>= 3 anos;18;44020.48;1.31;20500.0;1927.0;14;N;N;EF;664;;;;;S;3;0.0
obs3276;68;GO;CENTRO-OESTE;30;67.98;2021;0 Km;24;21441.66;0.55;3690.0;861.0;26;N;N;EF;679;3.0;A1;PESS;A1;S;0;0.0
obs2934;67;SC;SUL;30;45.22;2021;0 Km;36;53126.45;0.99;20500.0;16031.0;0;N;N;EF;764;1.0;A4;RUIM;A1;;0;0.0
obs1670;69;SP;SULDESTE;30;64.77;2021;0 Km;48;18531.3;0.88;4920.0;2132.0;9;N;N;EF;711;3.0;A4;BOM;A2;N;0;0.0
obs6046;53;SC;SUL;30;83.13;2022;0 Km;12;10774.3;0.0;4920.0;4223.0;0;N;N;EF;651;3.0;A4;BOM;A1;S;-1;0.0
obs5308;50;BA;NORDESTE;30;61.92;2021;0 Km;18;31383.77;0.0;7298.0;1681.0;24;N;N;EF;700;1.0;A1;RUIM;A1;;0;0.0
obs254;50;AP;NORTE;30;0.0;2021;0 Km;60;43986.68;1.44;4018.0;1845.0;28;N;N;EF;742;1.0;A2;BOM;C3;;0;0.0
obs2659;68;SC;SUL;30;64.4;2021;0 Km;36;26051.85;1.25;2870.0;1312.0;0;N;N;EF;764;3.0;A4;BOM;A1;S;0;0.0
obs5446;37;RN;NORDESTE;30;28.0;2022;0 Km;49;40790.97;1.16;5740.0;3239.0;21;N;N;EF;682;2.0;A2;RUIM;B3;S;-1;0.0
obs997;51;MA;NORDESTE;30;24.56;2021;0 Km;48;38999.33;1.26;4920.0;1230.0;23;N;N;EF;702;3.0;A2;BOM;B2;S;0;0.0
obs3705;53;GO;CENTRO-OESTE;30;28.67;2022;0 Km;60;31817.99;0.78;4510.0;2665.0;0;N;N;EF;772;3.0;A4;BOM;B3;S;-1;0.0
obs153;51;SP;SULDESTE;30;37.67;2021;0 Km;37;26222.95;1.14;3444.0;6027.0;27;N;N;EF;746;3.0;A2;BOM;B2;S;0;0.0
obs6638;58;MG;SULDESTE;30;62.82;2022;0 Km;36;26493.78;0.67;8200.0;1599.0;10;N;N;EF;747;3.0;A4;BOM;A1;N;-1;0.0
obs376;43;SP;SULDESTE;30;57.01;2016;>= 3 anos;18;18437.55;0.86;4100.0;3321.0;0;N;N;EF;697;;;;;S;5;0.0
obs3847;30;PB;NORDESTE;30;82.39;2021;0 Km;18;17046.32;0.0;32800.0;1927.0;3;N;N;EF;746;3.0;A2;BOM;A1;S;0;0.0
obs9366;33;CE;NORDESTE;30;13.77;2022;0 Km;60;37761.68;1.28;4920.0;820.0;19;N;N;EF;693;1.0;A2;BOM;C3;;-1;0.0
obs8046;65;MT;CENTRO-OESTE;30;28.53;2022;0 Km;49;55195.83;1.01;4100.0;1845.0;0;N;N;EF;713;3.0;A4;RUIM;B3;S;-1;0.0
obs925;67;RS;SUL;30;48.46;2021;0 Km;48;26771.55;1.28;15580.0;15908.0;5;N;N;EF;747;3.0;A4;BOM;A2;S;0;0.0
obs6891;77;MT;CENTRO-OESTE;30;91.43;2022;0 Km;12;7301.01;0.0;4100.0;1763.0;14;N;N;EF;720;3.0;A4;RUIM;A1;S;-1;0.0
obs7603;44;MS;CENTRO-OESTE;30;0.0;2022;0 Km;60;44611.69;1.44;3690.0;1353.0;31;S;N;EF;693;2.0;A2;BOM;C3;S;-1;0.0
obs2222;61;MT;CENTRO-OESTE;30;41.52;2021;0 Km;60;37163.25;1.44;16400.0;11808.0;5;N;N;EF;672;3.0;A4;RUIM;A3;S;0;0.0
obs1641;56;PR;SUL;30;35.3;2021;0 Km;48;31295.17;0.99;4100.0;4264.0;21;N;N;EF;711;3.0;A4;BOM;B2;S;0;0.0
obs2193;35;SP;SULDESTE;30;73.16;2021;0 Km;24;24086.37;0.0;14760.0;8323.0;7;N;N;EF;746;3.0;A2;BOM;A1;S;0;0.0
obs1986;46;AL;NORDESTE;30;0.0;2022;0 Km;60;42160.68;1.5;4100.0;492.0;27;N;N;EF;742;1.0;A1;BOM;C3;;-1;0.0
obs7636;42;DF;CENTRO-OESTE;30;24.39;2022;0 Km;49;36129.07;1.1;16400.0;6027.0;6;N;N;EF;697;1.0;A2;RUIM;B3;;-1;0.0
obs3380;51;MG;SULDESTE;30;21.88;2013;>= 3 anos;48;21830.01;1.5;16400.0;2706.0;4;N;N;EF;698;;;;;S;8;0.0
obs7798;25;PR;SUL;30;28.0;2022;0 Km;49;70654.31;0.88;0.82;1927.0;43;N;N;EF;608;3.0;A0;BOM;B3;S;-1;0.0
obs5947;32;MS;CENTRO-OESTE;30;43.98;2017;>= 3 anos;36;18051.69;1.58;2706.0;820.0;25;N;N;EF;658;;;;;N;4;0.0
obs2124;55;PR;SUL;30;52.63;2015;>= 3 anos;48;13971.28;1.05;8200.0;6109.0;4;N;N;EF;654;;;;;S;6;0.0
obs5098;48;MT;CENTRO-OESTE;30;21.67;2022;0 Km;48;42921.91;0.99;2870.0;1476.0;39;N;N;EF;700;3.0;A1;BOM;B2;N;-1;0.0
obs2465;47;SP;SULDESTE;30;51.58;2017;>= 3 anos;48;22408.11;1.17;4264.0;3280.0;14;N;N;EF;668;;;;;S;4;0.0
obs8991;69;RS;SUL;30;65.93;2022;0 Km;37;28323.92;0.93;4100.0;1517.0;24;N;N;EF;751;3.0;A4;BOM;A2;S;-1;0.0
obs5031;44;SP;SULDESTE;30;2.08;2021;0 Km;60;39789.97;1.43;5576.0;4387.0;17;N;S;EF;706;2.0;A4;BOM;C3;S;0;0.0
obs657;64;MG;SULDESTE;30;71.41;2021;0 Km;36;15444.97;0.62;16400.0;2050.0;3;N;N;EF;760;3.0;A4;BOM;A1;S;0;0.0
obs4503;46;SP;SULDESTE;30;52.78;2021;0 Km;60;19355.37;1.29;2870.0;1845.0;16;S;N;EF;663;3.0;A2;PESS;A3;S;0;0.0
obs9876;33;CE;NORDESTE;30;15.29;2022;0 Km;60;37106.81;1.33;4100.0;1189.0;22;N;S;EF;693;2.0;A2;RUIM;C3;S;-1;0.0
obs4687;42;SP;SULDESTE;30;0.0;2014;>= 3 anos;48;30077.31;1.62;4100.0;3239.0;23;N;N;EF;657;;;;;S;7;0.0
obs3616;61;RJ;SULDESTE;30;70.6;2021;0 Km;48;26580.75;0.72;6806.0;8405.0;9;N;N;EF;751;3.0;A4;BOM;A2;N;0;0.0
obs3620;40;DF;CENTRO-OESTE;30;53.9;2021;0 Km;25;42812.23;1.16;6970.0;2583.0;33;N;N;EF;665;3.0;A2;PESS;A1;S;0;0.0
obs4389;50;CE;NORDESTE;30;57.1;2018;>= 3 anos;24;15779.13;1.04;5740.0;1394.0;13;N;N;EF;685;;;;;S;3;0.0
obs5373;35;PB;NORDESTE;30;22.73;2018;>= 3 anos;36;29246.6;1.2;3526.0;2542.0;28;N;N;EF;708;;;;;S;3;0.0
obs4390;64;PA;NORTE;30;28.93;2021;0 Km;49;57325.05;1.35;4920.0;1394.0;36;N;N;EF;711;2.0;A2;BOM;B3;S;0;0.0
obs1710;45;RJ;SULDESTE;30;10.27;2021;0 Km;48;36925.04;1.35;6560.0;4223.0;16;N;N;EF;702;3.0;A4;BOM;C2;S;0;0.0
obs4818;43;MT;CENTRO-OESTE;30;51.63;2022;0 Km;36;43658.83;0.64;7760.01;6068.0;0;N;N;EF;737;2.0;A4;BOM;A1;N;-1;0.0
obs4295;30;RJ;SULDESTE;30;31.04;2022;0 Km;37;31352.42;1.0;4920.0;1845.0;23;N;N;EF;746;3.0;A4;BOM;B2;S;-1;0.0
obs9889;63;SP;SULDESTE;30;27.06;2022;0 Km;60;56732.86;1.42;1640.0;1230.0;89;N;N;EF;711;1.0;A4;BOM;B3;;-1;0.0
obs3518;51;MS;CENTRO-OESTE;30;48.76;2022;0 Km;24;23299.19;0.82;12300.0;2173.0;8;N;N;EF;702;3.0;A2;BOM;A1;S;-1;0.0
obs2133;55;RJ;SULDESTE;30;71.17;2022;0 Km;24;25883.55;0.0;6560.0;4305.0;17;N;N;EF;720;3.0;A4;BOM;A1;S;-1;0.0
obs3773;42;RJ;SULDESTE;30;30.46;2021;0 Km;48;57518.17;0.93;19680.0;14473.0;7;N;N;EF;746;2.0;A4;BOM;B2;N;0;0.0
obs10;67;RJ;SULDESTE;30;63.65;2021;0 Km;24;32805.75;0.0;8200.0;2788.0;17;N;N;EF;705;3.0;A4;BOM;A1;S;0;0.0
obs2570;32;PA;NORTE;30;15.71;2022;0 Km;48;38233.39;1.16;4510.0;820.0;24;N;N;EF;737;1.0;A2;RUIM;C2;;-1;0.0
obs3618;50;PA;NORTE;30;69.59;2021;0 Km;36;44483.29;1.09;8200.0;2419.0;18;N;N;EF;674;3.0;A2;PESS;A1;N;0;0.0
obs2697;58;SC;SUL;30;68.11;2021;0 Km;18;22699.48;1.18;5904.0;2009.0;24;N;N;EF;747;3.0;A4;BOM;A1;S;0;0.0
obs8481;36;RS;SUL;30;18.47;2022;0 Km;60;46679.08;1.19;3444.0;1517.0;33;N;S;EF;693;3.0;A2;BOM;C3;S;-1;0.0
obs8419;49;MT;CENTRO-OESTE;30;69.87;2022;0 Km;24;24875.93;0.0;5740.0;1845.0;19;S;N;EF;755;3.0;A2;BOM;A1;N;-1;0.0
obs4093;60;SP;SULDESTE;30;50.76;2022;0 Km;36;25879.71;0.88;8200.0;3280.0;10;N;N;EF;707;3.0;A4;BOM;A1;S;-1;0.0
obs4852;40;SC;SUL;30;10.12;2022;0 Km;48;41849.24;1.14;4510.0;1312.0;26;N;N;EF;706;3.0;A1;BOM;C2;N;-1;0.0
obs3807;53;MS;CENTRO-OESTE;30;12.44;2022;0 Km;60;37824.19;1.23;8200.0;1927.0;11;N;N;EF;742;2.0;A2;BOM;C3;S;-1;0.0
obs7769;36;RS;SUL;30;48.71;2022;0 Km;48;41014.72;0.88;4592.0;2501.0;24;N;N;EF;737;2.0;A4;BOM;A2;S;-1;0.0
obs7453;35;DF;CENTRO-OESTE;30;0.0;2019;2 anos;60;55758.57;1.87;5330.0;4223.0;30;S;N;EF;647;;;;;N;2;0.0
obs686;67;SP;SULDESTE;30;28.44;2017;>= 3 anos;60;30273.35;1.62;4920.0;1107.0;16;N;N;EF;690;;;;;N;4;1.0
obs7760;72;PE;NORDESTE;30;47.04;2022;0 Km;49;23707.58;1.1;2870.0;1025.0;25;N;N;EF;711;1.0;A1;BOM;A3;;-1;0.0
obs4641;51;MT;CENTRO-OESTE;30;24.49;2022;0 Km;60;41882.75;1.55;4428.0;1353.0;24;N;N;EF;687;3.0;A1;BOM;B3;N;-1;0.0
obs585;73;GO;CENTRO-OESTE;30;63.0;2021;0 Km;24;28844.93;0.0;6560.0;2993.0;18;S;N;EF;720;3.0;A4;BOM;A1;S;0;0.0
obs3799;41;RS;SUL;30;31.58;2019;2 anos;60;21962.97;1.45;6970.0;1886.0;7;N;N;EF;661;;;;;S;2;0.0
obs1890;70;PR;SUL;30;28.06;2021;0 Km;49;43776.58;1.16;4920.0;1886.0;27;N;N;EF;751;2.0;A4;BOM;B3;S;0;0.0
obs9567;34;SP;SULDESTE;30;33.98;2022;0 Km;60;50090.11;1.21;7380.0;8323.0;16;N;N;EF;697;3.0;A2;RUIM;B3;S;-1;0.0
obs1332;71;PR;SUL;30;45.11;2021;0 Km;36;25924.94;1.18;2050.0;1148.0;43;N;N;EF;692;2.0;A1;RUIM;A1;N;0;0.0
obs7273;55;PE;NORDESTE;30;64.16;2021;0 Km;18;31348.56;0.09;5330.0;8446.0;0;N;N;EF;777;3.0;A2;BOM;A1;N;0;0.0
obs713;57;SE;NORDESTE;30;18.36;2021;0 Km;60;52608.89;1.09;3690.0;5986.0;34;N;N;EF;707;3.0;A2;BOM;C3;S;0;0.0
obs2843;40;GO;CENTRO-OESTE;30;38.65;2022;0 Km;48;27958.49;1.25;4100.0;1025.0;0;N;N;EF;659;1.0;A1;RUIM;B2;;-1;0.0
obs238;63;SP;SULDESTE;30;20.21;2021;0 Km;60;31827.11;1.55;4920.0;1845.0;16;N;N;EF;692;3.0;A4;BOM;B3;S;0;0.0
obs8603;48;SP;SULDESTE;30;62.63;2017;>= 3 anos;48;15909.05;1.12;2065.05;1804.0;21;N;S;EF;651;;;;;S;4;0.0
obs9527;57;RJ;SULDESTE;30;64.07;2012;>= 3 anos;36;11617.51;1.03;4100.0;1886.0;9;N;N;EF;711;;;;;S;9;0.0
obs7224;54;SP;SULDESTE;30;50.57;2022;0 Km;49;27557.97;1.16;8200.0;2788.0;10;N;N;EF;711;3.0;A2;BOM;A3;S;-1;0.0
obs7357;28;RO;NORTE;30;50.18;2021;0 Km;60;36121.77;1.0;3280.0;1845.0;25;N;N;EF;693;3.0;A2;BOM;A3;N;0;0.0
obs3308;54;PR;SUL;30;58.5;2021;2 anos;36;18494.78;0.87;3690.0;5945.0;17;N;N;EF;711;;;;;S;0;0.0
obs5746;30;AP;NORTE;30;40.26;2022;0 Km;60;27961.04;1.51;3444.0;861.0;21;S;N;EF;665;1.0;A2;RUIM;A3;;-1;0.0
obs9126;66;SP;SULDESTE;30;35.09;2021;0 Km;48;47781.88;0.95;6560.0;2542.0;0;N;N;EF;764;1.0;A4;BOM;B2;;0;0.0
obs6502;56;AM;NORTE;30;49.9;2021;0 Km;49;46980.76;1.19;4100.0;4346.0;34;N;N;EF;747;1.0;A2;BOM;A3;;0;0.0
obs1433;61;SP;SULDESTE;30;54.89;2021;0 Km;36;21252.29;1.01;8200.0;1312.0;0;N;N;EF;705;3.0;A4;RUIM;A1;N;0;0.0
obs6310;68;SP;SULDESTE;30;83.0;2022;0 Km;36;10718.09;0.0;6560.0;2132.0;4;N;N;EF;760;3.0;A4;BOM;A1;S;-1;0.0
obs3410;37;PI;NORDESTE;30;0.0;2021;0 Km;60;44485.76;1.08;4830.62;1476.0;21;N;N;EF;737;3.0;A2;BOM;C3;N;0;0.0
obs2088;45;MS;CENTRO-OESTE;30;28.02;2022;0 Km;49;32560.32;1.16;3895.0;4305.0;25;N;N;EF;706;3.0;A2;RUIM;B3;S;-1;0.0
obs9190;33;SC;SUL;30;37.52;2022;0 Km;49;27818.92;1.16;3362.0;1804.0;25;N;N;EF;697;2.0;A2;BOM;B3;S;-1;0.0
obs6547;54;AP;NORTE;30;30.06;2022;0 Km;48;29884.98;1.26;5313.6;1845.0;16;N;N;EF;683;3.0;A2;RUIM;B2;S;-1;0.0
obs9642;45;SP;SULDESTE;30;56.96;2022;0 Km;36;52731.58;0.75;8200.0;1927.0;0;S;N;EF;772;3.0;A4;BOM;A1;N;-1;0.0
obs4041;36;PI;NORDESTE;30;0.0;2022;0 Km;60;43837.53;1.12;4415.7;1066.0;23;N;N;EF;733;3.0;A2;BOM;C3;S;-1;0.0
obs6796;41;SC;SUL;30;21.24;2022;0 Km;48;48211.19;1.52;3189.8;1353.0;46;N;N;EF;682;1.0;A4;BOM;B2;;-1;1.0
obs3391;39;MA;NORDESTE;30;53.33;2021;0 Km;36;31409.19;0.88;6150.0;1804.0;17;N;N;EF;654;3.0;A1;RUIM;A1;S;0;0.0
obs3113;43;MA;NORDESTE;30;51.09;2013;>= 3 anos;48;14930.87;1.72;4100.0;820.0;11;N;N;EF;662;;;;;;8;0.0
obs640;60;PE;NORDESTE;30;45.17;2021;0 Km;49;46380.26;0.83;4018.0;4387.0;0;N;N;EF;777;3.0;A2;BOM;A3;S;0;0.0
obs7571;55;SP;SULDESTE;30;27.8;2022;0 Km;49;58258.3;1.3;9840.0;4346.0;17;N;N;EF;760;3.0;A4;BOM;B3;N;-1;0.0
obs3425;61;PE;NORDESTE;30;20.49;2022;0 Km;60;33808.99;1.33;2952.0;1148.0;29;N;N;EF;692;1.0;A1;BOM;B3;;-1;0.0
obs3941;42;SP;SULDESTE;30;5.72;2020;2 anos;60;55069.44;1.98;8692.0;1394.0;18;N;N;EF;636;;;;;S;1;0.0
obs4135;65;ES;SULDESTE;30;5.95;2022;0 Km;60;40646.42;1.07;2952.0;1353.0;32;N;N;EF;747;3.0;A4;BOM;C3;N;-1;0.0
obs1622;52;PR;SUL;30;40.01;2021;0 Km;60;48924.57;1.54;6560.0;1845.0;19;N;N;EF;674;3.0;A1;PESS;A3;S;0;0.0
obs293;38;SP;SULDESTE;30;10.21;2021;0 Km;60;37213.81;1.46;3280.0;861.0;0;N;N;EF;695;3.0;A1;BOM;C3;N;0;0.0
obs5731;50;SC;SUL;30;36.32;2021;0 Km;60;44485.32;1.28;3690.0;1845.0;30;N;N;EF;702;2.0;A2;BOM;B3;S;0;0.0
obs8961;64;RJ;SULDESTE;30;37.04;2022;0 Km;60;26450.44;1.18;5740.0;3075.0;10;N;N;EF;692;3.0;A2;RUIM;B3;S;-1;0.0
obs5766;63;ES;SULDESTE;30;28.02;2022;0 Km;49;51680.15;1.05;8200.0;2706.0;18;N;N;EF;720;2.0;A4;RUIM;B3;S;-1;0.0
obs3995;35;SP;SULDESTE;30;0.0;2021;0 Km;48;42021.01;1.2;4100.0;2911.0;29;N;N;EF;691;1.0;A2;BOM;C2;;0;0.0
obs3884;54;RS;SUL;30;0.0;2022;0 Km;60;59857.45;1.12;6437.0;4305.0;0;N;N;EF;759;3.0;A4;BOM;C3;S;-1;0.0
obs1513;72;PE;NORDESTE;30;36.34;2021;0 Km;60;29341.83;1.44;2870.0;3280.0;0;N;N;EF;696;3.0;A2;RUIM;B3;;0;0.0
obs805;28;MA;NORDESTE;30;10.01;2021;0 Km;60;90151.66;1.5;10660.0;984.0;22;N;N;EF;693;1.0;A2;BOM;C3;S;0;0.0
obs6877;36;BA;NORDESTE;30;52.58;2022;0 Km;37;38938.3;1.27;6560.0;1312.0;21;N;N;EF;658;2.0;A2;RUIM;A2;S;-1;0.0
obs6749;47;RJ;SULDESTE;30;64.18;2021;0 Km;18;24152.17;0.0;4100.0;5986.0;33;N;N;EF;755;3.0;A4;BOM;A1;S;0;0.0
obs1924;53;BA;NORDESTE;30;43.24;2019;2 anos;48;18434.11;1.35;4920.0;1312.0;11;N;N;EF;633;;;;;;2;0.0
obs3675;51;SP;SULDESTE;30;62.09;2022;0 Km;24;34285.2;0.0;4100.0;2624.0;36;N;N;EF;755;3.0;A2;BOM;A1;S;-1;0.0
obs5404;38;SC;SUL;30;10.42;2022;0 Km;36;39512.53;1.54;6560.0;861.0;22;N;N;EF;682;3.0;A2;BOM;C1;S;-1;0.0
obs5724;36;BA;NORDESTE;30;10.0;2016;>= 3 anos;60;30885.64;1.77;4100.0;1312.0;0;N;N;EF;681;;;;;S;5;0.0
obs1049;47;RJ;SULDESTE;30;37.69;2021;0 Km;48;55553.56;0.88;20500.0;8323.0;0;N;N;EF;772;3.0;A2;BOM;B2;N;0;0.0
obs5669;50;PR;SUL;30;20.0;2020;2 anos;60;47761.52;2.28;4510.0;1845.0;32;N;S;EF;651;;;;;S;1;0.0
obs4164;43;RS;SUL;30;28.0;2021;0 Km;37;61713.38;0.87;4315.66;1968.0;0;N;N;EF;686;2.0;A2;RUIM;B2;S;0;0.0
obs4110;57;AM;NORTE;60;40.16;2014;>= 3 anos;36;15422.5;1.14;4100.0;4223.0;13;N;N;EF;701;;;;;N;7;0.0
obs7281;59;GO;CENTRO-OESTE;30;73.66;2022;0 Km;36;14495.1;0.57;7298.0;6683.0;6;N;N;EF;760;3.0;A4;BOM;A1;N;-1;0.0
obs228;38;SP;SULDESTE;30;42.92;2018;>= 3 anos;48;34149.45;0.93;8200.0;4264.0;0;N;N;EF;676;;;;;S;3;0.0
obs3528;52;MG;SULDESTE;30;76.21;2022;0 Km;36;11198.54;1.16;5740.0;2501.0;6;N;N;EF;742;1.0;A2;BOM;A1;S;-1;0.0
obs3376;37;PR;SUL;30;27.74;2022;0 Km;48;31733.28;0.88;24600.0;4346.0;3;N;N;EF;737;2.0;A4;BOM;B2;S;-1;0.0
obs5005;57;MG;SULDESTE;30;63.0;2022;0 Km;24;28292.33;0.0;10086.0;8487.0;11;N;N;EF;720;3.0;A4;BOM;A1;S;-1;0.0
obs1655;37;MA;NORDESTE;30;44.35;2021;0 Km;49;47780.61;0.93;6150.0;3608.0;22;N;N;EF;669;3.0;A2;RUIM;A3;S;0;0.0
obs5243;57;SC;SUL;30;13.55;2021;0 Km;48;54868.62;1.19;4100.0;1476.0;38;N;N;EF;751;3.0;A4;RUIM;C2;S;0;0.0
obs369;51;RJ;SULDESTE;30;10.19;2018;>= 3 anos;24;81337.51;1.93;31160.0;2624.0;0;N;N;EF;685;;;;;N;3;0.0
obs7626;60;SC;SUL;30;76.4;2020;2 anos;18;14670.89;1.07;8200.0;8405.0;11;N;N;EF;701;;;;;;1;0.0
obs3421;35;BA;NORDESTE;30;62.42;2021;0 Km;24;34747.76;0.0;8200.0;1886.0;18;N;N;EF;746;3.0;A2;BOM;A1;S;0;0.0
obs8514;57;MG;SULDESTE;30;61.5;2022;0 Km;18;25109.34;0.0;9840.0;1845.0;14;N;N;EF;720;3.0;A4;BOM;A1;N;-1;0.0
obs607;41;BA;NORDESTE;30;35.09;2021;0 Km;49;31382.11;1.16;5740.0;1271.0;0;N;N;EF;686;1.0;A2;BOM;B3;;0;0.0
obs257;58;PE;NORDESTE;30;75.86;2021;0 Km;24;20589.67;0.0;3280.0;15826.0;26;N;N;EF;720;1.0;A2;PESS;A1;;0;0.0
obs6347;62;SP;SULDESTE;30;78.15;2022;0 Km;12;13548.95;0.0;5740.0;1681.0;19;S;N;EF;760;3.0;A4;BOM;A1;S;-1;0.0
obs6628;48;SP;SULDESTE;30;29.0;2021;0 Km;48;56937.77;1.26;11480.0;1845.0;13;N;N;EF;691;2.0;A2;BOM;B2;N;0;0.0
obs3849;39;RS;SUL;30;79.09;2022;0 Km;24;18782.41;0.0;8200.0;8364.0;10;N;N;EF;746;3.0;A2;BOM;A1;S;-1;0.0
obs3485;29;SP;SULDESTE;30;25.7;2021;0 Km;60;55983.27;1.17;9840.0;779.0;13;N;N;EF;697;1.0;A1;BOM;B3;;0;0.0
obs3243;32;RJ;SULDESTE;30;42.39;2018;>= 3 anos;36;25727.51;1.09;4141.0;2624.0;22;N;N;EF;681;;;;;S;3;0.0
obs7352;80;GO;CENTRO-OESTE;30;27.61;2022;0 Km;48;59610.28;0.95;4100.0;1681.0;0;N;N;EF;777;1.0;A4;BOM;B2;N;-1;0.0
obs6538;64;AL;NORDESTE;30;11.12;2022;0 Km;60;38633.18;1.61;3936.0;1312.0;26;N;N;EF;679;3.0;A2;RUIM;C3;N;-1;1.0
obs5185;48;SC;SUL;30;16.43;2018;>= 3 anos;60;49827.28;1.67;4510.0;4264.0;30;N;N;EF;675;;;;;N;3;0.0
obs1595;67;RJ;SULDESTE;30;37.56;2021;0 Km;48;55168.44;1.1;6560.0;2624.0;0;N;N;EF;707;3.0;A4;RUIM;B2;S;0;0.0
obs9732;54;SP;SULDESTE;30;23.41;2022;0 Km;49;35893.99;1.1;4920.0;1066.0;21;N;N;EF;676;2.0;A4;RUIM;B3;N;-1;1.0
obs956;77;RS;SUL;30;53.14;2021;0 Km;30;29340.55;0.0;3350.93;1886.0;0;N;N;EF;709;3.0;A4;RUIM;A1;N;0;0.0
obs7494;67;SC;SUL;60;42.0;2014;>= 3 anos;48;19858.39;1.11;3116.0;1681.0;18;N;N;EF;707;;;;;S;7;0.0
obs6147;23;BA;NORDESTE;30;56.76;2016;>= 3 anos;36;14285.64;1.44;1476.0;1271.0;36;N;N;EF;646;;;;;S;5;0.0
obs9434;62;SC;SUL;30;82.41;2021;0 Km;36;26869.4;1.41;3690.0;2050.0;27;N;N;EF;660;3.0;A4;PESS;A1;S;0;0.0
obs5093;46;SC;SUL;30;57.14;2017;>= 3 anos;60;16023.79;0.9;2870.0;1353.0;12;N;N;EF;681;;;;;S;4;0.0
obs2373;43;RS;SUL;30;10.44;2021;0 Km;60;39234.44;1.46;10643.6;1968.0;9;N;N;EF;678;3.0;A4;RUIM;C3;S;0;0.0
obs7024;59;RS;SUL;30;21.05;2022;0 Km;60;37231.58;1.66;4510.0;902.0;22;N;N;EF;679;3.0;A4;RUIM;B3;;-1;1.0
obs8956;33;SP;SULDESTE;30;39.29;2022;0 Km;37;28616.35;1.04;3280.0;2542.0;30;N;N;EF;659;1.0;A1;RUIM;B2;;-1;0.0
obs1799;58;SP;SULDESTE;30;21.29;2021;0 Km;60;39149.21;1.04;3690.0;1968.0;24;N;N;EF;720;1.0;A4;BOM;B3;;0;0.0
obs3852;46;PA;NORTE;30;15.83;2022;0 Km;48;36479.6;1.26;3690.0;2542.0;0;N;N;EF;759;1.0;A2;BOM;C2;S;-1;0.0
obs695;43;SP;SULDESTE;30;23.53;2020;2 anos;60;44184.15;1.95;6150.0;6068.0;20;N;N;EF;657;;;;;S;1;0.0
obs864;40;PR;SUL;30;31.91;2021;0 Km;37;34433.96;1.08;3032.77;1394.0;42;N;N;EF;697;3.0;A2;RUIM;B2;S;0;0.0
obs4208;59;SP;SULDESTE;30;31.78;2017;>= 3 anos;60;54486.78;1.24;7626.0;8446.0;17;N;N;EF;671;;;;;S;4;0.0
obs4583;45;SC;SUL;30;30.04;2021;0 Km;49;58836.85;1.02;9184.0;2009.0;0;N;N;EF;772;3.0;A4;BOM;B3;N;0;0.0
obs4185;45;PR;SUL;30;55.56;2021;0 Km;36;33553.47;0.9;18040.0;11767.0;0;N;N;EF;772;3.0;A4;BOM;A1;S;0;0.0
obs4657;49;MA;NORDESTE;30;50.08;2019;2 anos;48;28459.87;1.29;3198.0;2542.0;26;N;N;EF;640;;;;;S;2;0.0
obs1867;65;ES;SULDESTE;30;86.28;2021;0 Km;12;11672.78;0.53;4264.0;4551.0;0;N;N;EF;722;3.0;A4;RUIM;A1;S;0;0.0
obs6650;49;DF;CENTRO-OESTE;30;9.15;2017;>= 3 anos;60;33619.42;1.63;4100.0;1968.0;22;S;N;EF;675;;;;;S;4;0.0
obs2122;69;PR;SUL;30;34.34;2021;0 Km;18;54974.94;0.74;9840.0;1599.0;34;N;N;EF;751;3.0;A4;BOM;B1;S;0;0.0
obs7931;65;SC;SUL;30;43.97;2022;0 Km;49;31619.2;1.16;2624.0;4510.0;37;N;N;EF;696;3.0;A4;PESS;A3;S;-1;0.0
obs5384;36;RJ;SULDESTE;30;0.0;2018;>= 3 anos;48;34192.68;1.46;3690.0;3280.0;28;N;N;EF;687;;;;;N;3;0.0
obs1894;40;RJ;SULDESTE;30;53.0;2021;0 Km;30;30340.03;0.0;12300.0;11890.0;8;N;N;EF;706;3.0;A4;BOM;A1;S;0;0.0
obs8217;35;SE;NORDESTE;30;48.96;2022;0 Km;60;23631.58;1.13;4920.0;3239.0;11;N;N;EF;697;3.0;A2;BOM;A3;S;-1;0.0
obs3581;45;ES;SULDESTE;30;15.24;2022;0 Km;60;44502.31;1.14;5740.0;1353.0;18;S;N;EF;715;3.0;A2;BOM;C3;S;-1;0.0
obs6208;54;SP;SULDESTE;30;42.54;2021;0 Km;60;47422.65;0.83;4100.0;3321.0;25;N;N;EF;760;3.0;A4;BOM;A3;S;0;0.0
obs8113;29;SC;SUL;30;30.43;2016;>= 3 anos;48;27643.79;1.39;3116.0;1845.0;25;N;S;EF;664;;;;;S;5;0.0
obs8572;55;SC;SUL;30;0.0;2022;0 Km;48;64568.51;1.3;7134.0;5986.0;25;N;N;EF;720;3.0;A4;BOM;C2;S;-1;0.0
obs8953;41;MG;SULDESTE;30;57.39;2021;0 Km;36;37786.35;0.67;6560.0;1927.0;18;N;N;EF;746;3.0;A2;RUIM;A1;S;0;0.0
obs678;36;RN;NORDESTE;30;48.4;2021;2 anos;48;19995.53;1.4;2050.0;820.0;29;N;N;EF;677;;;;;;0;0.0
obs8237;56;BA;NORDESTE;30;62.76;2022;0 Km;24;35836.45;0.0;14760.0;2091.0;10;N;N;EF;760;3.0;A2;BOM;A1;N;-1;0.0
obs7340;40;SC;SUL;30;51.06;2012;>= 3 anos;48;10628.79;1.06;2460.0;1517.0;12;N;N;EF;700;;;;;S;9;0.0
obs2906;35;SP;SULDESTE;30;58.82;2015;>= 3 anos;48;15560.61;0.89;6383.33;4346.0;6;N;N;EF;694;;;;;S;6;0.0
obs1246;43;GO;CENTRO-OESTE;30;57.57;2021;0 Km;60;33235.11;1.08;3271.8;2542.0;23;N;N;EF;678;3.0;A2;RUIM;A3;S;0;0.0
obs3597;38;RJ;SULDESTE;30;53.87;2022;0 Km;36;26509.49;0.67;5330.0;2624.0;15;N;N;EF;746;3.0;A2;BOM;A1;S;-1;0.0
obs4104;32;BA;NORDESTE;30;27.35;2022;0 Km;37;54588.08;1.14;5330.0;902.0;38;N;N;EF;669;1.0;A1;RUIM;B2;;-1;1.0
obs477;28;MG;SULDESTE;30;51.55;2020;2 anos;60;32273.1;1.47;3772.0;820.0;22;N;N;EF;629;;;;;S;1;1.0
obs8483;52;PA;NORTE;30;0.0;2021;0 Km;60;92851.96;1.5;6560.0;4305.0;37;N;N;EF;742;2.0;A2;BOM;C3;N;0;0.0
obs8427;45;RJ;SULDESTE;30;37.07;2021;0 Km;60;42361.54;1.18;5084.0;1968.0;19;N;N;EF;702;3.0;A2;RUIM;B3;S;0;0.0
obs4924;61;PA;NORTE;30;12.55;2022;0 Km;60;47246.9;1.24;4100.0;1927.0;0;N;N;EF;728;3.0;A2;BOM;C3;S;-1;0.0
obs4092;42;BA;NORDESTE;30;64.44;2022;0 Km;36;23658.79;0.75;2460.0;1353.0;0;N;S;EF;671;3.0;A2;RUIM;A1;N;-1;0.0
obs3292;64;GO;CENTRO-OESTE;30;36.59;2021;0 Km;60;43995.75;1.2;3280.0;1845.0;31;N;N;EF;692;3.0;A4;RUIM;B3;S;0;0.0
obs5042;36;SC;SUL;30;58.94;2016;>= 3 anos;36;18430.79;1.06;2460.0;1312.0;26;N;N;EF;677;;;;;S;5;0.0
obs416;82;PE;NORDESTE;30;55.18;2021;0 Km;30;27217.22;0.0;4510.0;1107.0;20;N;N;EF;692;3.0;A2;BOM;A1;;0;0.0
obs4061;66;PR;SUL;30;73.03;2021;0 Km;24;25426.11;0.0;9594.0;3239.0;0;N;N;EF;777;3.0;A4;BOM;A1;S;0;0.0
obs2855;44;PE;NORDESTE;30;30.15;2021;0 Km;48;29103.41;0.83;5740.0;12423.0;13;N;N;EF;746;3.0;A2;BOM;B2;S;0;0.0
obs2813;43;MA;NORDESTE;30;22.9;2021;0 Km;60;58031.11;1.39;38540.0;17958.0;3;N;N;EF;678;2.0;A2;RUIM;B3;S;0;0.0
obs6250;61;PA;NORTE;30;28.0;2022;0 Km;49;41292.93;1.16;4100.0;1476.0;0;N;N;EF;683;1.0;A1;RUIM;B3;;-1;0.0
obs7788;28;AM;NORTE;30;37.37;2022;0 Km;49;52402.32;0.93;3280.0;2173.0;0;N;N;EF;658;3.0;A4;RUIM;B3;S;-1;0.0
obs5698;41;RS;SUL;30;24.66;2022;0 Km;48;26156.16;1.27;3280.0;1353.0;23;N;N;EF;669;3.0;A4;BOM;B2;S;-1;0.0
obs151;59;DF;CENTRO-OESTE;30;26.96;2021;0 Km;49;65237.17;0.93;13940.0;8569.0;13;N;N;EF;751;3.0;A2;BOM;B3;S;0;0.0
obs2795;38;CE;NORDESTE;30;16.32;2013;>= 3 anos;48;24897.51;1.75;2870.0;3321.0;28;N;N;EF;657;;;;;N;8;0.0
obs3251;36;PR;SUL;30;38.36;2022;0 Km;49;50989.28;0.93;4100.0;1804.0;36;N;N;EF;737;1.0;A1;BOM;B3;;-1;0.0
obs914;54;BA;NORDESTE;30;24.21;2021;0 Km;60;52713.94;1.04;12300.0;8528.0;10;N;N;EF;755;3.0;A2;BOM;B3;S;0;0.0
obs9034;38;MA;NORDESTE;30;9.62;2017;>= 3 anos;60;40162.87;2.02;4100.0;1804.0;29;N;N;EF;671;;;;;N;4;0.0
obs6484;20;PB;NORDESTE;30;27.39;2022;0 Km;60;27184.51;1.02;2050.0;820.0;31;N;N;EF;617;1.0;A0;BOM;B3;;-1;0.0
obs9449;32;MG;SULDESTE;30;4.35;2016;>= 3 anos;24;28967.18;1.63;12300.0;1312.0;12;N;N;EF;666;;;;;S;5;0.0
obs4312;38;MG;SULDESTE;30;17.51;2021;0 Km;60;58301.04;1.39;5067.6;1599.0;28;N;N;EF;693;3.0;A2;BOM;C3;N;0;0.0
obs4853;34;SP;SULDESTE;30;60.95;2019;2 anos;36;18050.61;0.58;3280.0;2501.0;17;N;N;EF;661;;;;;S;2;0.0
obs8000;62;BA;NORDESTE;30;28.56;2022;0 Km;49;55718.27;1.01;14760.0;4223.0;10;N;N;EF;711;3.0;A2;PESS;B3;S;-1;0.0
obs3263;35;PR;SUL;30;18.17;2021;0 Km;60;72379.21;1.39;5658.0;3198.0;0;N;N;EF;750;1.0;A2;BOM;C3;;0;0.0
obs1377;41;PR;SUL;30;38.46;2016;>= 3 anos;36;17872.28;0.9;4592.0;3321.0;0;N;N;EF;687;;;;;S;5;0.0
obs8543;60;RS;SUL;30;50.34;2021;0 Km;48;40836.17;1.18;6560.0;1968.0;17;N;N;EF;747;2.0;A4;BOM;A2;N;0;0.0
obs8389;61;SP;SULDESTE;30;63.02;2022;0 Km;24;31121.63;0.0;4510.0;2665.0;30;N;N;EF;760;2.0;A4;BOM;A1;S;-1;0.0
obs3081;66;SP;SULDESTE;30;19.49;2022;0 Km;36;35073.91;0.99;5576.0;1353.0;21;N;N;EF;747;3.0;A4;BOM;C1;N;-1;0.0
obs1947;41;RJ;SULDESTE;30;65.0;2021;0 Km;18;31351.59;0.0;8200.0;2009.0;0;N;N;EF;691;1.0;A2;RUIM;A1;;0;0.0
obs8748;53;RS;SUL;30;49.31;2022;0 Km;36;50522.27;1.16;15293.82;10332.0;11;N;N;EF;746;3.0;A4;BOM;A1;S;-1;0.0
obs5608;70;MG;SULDESTE;30;59.68;2021;0 Km;37;34472.57;0.93;13120.0;8405.0;0;N;N;EF;713;3.0;A4;RUIM;A2;N;0;0.0
obs6088;63;SP;SULDESTE;30;51.16;2022;0 Km;48;29318.95;1.12;3772.0;1845.0;21;N;N;EF;665;3.0;A4;RUIM;A2;N;-1;0.0
obs8003;46;SC;SUL;30;65.79;2022;0 Km;24;31695.85;0.0;7380.0;4305.0;18;N;N;EF;755;3.0;A2;BOM;A1;S;-1;0.0
obs6225;64;SP;SULDESTE;30;70.67;2022;0 Km;12;18014.35;0.0;4920.0;1353.0;32;N;N;EF;760;1.0;A4;BOM;A1;;-1;0.0
obs9492;39;SP;SULDESTE;30;0.0;2022;0 Km;60;45598.15;1.23;6560.0;6109.0;17;N;N;EF;733;3.0;A2;BOM;C3;S;-1;0.0
obs3936;50;SP;SULDESTE;30;77.26;2021;0 Km;18;17885.44;0.0;24600.0;3198.0;4;N;N;EF;755;3.0;A1;PESS;A1;N;0;0.0
obs4368;51;PA;NORTE;30;15.99;2022;0 Km;60;36413.2;1.55;3444.0;2542.0;0;N;N;EF;674;3.0;A2;RUIM;C3;S;-1;0.0
obs8838;72;PE;NORDESTE;30;28.96;2022;0 Km;49;67479.29;0.9;4920.0;1558.0;39;N;N;EF;692;3.0;A2;PESS;B3;S;-1;0.0
obs6706;69;MS;CENTRO-OESTE;30;55.71;2021;0 Km;30;30741.22;0.11;4756.0;2993.0;23;N;N;EF;760;3.0;A2;BOM;A1;S;0;0.0
obs1854;53;BA;NORDESTE;30;2.2;2022;0 Km;60;41342.94;1.49;4100.0;3239.0;0;N;N;EF;723;2.0;A2;RUIM;C3;S;-1;0.0
obs3733;58;SP;SULDESTE;30;63.46;2022;0 Km;24;19614.09;0.56;4100.0;1845.0;0;N;N;EF;713;3.0;A4;RUIM;A1;S;-1;0.0
obs3012;35;MS;CENTRO-OESTE;30;52.74;2016;>= 3 anos;48;23440.29;1.54;3198.0;1845.0;21;N;N;EF;636;;;;;N;5;0.0
obs3303;61;RJ;SULDESTE;30;33.3;2022;0 Km;49;52197.04;0.93;6560.0;2091.0;0;N;N;EF;768;2.0;A4;BOM;B3;N;-1;0.0
obs1870;42;RS;SUL;30;14.19;2021;0 Km;60;57115.13;1.08;9840.0;1886.0;13;N;N;EF;746;3.0;A4;BOM;C3;S;0;0.0
obs1030;70;MG;SULDESTE;30;52.09;2020;2 anos;24;23978.88;0.74;4592.0;1107.0;25;N;N;EF;686;;;;;N;1;0.0
obs8847;33;GO;CENTRO-OESTE;30;0.0;2022;0 Km;60;42939.49;1.5;4100.0;1476.0;27;N;N;EF;733;1.0;A2;BOM;C3;;-1;0.0
obs964;44;RJ;SULDESTE;30;5.18;2018;>= 3 anos;60;31279.38;1.9;2870.0;1312.0;0;N;N;EF;666;;;;;;3;0.0
obs3669;34;RS;SUL;30;73.41;2021;0 Km;24;24110.91;0.0;5740.0;861.0;17;N;N;EF;746;2.0;A2;BOM;A1;S;0;0.0
obs71;40;GO;CENTRO-OESTE;30;41.67;2013;>= 3 anos;48;18513.09;1.93;5248.0;1312.0;0;N;N;EF;668;;;;;;8;0.0
obs897;51;PE;NORDESTE;30;60.76;2021;0 Km;36;27063.27;0.69;4920.0;2665.0;18;N;N;EF;746;3.0;A2;BOM;A1;N;0;0.0
obs1269;29;DF;CENTRO-OESTE;30;42.0;2017;>= 3 anos;48;28202.57;1.7;3280.0;533.0;27;N;N;EF;633;;;;;S;4;0.0
obs8793;47;PI;NORDESTE;30;0.0;2022;0 Km;60;43811.71;1.45;3924.03;1845.0;29;N;N;EF;746;1.0;A2;BOM;C3;;-1;0.0
obs9647;34;DF;CENTRO-OESTE;30;30.66;2021;0 Km;49;51875.83;1.49;7106.94;1435.0;24;N;N;EF;669;1.0;A2;BOM;B3;;0;0.0
obs6433;52;SC;SUL;30;83.0;2022;0 Km;36;10766.26;0.0;1640.0;1886.0;19;N;N;EF;660;1.0;A1;RUIM;A1;;-1;0.0
obs7729;35;BA;NORDESTE;30;23.99;2022;0 Km;49;33646.91;1.05;3495.98;2501.0;28;N;N;EF;678;1.0;A1;RUIM;B3;;-1;0.0
obs1519;51;RS;SUL;30;49.44;2021;0 Km;36;27277.58;1.09;5576.0;1353.0;17;N;S;EF;702;2.0;A2;PESS;A1;S;0;0.0
obs2421;47;SC;SUL;30;59.88;2021;0 Km;37;28807.45;1.2;3280.0;1886.0;31;N;N;EF;715;3.0;A4;PESS;A2;S;0;0.0
obs521;40;SP;SULDESTE;30;36.75;2019;2 anos;36;19599.55;1.31;3690.0;1312.0;0;N;N;EF;646;;;;;S;2;0.0
obs9003;25;SP;SULDESTE;30;68.9;2022;0 Km;36;13917.05;0.83;2378.0;779.0;19;N;N;EF;685;1.0;A1;BOM;A1;;-1;0.0
obs7779;57;SC;SUL;30;10.39;2021;2 anos;60;39014.79;1.69;6560.0;4346.0;0;N;N;EF;681;;;;;N;0;0.0
obs1814;52;MT;CENTRO-OESTE;30;48.63;2021;0 Km;60;37087.97;1.0;14760.0;2009.0;5;N;N;EF;655;2.0;A2;PESS;A3;S;0;0.0
obs9700;51;PI;NORDESTE;30;27.7;2022;0 Km;60;31942.71;1.61;4100.0;1394.0;21;N;N;EF;687;3.0;A2;PESS;B3;S;-1;1.0
obs961;22;SP;SULDESTE;30;37.6;2013;>= 3 anos;36;12056.18;1.35;2870.0;984.0;14;S;N;EF;693;;;;;;8;0.0
obs2683;66;PR;SUL;30;28.0;2021;0 Km;49;65252.6;0.83;5248.0;8446.0;35;N;N;EF;760;3.0;A4;BOM;B3;N;0;0.0
obs928;41;SC;SUL;30;65.68;2021;0 Km;18;13858.33;0.65;3690.0;2542.0;0;N;N;EF;750;3.0;A4;BOM;A1;N;0;0.0
obs3871;38;BA;NORDESTE;30;67.17;2022;0 Km;49;17627.89;1.16;5461.2;4223.0;9;N;N;EF;669;3.0;A2;BOM;A3;S;-1;0.0
obs9358;44;BA;NORDESTE;30;68.97;2017;>= 3 anos;36;12398.91;1.2;20500.0;1312.0;2;N;N;EF;640;;;;;N;4;0.0
obs8206;49;AL;NORDESTE;30;63.35;2021;0 Km;24;32838.04;0.0;8200.0;10332.0;17;N;N;EF;700;3.0;A2;PESS;A1;S;0;0.0
obs5665;57;BA;NORDESTE;30;63.44;2021;0 Km;36;56526.83;1.29;12300.0;1886.0;16;N;N;EF;683;3.0;A2;PESS;A1;N;0;0.0
obs520;58;PR;SUL;30;40.09;2021;0 Km;24;75305.9;0.85;9840.0;8323.0;37;S;N;EF;751;3.0;A4;BOM;A1;S;0;0.0
obs9204;51;SP;SULDESTE;30;2.99;2022;0 Km;60;54038.13;1.28;4100.0;1353.0;31;S;N;EF;715;3.0;A2;BOM;C3;S;-1;0.0
obs297;54;MS;CENTRO-OESTE;30;0.0;2018;>= 3 anos;36;19297.37;1.68;9840.0;5945.0;0;N;N;EF;719;;;;;S;3;0.0
obs8088;41;DF;CENTRO-OESTE;30;12.72;2021;0 Km;60;46408.89;1.25;4100.0;1804.0;0;N;N;EF;723;3.0;A2;BOM;C3;N;0;0.0
obs2990;58;PR;SUL;30;13.01;2022;0 Km;60;39875.58;0.98;4100.0;1353.0;22;N;N;EF;751;3.0;A2;BOM;C3;N;-1;0.0
obs8462;46;SC;SUL;30;52.78;2022;0 Km;24;21710.12;0.88;4100.0;1066.0;25;N;N;EF;678;3.0;A2;PESS;A1;S;-1;0.0
obs7837;54;SC;SUL;30;13.59;2022;0 Km;60;40932.09;1.1;6560.0;1968.0;14;N;N;EF;760;3.0;A4;BOM;C3;N;-1;0.0
obs1017;47;PR;SUL;30;2.07;2021;0 Km;60;40282.28;1.35;24600.0;1271.0;4;N;N;EF;746;1.0;A2;BOM;C3;;0;0.0
obs8618;28;MA;NORDESTE;30;1.95;2022;0 Km;60;42652.87;1.5;4100.0;902.0;27;N;N;EF;733;3.0;A4;BOM;C3;N;-1;0.0
obs8778;77;MS;CENTRO-OESTE;30;26.83;2014;>= 3 anos;48;26042.38;1.8;4100.0;1722.0;0;N;N;EF;664;;;;;S;7;0.0
obs2672;49;SP;SULDESTE;30;58.21;2021;0 Km;37;36546.33;0.98;4920.0;2501.0;27;N;N;EF;691;3.0;A1;BOM;A2;N;0;0.0
obs9322;69;DF;CENTRO-OESTE;30;66.79;2022;0 Km;24;31956.93;0.0;4346.0;4346.0;31;N;N;EF;760;3.0;A2;BOM;A1;S;-1;0.0
obs9103;77;SE;NORDESTE;30;83.36;2022;0 Km;30;12315.9;0.0;8200.0;15949.0;5;N;N;EF;720;3.0;A2;BOM;A1;S;-1;0.0
obs6421;58;MG;SULDESTE;30;69.09;2022;0 Km;48;25724.37;0.99;8200.0;1886.0;8;N;N;EF;760;3.0;A2;BOM;A2;S;-1;0.0
obs3769;47;SC;SUL;30;55.65;2022;0 Km;36;23283.59;0.76;3280.0;1804.0;23;N;N;EF;691;3.0;A1;BOM;A1;S;-1;0.0
obs2740;38;ES;SULDESTE;30;36.62;2016;>= 3 anos;60;29018.12;1.48;4387.0;3321.0;16;N;N;EF;647;;;;;;5;0.0
obs496;42;MT;CENTRO-OESTE;30;46.55;2021;0 Km;25;48860.01;1.16;6560.0;8405.0;40;N;N;EF;646;2.0;A4;PESS;A1;S;0;0.0
obs7569;21;PE;NORDESTE;30;61.64;2022;0 Km;24;31425.75;0.0;4920.0;1312.0;27;S;N;EF;617;1.0;A1;BOM;A1;S;-1;0.0
obs3029;61;RS;SUL;30;36.78;2021;0 Km;36;39296.79;0.87;8314.8;1681.0;0;N;N;EF;751;3.0;A4;BOM;B1;S;0;0.0
obs5679;54;SP;SULDESTE;30;20.76;2022;0 Km;60;34642.31;1.61;3690.0;1353.0;25;N;N;EF;663;3.0;A4;BOM;B3;S;-1;0.0
obs5200;38;SP;SULDESTE;30;54.41;2022;0 Km;36;20954.78;0.62;2460.0;1845.0;27;N;N;EF;706;2.0;A1;BOM;A1;S;-1;0.0
obs3665;52;SP;SULDESTE;30;32.38;2021;0 Km;60;39602.39;1.04;3280.0;1107.0;27;N;N;EF;676;3.0;A2;PESS;B3;;0;0.0
obs8152;59;SP;SULDESTE;30;15.28;2018;>= 3 anos;48;42452.61;1.54;4920.0;2542.0;26;N;N;EF;707;;;;;S;3;0.0
obs6423;50;SC;SUL;30;0.0;2013;>= 3 anos;48;19260.79;1.91;3116.0;1886.0;20;N;N;EF;662;;;;;S;8;0.0
obs2693;42;PR;SUL;30;10.01;2021;0 Km;60;40823.67;1.59;3280.0;2542.0;33;N;S;EF;682;2.0;A2;RUIM;C3;S;0;0.0
obs2680;68;MT;CENTRO-OESTE;30;29.28;2022;0 Km;60;61080.53;1.12;4920.0;1476.0;0;N;N;EF;747;3.0;A4;BOM;B3;S;-1;0.0
obs5429;60;PA;NORTE;30;31.45;2022;0 Km;37;30254.6;1.13;7052.0;2583.0;15;N;N;EF;664;3.0;A2;PESS;B2;S;-1;0.0
obs2861;59;SP;SULDESTE;30;60.56;2021;0 Km;12;18679.13;0.0;1672.8;8446.0;0;N;N;EF;777;3.0;A4;BOM;A1;N;0;0.0
obs2857;63;PA;NORTE;30;0.0;2014;>= 3 anos;48;30266.22;2.27;4001.6;2542.0;0;S;N;EF;653;;;;;S;7;0.0
obs3445;68;MG;SULDESTE;30;36.54;2017;>= 3 anos;48;22992.01;1.07;4100.0;1312.0;15;N;N;EF;654;;;;;N;4;0.0
obs2641;63;PE;NORDESTE;30;68.61;2021;0 Km;18;30639.74;0.0;6560.0;3321.0;27;N;N;EF;760;1.0;A2;BOM;A1;;0;0.0
obs2418;26;PR;SUL;30;54.74;2022;0 Km;30;33573.39;0.0;3936.0;902.0;30;N;N;EF;738;1.0;A2;BOM;A1;;-1;0.0
obs3945;59;CE;NORDESTE;30;40.0;2018;>= 3 anos;24;32035.51;0.87;32800.0;15949.0;0;N;N;EF;706;;;;;N;3;0.0
obs1216;31;RS;SUL;30;0.0;2018;>= 3 anos;60;12024.07;1.3;1640.0;1845.0;17;N;N;EF;708;;;;;S;3;0.0
obs4887;45;RN;NORDESTE;30;74.22;2021;0 Km;30;16843.29;0.0;5330.0;2624.0;11;N;N;EF;715;3.0;A2;RUIM;A1;N;0;0.0
obs6849;44;SP;SULDESTE;30;64.33;2022;0 Km;24;16896.08;0.61;4594.46;3280.0;0;N;N;EF;750;3.0;A2;BOM;A1;S;-1;0.0
obs2996;45;MA;NORDESTE;30;43.97;2021;0 Km;36;43214.78;0.93;4920.0;2460.0;0;N;N;EF;691;3.0;A2;RUIM;A1;S;0;0.0
obs9731;49;PA;NORTE;30;48.6;2022;0 Km;48;36075.39;1.08;8200.0;1681.0;11;N;N;EF;702;1.0;A2;RUIM;A2;S;-1;0.0
obs4857;71;SP;SULDESTE;30;63.0;2022;0 Km;24;29062.22;0.0;16400.0;11398.0;0;N;N;EF;737;3.0;A4;BOM;A1;S;-1;0.0
obs7301;54;RJ;SULDESTE;30;30.3;2022;0 Km;49;38180.54;1.16;7380.0;5699.0;15;N;N;EF;706;3.0;A1;BOM;B3;S;-1;0.0
obs1913;84;SP;SULDESTE;30;60.0;2021;0 Km;12;18933.81;0.0;6560.0;15826.0;24;N;N;EF;760;1.0;A4;BOM;A1;N;0;0.0
obs2959;67;SP;SULDESTE;30;35.24;2022;0 Km;60;28110.97;1.37;3116.0;2378.0;23;N;N;EF;673;1.0;A4;RUIM;B3;;-1;0.0
obs4031;37;MT;CENTRO-OESTE;30;56.19;2022;0 Km;36;30050.32;0.83;20500.0;6068.0;4;N;N;EF;693;3.0;A4;RUIM;A1;S;-1;0.0
obs1839;69;SP;SULDESTE;30;58.0;2021;0 Km;12;19841.09;0.0;6150.0;1230.0;27;N;N;EF;639;1.0;A4;BOM;A1;;0;0.0
obs5253;21;PR;SUL;30;32.33;2022;0 Km;36;28816.67;1.04;820.0;0.0;18;N;N;EF;604;1.0;A0;BOM;B1;;-1;0.0
obs6447;34;MA;NORDESTE;30;56.71;2022;0 Km;48;19401.25;1.05;3690.0;1148.0;14;N;N;EF;665;1.0;A1;RUIM;A2;;-1;0.0
obs2093;29;SC;SUL;30;30.04;2021;0 Km;48;58836.85;1.41;7380.0;861.0;24;N;N;EF;669;1.0;A1;RUIM;B2;;0;0.0
obs2911;61;RS;SUL;30;10.27;2021;0 Km;60;37051.54;1.28;4756.0;2624.0;19;N;N;EF;692;3.0;A4;RUIM;C3;S;0;0.0
obs1135;56;PE;NORDESTE;30;66.05;2021;0 Km;24;14163.41;0.36;2870.0;1927.0;0;N;N;EF;777;3.0;A2;BOM;A1;S;0;0.0
obs4889;53;SP;SULDESTE;30;41.81;2012;>= 3 anos;48;12738.61;1.8;4100.0;1599.0;10;N;N;EF;643;;;;;S;9;0.0
obs9186;32;SP;SULDESTE;30;20.63;2022;0 Km;48;64714.71;1.33;12300.0;3321.0;14;N;N;EF;693;2.0;A1;BOM;B2;N;-1;0.0
obs3809;62;BA;NORDESTE;30;24.5;2022;0 Km;49;50821.47;1.05;6560.0;3034.0;22;N;N;EF;705;3.0;A2;PESS;B3;S;-1;0.0
obs9009;37;GO;CENTRO-OESTE;30;19.61;2022;0 Km;60;34871.89;1.44;3280.0;1353.0;0;N;N;EF;710;1.0;A1;BOM;C3;;-1;0.0
obs2812;39;RO;NORTE;30;38.54;2021;0 Km;60;55279.95;0.88;4100.0;2501.0;0;N;N;EF;763;2.0;A4;BOM;B3;N;0;0.0
obs8796;72;SC;SUL;30;43.24;2012;>= 3 anos;48;24639.19;1.87;3739.2;1599.0;21;N;N;EF;630;;;;;N;9;0.0
obs7857;45;PE;NORDESTE;30;46.89;2018;>= 3 anos;60;37859.91;1.29;8200.0;1927.0;11;N;N;EF;657;;;;;S;3;0.0
obs1514;52;SP;SULDESTE;30;0.0;2013;>= 3 anos;48;25097.31;2.23;4920.0;1804.0;18;N;N;EF;651;;;;;N;8;0.0
obs138;36;PE;NORDESTE;30;31.01;2019;2 anos;48;33220.61;1.73;4510.0;1927.0;23;N;N;EF;642;;;;;;2;0.0
obs5757;45;RS;SUL;30;63.0;2021;0 Km;18;25741.06;0.0;9840.0;2050.0;15;N;N;EF;715;3.0;A4;PESS;A1;N;0;0.0
obs3487;85;RN;NORDESTE;30;52.51;2020;2 anos;36;26760.03;1.01;5330.0;1312.0;16;N;N;EF;671;;;;;S;1;0.0
obs493;36;RS;SUL;30;27.2;2020;2 anos;48;26593.54;1.19;3198.0;2583.0;23;N;N;EF;683;;;;;S;1;0.0
obs8694;29;MA;NORDESTE;30;50.0;2022;0 Km;49;40725.61;1.07;4264.0;902.0;28;N;N;EF;737;1.0;A4;BOM;A3;;-1;0.0
obs239;44;PR;SUL;30;29.73;2021;0 Km;49;30292.51;1.1;4920.0;1845.0;17;N;N;EF;669;3.0;A4;BOM;B3;S;0;0.0
obs3762;68;RJ;SULDESTE;30;63.45;2022;0 Km;24;29236.75;0.0;3854.0;1886.0;33;N;N;EF;720;3.0;A4;BOM;A1;S;-1;0.0
obs2148;56;PA;NORTE;30;19.24;2021;0 Km;60;53228.59;1.13;5084.0;1312.0;25;N;N;EF;668;3.0;A1;RUIM;C3;N;0;0.0
obs2489;39;PB;NORDESTE;30;50.55;2021;0 Km;36;31628.82;0.86;5740.0;1763.0;18;N;N;EF;691;3.0;A2;BOM;A1;N;0;0.0
obs1038;74;GO;CENTRO-OESTE;30;40.79;2021;0 Km;48;36983.08;0.86;8844.52;2132.0;10;N;N;EF;705;3.0;A4;RUIM;A2;S;0;0.0
obs6156;40;SP;SULDESTE;30;20.17;2022;0 Km;49;65062.64;1.42;10274.81;1886.0;0;N;N;EF;686;3.0;A2;BOM;B3;S;-1;0.0
obs9658;27;SC;SUL;30;10.92;2022;0 Km;48;38093.49;0.93;3198.0;2542.0;31;N;N;EF;729;3.0;A2;BOM;C2;S;-1;0.0
obs3452;35;MA;NORDESTE;30;65.06;2015;>= 3 anos;24;13187.87;1.04;2460.0;1230.0;26;N;N;EF;658;;;;;N;6;0.0
obs5280;27;ES;SULDESTE;30;11.05;2012;>= 3 anos;48;26113.12;1.65;3362.0;943.0;24;N;N;EF;695;;;;;N;9;0.0
obs2719;58;MG;SULDESTE;30;10.92;2021;0 Km;60;72756.32;0.93;5740.0;1394.0;29;N;N;EF;760;3.0;A4;BOM;C3;S;0;0.0
obs3215;48;PE;NORDESTE;30;63.06;2021;0 Km;24;31956.95;0.0;4756.0;3321.0;28;N;N;EF;700;3.0;A2;PESS;A1;N;0;0.0
obs4684;39;PB;NORDESTE;30;43.75;2012;>= 3 anos;48;15966.49;1.03;12300.0;943.0;3;N;N;EF;685;;;;;S;9;0.0
obs9351;72;PE;NORDESTE;30;58.9;2022;0 Km;60;24089.92;0.98;3032.36;2993.0;0;N;N;EF;768;3.0;A2;BOM;A3;S;-1;0.0
obs9808;56;GO;CENTRO-OESTE;60;30.03;2018;>= 3 anos;48;55166.22;1.49;5291.46;4346.0;32;N;N;EF;701;;;;;;3;0.0
obs45;56;SP;SULDESTE;30;0.0;2016;>= 3 anos;48;28654.85;1.6;3362.0;4223.0;0;N;N;EF;670;;;;;;5;0.0
obs6643;36;SP;SULDESTE;30;7.07;2022;0 Km;60;55364.35;1.27;4592.0;1312.0;30;N;N;EF;733;3.0;A2;BOM;C3;S;-1;0.0
obs5013;24;PR;SUL;30;12.57;2022;0 Km;60;41441.46;1.02;3198.0;902.0;30;N;N;EF;683;1.0;A2;BOM;C3;;-1;0.0
obs8621;63;SP;SULDESTE;30;27.11;2022;0 Km;60;55217.85;1.07;4018.0;3034.0;31;N;N;EF;760;3.0;A2;BOM;B3;S;-1;0.0
obs2134;66;MS;CENTRO-OESTE;30;0.0;2021;0 Km;60;41865.45;1.55;18860.0;2132.0;5;N;N;EF;747;2.0;A2;RUIM;C3;S;0;0.0
obs1261;54;SP;SULDESTE;30;10.98;2021;0 Km;48;41172.13;1.48;5321.55;8323.0;22;N;N;EF;702;2.0;A4;RUIM;C2;N;0;0.0
obs2156;55;PA;NORTE;30;0.0;2022;0 Km;60;44108.13;1.39;4510.0;861.0;25;N;N;EF;707;2.0;A2;BOM;C3;S;-1;0.0
obs9219;57;PR;SUL;30;51.1;2022;0 Km;36;36991.11;0.76;6970.0;11439.0;17;N;N;EF;760;2.0;A4;BOM;A1;S;-1;0.0
obs8482;41;AL;NORDESTE;30;20.69;2022;0 Km;60;34781.98;1.28;4100.0;861.0;21;S;N;EF;733;1.0;A1;BOM;B3;;-1;0.0
obs3256;62;MA;NORDESTE;30;38.75;2022;0 Km;49;26745.92;1.16;3844.79;3198.0;20;N;N;EF;711;1.0;A1;BOM;B3;;-1;0.0
obs8706;36;BA;NORDESTE;30;18.39;2022;0 Km;60;36053.91;1.18;3116.0;2501.0;28;N;N;EF;693;1.0;A2;BOM;C3;;-1;0.0
obs1862;61;SP;SULDESTE;30;60.01;2021;0 Km;36;21115.67;0.78;3608.0;8405.0;18;N;N;EF;760;3.0;A4;BOM;A1;N;0;0.0
obs6207;38;SP;SULDESTE;30;57.37;2022;0 Km;24;25025.1;0.65;12300.0;1804.0;9;N;N;EF;737;1.0;A2;BOM;A1;;-1;0.0
obs5204;41;ES;SULDESTE;30;31.13;2017;>= 3 anos;48;32013.59;1.35;4100.0;1804.0;23;N;N;EF;671;;;;;S;4;0.0
obs1379;56;SP;SULDESTE;30;62.72;2021;0 Km;24;17885.44;0.9;246.0;3116.0;0;S;N;EF;737;3.0;A4;BOM;A1;N;0;0.0
obs2916;31;MG;SULDESTE;30;46.77;2022;0 Km;36;23506.61;0.99;2462.46;779.0;33;N;N;EF;678;1.0;A1;BOM;A1;;-1;0.0
obs9158;68;SP;SULDESTE;30;23.07;2022;0 Km;60;63274.66;1.51;7380.0;15908.0;22;N;N;EF;692;2.0;A4;PESS;B3;S;-1;0.0
obs3279;34;BA;NORDESTE;30;48.03;2021;0 Km;48;49867.04;0.99;8200.0;1025.0;16;N;N;EF;669;1.0;A2;RUIM;A2;;0;0.0
obs3237;56;SP;SULDESTE;30;31.0;2015;>= 3 anos;48;24728.21;2.05;2870.0;1476.0;29;N;N;EF;649;;;;;S;6;0.0
obs7479;26;SC;SUL;30;6.55;2022;0 Km;36;82923.45;1.28;9758.0;1804.0;31;N;N;EF;685;3.0;A1;BOM;C1;S;-1;0.0
obs4783;50;PE;NORDESTE;30;36.92;2018;>= 3 anos;48;34539.91;1.4;3280.0;1353.0;31;N;N;EF;672;;;;;N;3;0.0
obs6411;60;SP;SULDESTE;30;43.28;2022;0 Km;49;41031.65;0.88;7121.7;2542.0;15;N;N;EF;683;3.0;A4;RUIM;A3;S;-1;0.0
obs8763;46;PA;NORTE;30;22.07;2022;0 Km;49;73976.51;1.01;5986.0;2952.0;36;N;N;EF;746;1.0;A2;BOM;B3;;-1;0.0
obs7500;54;MA;NORDESTE;30;53.03;2016;>= 3 anos;48;16590.04;1.17;4100.0;1804.0;11;S;N;EF;654;;;;;N;5;0.0
obs7810;63;SP;SULDESTE;30;20.59;2021;0 Km;60;48812.07;1.66;4264.0;1312.0;31;N;N;EF;683;1.0;A4;BOM;B3;;0;0.0
obs9907;33;SC;SUL;30;15.96;2015;>= 3 anos;48;35611.79;1.65;6888.0;4305.0;16;N;N;EF;700;;;;;S;6;0.0
obs6719;60;BA;NORDESTE;30;21.36;2022;0 Km;60;36362.81;1.61;4920.0;15785.0;20;N;N;EF;692;3.0;A2;PESS;B3;S;-1;0.0
obs2546;40;PA;NORTE;30;14.18;2022;0 Km;60;40250.29;1.39;4510.0;1804.0;22;N;N;EF;733;1.0;A1;BOM;C3;;-1;0.0
obs2403;50;GO;CENTRO-OESTE;30;37.08;2022;0 Km;60;47315.75;1.03;4920.0;3362.0;21;N;N;EF;746;3.0;A2;BOM;B3;S;-1;0.0
obs420;34;TO;NORTE;30;52.63;2021;0 Km;49;43981.86;1.19;3362.0;1353.0;39;N;N;EF;665;3.0;A2;RUIM;A3;N;0;0.0
obs7226;28;MG;SULDESTE;30;54.77;2016;>= 3 anos;48;23904.18;1.21;8200.0;861.0;8;N;N;EF;664;;;;;N;5;0.0
obs8875;57;SP;SULDESTE;60;40.35;2015;>= 3 anos;48;26384.81;1.03;3116.0;2583.0;23;N;N;EF;668;;;;;S;6;0.0
obs7380;70;RJ;SULDESTE;30;68.72;2022;0 Km;18;25845.37;1.18;7380.0;2993.0;0;N;N;EF;728;3.0;A4;BOM;A1;S;-1;0.0
obs7703;44;PA;NORTE;30;78.04;2020;2 anos;24;16904.05;0.62;5740.0;3198.0;0;S;N;EF;693;;;;;S;1;0.0
obs4257;52;RN;NORDESTE;30;44.1;2022;0 Km;24;25703.44;1.03;17220.0;11644.0;7;N;N;EF;663;1.0;A1;BOM;A1;;-1;0.0
obs2875;66;SE;NORDESTE;30;10.72;2022;0 Km;36;38307.8;1.14;6560.0;8323.0;20;N;N;EF;707;3.0;A2;BOM;C1;S;-1;0.0
obs5535;57;ES;SULDESTE;30;29.09;2021;0 Km;49;65705.78;1.02;4510.0;1968.0;41;N;N;EF;760;3.0;A4;BOM;B3;S;0;0.0
obs8696;56;RJ;SULDESTE;30;69.95;2021;0 Km;37;21038.01;1.25;2460.0;4428.0;32;N;N;EF;751;3.0;A4;RUIM;A2;S;0;0.0
obs3318;70;MS;CENTRO-OESTE;30;14.08;2021;0 Km;60;50865.98;1.56;11316.0;21525.0;12;N;N;EF;707;2.0;A2;RUIM;C3;S;0;0.0
obs1945;44;SP;SULDESTE;30;15.66;2021;0 Km;60;45495.06;1.32;4920.0;2501.0;22;S;N;EF;706;3.0;A1;BOM;C3;S;0;0.0
obs1351;43;SP;SULDESTE;30;39.28;2021;0 Km;60;28522.93;1.34;3936.0;1845.0;0;N;N;EF;695;3.0;A2;BOM;B3;N;0;0.0
obs389;39;SP;SULDESTE;30;33.8;2017;>= 3 anos;48;20537.45;1.24;5330.0;1394.0;10;N;N;EF;694;;;;;N;4;0.0
obs5972;39;MA;NORDESTE;30;71.09;2021;0 Km;24;27912.9;0.4;4510.0;861.0;28;N;N;EF;733;3.0;A2;BOM;A1;N;0;0.0
obs8719;49;SP;SULDESTE;30;61.24;2021;0 Km;18;32215.15;0.0;4100.0;1886.0;0;N;N;EF;772;3.0;A2;BOM;A1;N;0;0.0
obs4351;61;PR;SUL;30;73.0;2021;0 Km;24;25137.88;0.0;4920.0;1435.0;0;N;N;EF;737;3.0;A4;BOM;A1;S;0;0.0
obs8129;67;PR;SUL;30;70.58;2022;0 Km;24;28290.55;0.0;8200.0;2009.0;0;N;N;EF;737;3.0;A4;BOM;A1;S;-1;0.0
obs3890;62;SP;SULDESTE;30;75.22;2021;0 Km;24;13095.51;0.25;4100.0;8364.0;13;N;N;EF;760;3.0;A4;BOM;A1;S;0;0.0
obs852;50;MA;NORDESTE;30;20.13;2021;0 Km;49;41235.23;1.27;3280.0;1025.0;39;N;N;EF;678;3.0;A2;BOM;B3;S;0;1.0
obs2675;42;SP;SULDESTE;30;43.38;2021;0 Km;36;49536.66;0.93;18860.0;3362.0;9;N;N;EF;733;3.0;A2;BOM;A1;S;0;0.0
obs374;35;RJ;SULDESTE;30;47.66;2013;>= 3 anos;48;14182.21;1.53;3034.0;779.0;14;N;N;EF;668;;;;;;8;0.0
obs2143;55;MT;CENTRO-OESTE;30;2.74;2021;0 Km;48;40748.85;1.24;8200.0;1312.0;14;N;N;EF;747;3.0;A4;BOM;C2;N;0;1.0
obs5710;73;SC;SUL;30;68.3;2021;0 Km;36;25570.45;0.67;4838.0;2419.0;17;N;N;EF;747;3.0;A2;BOM;A1;S;0;0.0
obs6739;72;AL;NORDESTE;30;24.77;2022;0 Km;49;61780.22;0.93;6150.0;1558.0;29;N;N;EF;683;3.0;A2;PESS;B3;S;-1;0.0
obs4615;49;SC;SUL;30;6.38;2016;>= 3 anos;60;35385.28;1.72;4100.0;1312.0;24;N;N;EF;662;;;;;S;5;0.0
obs1341;39;PE;NORDESTE;30;13.62;2022;0 Km;60;36706.21;1.39;3198.0;1722.0;29;N;N;EF;665;3.0;A2;RUIM;C3;S;-1;0.0
obs7253;33;SP;SULDESTE;30;23.16;2014;>= 3 anos;48;19212.61;1.89;3362.0;3198.0;18;N;N;EF;658;;;;;;7;0.0
obs4228;60;PA;NORTE;30;18.8;2022;0 Km;48;35226.3;1.52;4042.6;1271.0;26;N;N;EF;679;3.0;A2;BOM;C2;S;-1;0.0
obs7476;64;PE;NORDESTE;30;28.18;2022;0 Km;49;63737.65;0.83;5084.0;1886.0;35;N;N;EF;760;3.0;A2;BOM;B3;S;-1;0.0
obs4926;59;SP;SULDESTE;30;27.75;2022;0 Km;60;26714.45;1.11;2624.0;1271.0;24;N;N;EF;683;3.0;A4;RUIM;B3;S;-1;0.0
obs7121;35;SP;SULDESTE;30;94.72;2022;0 Km;18;6627.32;0.0;3280.0;1804.0;11;S;N;EF;691;1.0;A1;BOM;A1;N;-1;0.0
obs7192;30;PR;SUL;30;12.98;2021;0 Km;48;35986.31;1.26;4920.0;861.0;0;N;N;EF;695;3.0;A1;BOM;C2;;0;0.0
obs8255;68;RN;NORDESTE;30;48.74;2022;0 Km;49;40965.48;1.07;3280.0;1517.0;0;N;N;EF;728;2.0;A1;RUIM;A3;N;-1;0.0
obs9030;65;SP;SULDESTE;30;67.7;2022;0 Km;24;26274.92;0.36;8200.0;3362.0;14;N;N;EF;760;3.0;A4;BOM;A1;S;-1;0.0
obs4047;40;PA;NORTE;30;15.7;2021;0 Km;60;44877.67;1.66;4920.0;2501.0;0;N;N;EF;682;3.0;A2;BOM;C3;N;0;0.0
obs5624;48;MG;SULDESTE;30;63.0;2022;0 Km;24;33453.33;0.0;9840.0;4346.0;0;N;N;EF;772;3.0;A2;BOM;A1;S;-1;0.0
obs1865;37;RN;NORDESTE;30;0.0;2021;0 Km;36;41575.53;1.43;4756.0;1476.0;32;N;N;EF;733;2.0;A1;BOM;C1;S;0;0.0
obs6003;50;RO;NORTE;30;41.84;2021;0 Km;60;47156.74;1.07;6150.0;2583.0;18;N;N;EF;742;3.0;A2;BOM;A3;S;0;0.0
obs4666;43;MA;NORDESTE;30;10.01;2022;0 Km;60;49085.08;1.61;5740.0;4182.0;0;N;N;EF;695;3.0;A2;RUIM;C3;;-1;0.0
obs9323;76;BA;NORDESTE;30;31.93;2022;0 Km;48;51371.56;1.1;3280.0;8446.0;42;N;N;EF;747;3.0;A2;BOM;B2;N;-1;0.0
obs6597;41;SP;SULDESTE;30;8.44;2021;0 Km;60;59303.27;1.41;9840.0;2050.0;0;N;N;EF;754;1.0;A2;BOM;C3;;0;0.0
obs5349;71;BA;NORDESTE;30;45.36;2022;0 Km;48;17753.71;1.29;2460.0;1435.0;0;N;N;EF;764;3.0;A2;BOM;A2;N;-1;0.0
obs4731;44;RS;SUL;30;42.68;2022;0 Km;49;25329.38;1.05;4100.0;1886.0;17;N;N;EF;706;1.0;A4;RUIM;A3;S;-1;0.0
obs8135;63;PR;SUL;30;50.0;2018;>= 3 anos;48;16514.51;1.14;2378.0;1845.0;19;N;N;EF;654;;;;;S;3;0.0
obs7594;40;SP;SULDESTE;30;82.44;2022;0 Km;18;16558.27;0.99;4920.0;1312.0;21;N;N;EF;697;3.0;A2;BOM;A1;N;-1;0.0
obs1783;63;MT;CENTRO-OESTE;30;49.55;2021;0 Km;37;44480.36;0.87;6560.0;5945.0;0;N;N;EF;768;3.0;A2;BOM;A2;N;0;0.0
obs5829;70;PR;SUL;30;54.62;2021;0 Km;30;30418.67;0.11;4920.0;2173.0;21;N;N;EF;760;3.0;A4;BOM;A1;S;0;0.0
obs5890;46;RS;SUL;30;13.29;2022;0 Km;60;54945.54;1.24;7642.4;4223.0;17;N;N;EF;706;3.0;A4;BOM;C3;S;-1;0.0
obs8201;27;SP;SULDESTE;30;0.0;2016;>= 3 anos;48;39688.71;1.81;13366.0;3198.0;9;N;N;EF;678;;;;;;5;0.0
obs6893;60;MG;SULDESTE;30;55.05;2022;0 Km;48;39460.87;0.88;4510.0;1804.0;0;N;N;EF;709;3.0;A4;RUIM;A2;S;-1;0.0
obs5282;42;PE;NORDESTE;30;80.32;2021;0 Km;12;27912.36;0.0;12300.0;6560.0;19;S;N;EF;746;3.0;A2;BOM;A1;N;0;0.0
obs6670;39;PA;NORTE;30;26.32;2022;0 Km;49;69495.34;0.93;4756.0;5986.0;0;N;N;EF;682;3.0;A2;BOM;B3;N;-1;0.0
obs6078;45;SC;SUL;30;0.0;2017;>= 3 anos;60;46815.96;1.45;10660.0;5986.0;0;N;N;EF;678;;;;;S;4;0.0
obs1199;33;CE;NORDESTE;30;45.95;2017;>= 3 anos;36;34110.51;1.03;8200.0;4264.0;0;N;N;EF;714;;;;;;4;0.0
obs368;52;SP;SULDESTE;30;34.88;2021;0 Km;24;46601.94;1.1;5330.0;1886.0;0;N;N;EF;704;3.0;A4;BOM;B1;S;0;0.0
obs7573;43;RR;NORTE;30;78.59;2022;0 Km;48;13505.75;1.05;2460.0;0.0;14;N;N;EF;625;1.0;A0;BOM;A2;;-1;0.0
obs3354;41;CE;NORDESTE;30;0.0;2021;0 Km;60;61966.97;1.02;5740.0;2009.0;24;N;N;EF;746;1.0;A2;BOM;C3;;0;0.0
obs5548;35;MG;SULDESTE;30;42.31;2012;>= 3 anos;48;25980.01;1.07;8200.0;3280.0;8;N;N;EF;666;;;;;N;9;0.0
obs8023;68;SP;SULDESTE;30;64.69;2021;0 Km;24;32100.02;0.0;5740.0;3403.0;24;N;N;EF;720;3.0;A4;BOM;A1;S;0;0.0
obs6971;54;CE;NORDESTE;30;44.04;2017;>= 3 anos;36;18837.68;1.21;1640.0;2952.0;41;S;N;EF;688;;;;;N;4;0.0
obs7794;28;PI;NORDESTE;30;27.04;2022;0 Km;60;32217.53;1.5;2974.14;820.0;0;N;N;EF;699;1.0;A2;BOM;B3;;-1;1.0
obs4922;75;PE;NORDESTE;30;79.0;2022;0 Km;24;17866.04;0.0;14760.0;1968.0;5;N;N;EF;720;3.0;A2;BOM;A1;N;-1;0.0
obs8900;60;PR;SUL;30;61.72;2022;0 Km;30;28988.7;0.0;6560.0;5945.0;14;N;N;EF;720;3.0;A4;PESS;A1;S;-1;0.0
obs408;43;SP;SULDESTE;30;73.29;2021;0 Km;24;21648.82;0.0;5576.0;4387.0;16;N;N;EF;746;3.0;A2;BOM;A1;S;0;0.0
obs7994;67;PE;NORDESTE;30;35.34;2022;0 Km;49;52324.32;0.96;10660.0;1599.0;13;N;N;EF;696;3.0;A1;BOM;B3;N;-1;0.0
obs8558;48;AP;NORTE;30;0.0;2022;0 Km;60;47021.99;1.41;3280.0;1804.0;37;S;N;EF;691;1.0;A2;BOM;C3;;-1;0.0
obs772;61;MG;SULDESTE;30;63.0;2021;0 Km;24;31990.07;0.0;6560.0;8446.0;20;N;N;EF;760;3.0;A4;PESS;A1;S;0;0.0
obs4767;44;SP;SULDESTE;30;16.67;2021;0 Km;60;125288.27;1.66;12300.0;2583.0;26;N;N;EF;678;3.0;A1;BOM;C3;S;0;0.0
obs8503;31;PI;NORDESTE;30;24.15;2022;0 Km;49;61166.27;1.01;4087.87;615.0;0;N;N;EF;686;1.0;A4;BOM;B3;;-1;0.0
obs8467;36;MS;CENTRO-OESTE;30;29.93;2022;0 Km;49;37810.24;1.22;4837.18;1886.0;23;N;N;EF;669;3.0;A2;RUIM;B3;S;-1;0.0
obs8123;29;CE;NORDESTE;30;30.06;2022;0 Km;48;31951.68;1.44;8200.0;820.0;12;N;N;EF;697;3.0;A4;BOM;B2;N;-1;0.0
obs2712;52;MA;NORDESTE;30;0.0;2022;0 Km;60;40820.23;1.53;4100.0;1312.0;26;N;N;EF;702;3.0;A2;BOM;C3;S;-1;0.0
obs1712;28;SP;SULDESTE;30;48.23;2021;0 Km;36;19053.75;1.19;3690.0;1353.0;18;N;N;EF;697;1.0;A1;BOM;A1;;0;0.0
obs2257;30;MS;CENTRO-OESTE;30;65.09;2017;>= 3 anos;36;27347.92;0.98;4920.0;5863.0;18;N;N;EF;677;;;;;N;4;0.0
obs8167;35;DF;CENTRO-OESTE;30;24.51;2022;0 Km;48;46749.19;1.21;3895.0;1845.0;33;N;N;EF;693;3.0;A2;BOM;B2;S;-1;0.0
obs2104;29;RJ;SULDESTE;30;0.0;2021;0 Km;60;42409.68;1.5;6560.0;861.0;17;N;N;EF;693;1.0;A2;BOM;C3;;0;0.0
obs2476;84;BA;NORDESTE;30;36.2;2021;0 Km;36;30017.8;1.25;4920.0;1353.0;21;N;N;EF;696;1.0;A2;BOM;B1;;0;0.0
obs4501;71;SP;SULDESTE;30;69.05;2022;0 Km;36;13809.31;0.67;3280.0;1599.0;13;N;N;EF;747;3.0;A4;BOM;A1;N;-1;0.0
obs323;37;SP;SULDESTE;30;30.18;2021;0 Km;49;62138.71;1.19;4920.0;820.0;39;S;N;EF;733;3.0;A1;BOM;B3;S;0;0.0
obs1877;64;DF;CENTRO-OESTE;30;84.83;2021;0 Km;36;8623.7;0.79;6560.0;5412.0;4;N;N;EF;751;3.0;A4;BOM;A1;N;0;0.0
obs1087;40;GO;CENTRO-OESTE;30;0.0;2021;0 Km;48;46199.61;1.53;5740.0;861.0;23;N;N;EF;697;1.0;A2;BOM;C2;S;0;0.0
obs8249;31;DF;CENTRO-OESTE;30;14.13;2022;0 Km;60;37938.47;1.46;2870.0;1312.0;34;N;N;EF;691;1.0;A1;BOM;C3;;-1;0.0
obs4024;46;PE;NORDESTE;30;29.15;2022;0 Km;49;38197.43;1.05;6560.0;6068.0;16;N;N;EF;700;1.0;A2;RUIM;B3;;-1;0.0
obs5516;55;SC;SUL;30;59.61;2021;0 Km;60;29804.28;1.07;2255.0;1886.0;31;N;N;EF;751;3.0;A2;BOM;A3;S;0;0.0
obs6016;76;BA;NORDESTE;30;72.87;2022;0 Km;36;16514.48;1.0;7618.62;2911.0;7;N;N;EF;673;1.0;A2;RUIM;A1;;-1;0.0
obs3259;44;RS;SUL;30;35.41;2021;0 Km;60;39704.73;1.02;5822.0;6273.0;15;N;N;EF;742;3.0;A4;BOM;B3;S;0;0.0
obs5587;50;MS;CENTRO-OESTE;30;35.71;2021;0 Km;36;56185.0;1.04;9840.0;1353.0;20;N;N;EF;702;3.0;A2;RUIM;B1;S;0;0.0
obs1747;64;PR;SUL;30;76.64;2021;0 Km;24;21774.94;0.0;9840.0;5904.0;9;N;N;EF;639;3.0;A4;BOM;A1;S;0;0.0
obs8736;35;RJ;SULDESTE;30;52.93;2022;0 Km;60;20912.68;0.92;8200.0;4387.0;5;N;N;EF;697;3.0;A2;BOM;A3;N;-1;0.0
obs6376;62;AL;NORDESTE;30;0.0;2022;0 Km;60;53612.73;1.39;4100.0;902.0;33;N;N;EF;707;3.0;A4;BOM;C3;;-1;0.0
obs3900;61;SP;SULDESTE;30;61.81;2021;0 Km;49;34126.88;0.93;3690.0;3280.0;26;N;N;EF;683;3.0;A4;RUIM;A3;S;0;0.0
obs3899;60;DF;CENTRO-OESTE;30;21.97;2022;0 Km;60;36709.24;1.51;12300.0;15744.0;7;N;N;EF;679;2.0;A2;RUIM;B3;N;-1;0.0
obs3495;29;BA;NORDESTE;30;46.04;2022;0 Km;48;25074.11;1.16;5330.0;1312.0;13;N;N;EF;678;1.0;A1;RUIM;A2;;-1;0.0
obs5197;50;RJ;SULDESTE;30;73.04;2021;0 Km;24;20915.17;0.0;4920.0;6027.0;0;S;N;EF;772;2.0;A4;RUIM;A1;S;0;0.0
obs8629;48;PE;NORDESTE;30;52.25;2022;0 Km;36;44156.29;0.83;8200.0;2501.0;18;N;N;EF;702;3.0;A2;BOM;A1;N;-1;0.0
obs1206;68;SC;SUL;30;53.34;2021;0 Km;24;19361.23;0.87;3280.0;2501.0;28;N;N;EF;751;3.0;A4;BOM;A1;S;0;0.0
obs8906;55;TO;NORTE;30;42.27;2022;0 Km;36;34995.71;1.32;3690.0;1804.0;0;N;N;EF;709;3.0;A2;RUIM;A1;N;-1;0.0
obs1723;23;MG;SULDESTE;30;0.0;2022;0 Km;60;44706.47;1.44;4510.0;820.0;24;N;N;EF;698;1.0;A2;BOM;C3;;-1;0.0
obs6931;52;SP;SULDESTE;30;61.1;2021;0 Km;18;31958.92;0.0;12300.0;6109.0;15;N;N;EF;755;2.0;A4;BOM;A1;N;0;0.0
obs8175;53;GO;CENTRO-OESTE;30;51.45;2022;0 Km;48;22775.5;1.04;2296.0;984.0;26;N;N;EF;663;3.0;A1;RUIM;A2;N;-1;0.0
obs4782;61;SP;SULDESTE;30;72.37;2021;0 Km;24;17619.34;0.0;5330.0;1886.0;0;N;N;EF;705;3.0;A4;RUIM;A1;S;0;0.0
obs3286;42;SP;SULDESTE;30;29.75;2022;0 Km;37;47132.98;0.74;6970.0;2542.0;0;N;N;EF;723;3.0;A2;RUIM;B2;S;-1;0.0
obs1016;30;AM;NORTE;30;37.86;2021;0 Km;49;28931.58;1.16;4920.0;1394.0;18;N;N;EF;669;1.0;A2;BOM;B3;S;0;0.0
obs7609;62;SP;SULDESTE;30;65.74;2013;>= 3 anos;24;9252.61;1.06;2870.0;1845.0;16;N;N;EF;653;;;;;S;8;0.0
obs5656;66;SC;SUL;30;27.78;2022;0 Km;60;24570.05;1.31;1804.0;1394.0;34;N;N;EF;668;1.0;A2;RUIM;B3;;-1;0.0
obs6458;22;DF;CENTRO-OESTE;30;11.09;2022;0 Km;60;41087.67;1.51;4920.0;1886.0;21;N;N;EF;685;1.0;A1;BOM;C3;S;-1;0.0
obs8917;56;PR;SUL;30;10.2;2021;2 anos;60;37721.01;1.61;4091.8;1927.0;25;N;N;EF;660;;;;;S;0;0.0
obs9086;45;PR;SUL;60;7.5;2013;>= 3 anos;48;31247.84;2.3;3280.0;1845.0;33;N;N;EF;685;;;;;S;8;0.0
obs4758;65;MG;SULDESTE;30;8.05;2022;0 Km;60;39625.3;1.55;7380.0;3034.0;0;N;N;EF;711;1.0;A2;RUIM;C3;S;-1;0.0
obs3270;46;SP;SULDESTE;30;4.09;2022;0 Km;60;41275.67;1.28;4100.0;4223.0;25;N;N;EF;742;3.0;A4;BOM;C3;S;-1;0.0
obs7801;42;SP;SULDESTE;30;0.0;2022;0 Km;60;43699.27;1.38;4100.0;1845.0;26;S;N;EF;733;3.0;A2;BOM;C3;S;-1;0.0
obs7443;76;DF;CENTRO-OESTE;30;38.29;2022;0 Km;36;34444.17;0.8;5740.0;1845.0;19;N;N;EF;751;3.0;A2;BOM;B1;S;-1;0.0
obs6734;63;SP;SULDESTE;30;31.4;2021;0 Km;60;60291.59;0.92;4838.0;1886.0;0;N;N;EF;768;3.0;A4;BOM;B3;S;0;0.0
obs3641;68;RS;SUL;30;15.33;2022;0 Km;60;38893.31;1.28;3936.0;1025.0;24;N;N;EF;707;1.0;A2;BOM;C3;;-1;0.0
obs2550;56;SC;SUL;30;60.37;2021;0 Km;36;16639.65;1.05;4100.0;3075.0;0;N;N;EF;764;3.0;A4;BOM;A1;S;0;0.0
obs6890;53;RR;NORTE;30;50.9;2022;0 Km;48;23300.29;1.05;4100.0;492.0;15;N;N;EF;674;2.0;A2;RUIM;A2;S;-1;0.0
obs6440;64;RS;SUL;30;3.0;2022;0 Km;60;41685.9;1.67;4510.0;1107.0;25;N;S;EF;692;3.0;A4;RUIM;C3;S;-1;0.0
obs9432;65;MT;CENTRO-OESTE;30;7.09;2022;0 Km;48;40896.59;1.64;12300.0;1558.0;10;N;N;EF;692;3.0;A2;BOM;C2;N;-1;0.0
obs4540;55;SC;SUL;30;21.55;2022;0 Km;48;43148.31;1.0;4920.0;1927.0;24;N;N;EF;747;1.0;A4;BOM;B2;;-1;0.0
obs6842;57;RS;SUL;30;54.95;2021;0 Km;24;34834.54;0.88;4100.0;3362.0;39;N;N;EF;705;3.0;A4;RUIM;A1;N;0;0.0
obs6275;78;BA;NORDESTE;30;58.5;2022;0 Km;12;24866.14;0.0;6560.0;1886.0;31;N;N;EF;760;3.0;A2;BOM;A1;S;-1;0.0
obs6889;68;SE;NORDESTE;30;30.61;2022;0 Km;49;28984.94;1.16;3280.0;5986.0;27;N;N;EF;711;3.0;A2;BOM;B3;N;-1;0.0
obs2306;68;RS;SUL;30;82.78;2021;0 Km;24;15478.18;0.0;4182.0;8364.0;15;N;N;EF;760;3.0;A4;BOM;A1;S;0;0.0
obs8800;71;RS;SUL;30;64.58;2022;0 Km;24;33645.05;0.0;12300.0;12341.0;11;N;N;EF;720;3.0;A4;BOM;A1;S;-1;0.0
obs8078;61;PE;NORDESTE;30;61.27;2021;0 Km;18;58105.27;0.0;12300.0;4510.0;26;S;N;EF;760;3.0;A2;BOM;A1;N;0;0.0
obs5443;76;CE;NORDESTE;30;57.62;2022;0 Km;48;27527.88;0.95;4100.0;1886.0;17;N;N;EF;747;3.0;A2;BOM;A2;S;-1;0.0
obs7445;42;SC;SUL;30;63.72;2022;0 Km;24;16713.52;0.77;6560.0;2706.0;12;N;N;EF;678;1.0;A4;BOM;A1;S;-1;0.0
obs2784;29;PE;NORDESTE;30;30.05;2022;0 Km;49;36976.5;1.05;4920.0;861.0;21;N;N;EF;691;2.0;A2;BOM;B3;N;-1;0.0
obs1306;38;SP;SULDESTE;30;63.0;2021;0 Km;18;27198.87;0.0;13940.0;8569.0;10;N;N;EF;746;3.0;A2;BOM;A1;S;0;0.0
obs7371;34;RR;NORTE;30;28.84;2021;0 Km;49;72335.03;0.83;4920.0;2501.0;41;N;N;EF;706;3.0;A1;BOM;B3;S;0;0.0
obs2775;34;MG;SULDESTE;30;61.0;2021;0 Km;18;34058.86;0.0;6560.0;1886.0;30;N;N;EF;746;3.0;A1;BOM;A1;S;0;0.0
obs6708;61;SP;SULDESTE;30;70.45;2022;0 Km;12;18196.12;0.0;4920.0;1353.0;0;N;N;EF;777;2.0;A4;BOM;A1;N;-1;0.0
obs5719;45;MS;CENTRO-OESTE;30;0.0;2018;>= 3 anos;36;13474.54;1.68;9840.0;8446.0;5;N;N;EF;683;;;;;S;3;0.0
obs8747;44;PR;SUL;30;76.44;2017;>= 3 anos;60;18216.01;1.07;2706.0;2009.0;15;S;N;EF;714;;;;;;4;0.0
obs9341;45;SP;SULDESTE;30;44.45;2022;0 Km;37;42293.09;0.8;6970.0;6150.0;20;N;N;EF;755;3.0;A2;PESS;A2;S;-1;0.0
obs9555;43;RJ;SULDESTE;30;43.67;2016;>= 3 anos;36;10954.34;1.04;6560.0;6150.0;5;N;N;EF;685;;;;;S;5;0.0
obs4550;70;SP;SULDESTE;30;0.0;2015;>= 3 anos;48;33572.44;1.41;3690.0;1558.0;26;N;S;EF;679;;;;;S;6;0.0
obs113;68;RS;SUL;30;38.7;2021;0 Km;60;53301.28;1.12;4756.0;1189.0;26;N;N;EF;747;3.0;A4;BOM;B3;S;0;0.0
obs6163;43;AM;NORTE;30;40.79;2021;0 Km;60;61222.73;1.39;7216.0;1353.0;0;N;N;EF;671;2.0;A2;BOM;A3;N;0;0.0
obs3541;26;DF;CENTRO-OESTE;30;24.07;2021;0 Km;60;32872.92;1.3;3116.0;779.0;25;S;N;EF;725;1.0;A2;BOM;B3;;0;0.0
obs807;41;SC;SUL;30;26.67;2016;>= 3 anos;48;28478.34;1.74;2870.0;2501.0;0;N;N;EF;663;;;;;S;5;0.0
obs3009;48;SP;SULDESTE;30;31.72;2022;0 Km;49;30828.46;1.16;10250.0;2624.0;8;N;N;EF;706;3.0;A1;RUIM;B3;S;-1;0.0
obs9090;39;BA;NORDESTE;30;63.59;2022;0 Km;24;29326.21;0.0;4920.0;1353.0;0;N;N;EF;723;3.0;A2;BOM;A1;N;-1;0.0
obs1745;33;SC;SUL;30;24.74;2021;0 Km;49;42306.48;1.16;3444.0;1271.0;37;N;N;EF;669;1.0;A1;BOM;B3;;0;0.0
obs9338;36;RS;SUL;30;37.22;2022;0 Km;49;56876.75;1.01;8200.0;1927.0;19;N;N;EF;669;3.0;A4;BOM;B3;S;-1;0.0
obs1092;62;RJ;SULDESTE;30;20.58;2021;0 Km;60;36535.06;1.58;4920.0;1845.0;19;N;N;EF;681;3.0;A4;RUIM;B3;S;0;0.0
obs2562;39;PR;SUL;30;39.14;2021;0 Km;48;31483.58;0.99;4100.0;1107.0;21;N;N;EF;697;3.0;A2;BOM;B2;N;0;0.0
obs866;74;RS;SUL;30;62.02;2021;0 Km;36;38364.6;0.93;7790.0;0.0;0;N;N;EF;643;3.0;A0;BOM;A1;S;0;0.0
obs2999;50;PR;SUL;30;37.17;2014;>= 3 anos;36;15299.28;1.18;4510.0;1312.0;12;N;N;EF;685;;;;;S;7;0.0
obs3902;40;SP;SULDESTE;30;55.27;2021;0 Km;36;27655.37;0.67;5740.0;4387.0;15;N;N;EF;733;3.0;A2;BOM;A1;S;0;0.0
obs2461;39;SP;SULDESTE;30;64.44;2020;2 anos;24;17982.3;1.2;4920.0;1353.0;17;N;N;EF;642;;;;;S;1;0.0
obs5127;72;RJ;SULDESTE;30;17.4;2022;0 Km;60;38057.99;1.08;7380.0;2460.0;12;N;N;EF;711;3.0;A2;BOM;C3;S;-1;0.0
obs876;48;RJ;SULDESTE;30;41.46;2021;0 Km;36;29959.8;0.96;3690.0;1394.0;0;N;N;EF;684;1.0;A4;BOM;A1;;0;0.0
obs706;75;PA;NORTE;30;0.0;2013;>= 3 anos;48;25203.22;2.21;4920.0;2952.0;17;N;N;EF;665;;;;;S;8;0.0
obs8960;46;SP;SULDESTE;30;61.15;2022;0 Km;37;16490.88;1.18;3690.0;1968.0;16;N;N;EF;755;2.0;A2;BOM;A2;S;-1;0.0
obs1126;59;MA;NORDESTE;30;58.85;2021;0 Km;37;17752.87;1.13;2624.0;1066.0;25;S;N;EF;656;1.0;A1;RUIM;A2;;0;0.0
obs3876;56;PR;SUL;30;28.78;2022;0 Km;49;36140.58;1.1;8200.0;15949.0;13;N;N;EF;711;2.0;A2;BOM;B3;S;-1;0.0
obs7099;37;SP;SULDESTE;30;7.75;2022;0 Km;48;86585.37;1.37;7380.0;1845.0;35;N;N;EF;733;3.0;A2;BOM;C2;S;-1;0.0
obs1407;34;RN;NORDESTE;30;35.7;2021;0 Km;49;57140.52;1.19;8200.0;1886.0;0;N;N;EF;695;3.0;A2;RUIM;B3;S;0;0.0
obs4132;34;MA;NORDESTE;30;35.36;2022;0 Km;48;27549.36;1.0;3280.0;1066.0;22;N;N;EF;746;3.0;A2;BOM;B2;S;-1;0.0
obs8085;34;CE;NORDESTE;30;28.25;2022;0 Km;49;53372.44;1.22;5740.0;861.0;29;N;N;EF;737;2.0;A2;BOM;B3;S;-1;0.0
obs2633;44;MT;CENTRO-OESTE;30;52.02;2022;0 Km;24;22138.59;0.77;8200.0;11849.0;12;N;N;EF;733;3.0;A4;BOM;A1;S;-1;0.0
obs2673;62;RJ;SULDESTE;30;39.03;2021;0 Km;37;52525.72;0.74;12300.0;2706.0;14;N;N;EF;692;3.0;A4;PESS;B2;S;0;0.0
obs5114;51;CE;NORDESTE;30;16.77;2022;0 Km;60;38342.68;1.23;2952.0;1312.0;32;N;N;EF;702;3.0;A4;BOM;C3;N;-1;0.0
obs7983;26;SC;SUL;30;76.67;2014;>= 3 anos;48;12703.79;1.22;3280.0;984.0;11;N;N;EF;651;;;;;N;7;0.0
obs7659;39;SP;SULDESTE;30;10.8;2019;2 anos;48;35298.01;1.48;3690.0;3239.0;29;N;S;EF;657;;;;;S;2;0.0
obs2344;56;PR;SUL;30;40.35;2021;0 Km;48;37348.34;0.99;4100.0;1927.0;25;S;N;EF;711;2.0;A2;BOM;A2;S;0;0.0
obs5002;59;DF;CENTRO-OESTE;30;16.28;2020;2 anos;36;31115.87;1.28;7380.0;2337.0;14;N;N;EF;684;;;;;S;1;0.0
obs8408;32;BA;NORDESTE;30;32.14;2022;0 Km;49;36036.6;1.1;3690.0;1312.0;0;N;N;EF;746;2.0;A2;BOM;B3;S;-1;0.0
obs8131;51;SP;SULDESTE;30;25.81;2017;>= 3 anos;60;32052.71;1.39;4100.0;1312.0;20;S;N;EF;662;;;;;N;4;0.0
obs4672;27;MA;NORDESTE;30;16.79;2021;0 Km;60;36012.04;1.23;3993.4;1066.0;22;N;N;EF;685;1.0;A1;BOM;C3;;0;0.0
obs8614;70;AM;NORTE;30;36.51;2022;0 Km;49;27623.5;1.22;27060.0;15785.0;3;N;N;EF;664;3.0;A1;PESS;B3;S;-1;0.0
obs3433;59;PR;SUL;30;20.29;2018;>= 3 anos;48;33559.28;1.61;4100.0;2624.0;25;N;N;EF;665;;;;;;3;0.0
obs9132;53;PI;NORDESTE;30;8.47;2022;0 Km;60;50184.57;1.19;9840.0;15990.0;12;N;N;EF;746;3.0;A1;BOM;C3;N;-1;0.0
obs1234;59;SP;SULDESTE;30;20.5;2021;0 Km;24;32975.67;0.85;6560.0;11726.0;24;N;N;EF;760;3.0;A4;RUIM;B1;N;0;0.0
obs1036;78;MG;SULDESTE;30;76.85;2021;0 Km;12;11336.53;0.0;1722.0;2624.0;55;N;N;EF;720;2.0;A4;BOM;A1;S;0;0.0
obs2704;30;PB;NORDESTE;30;66.76;2021;0 Km;36;14803.06;0.72;2050.0;779.0;24;N;N;EF;733;1.0;A2;BOM;A1;;0;0.0
obs5258;53;SP;SULDESTE;30;66.47;2021;0 Km;18;30190.19;0.0;12300.0;11808.0;13;N;N;EF;715;3.0;A4;BOM;A1;N;0;0.0
obs318;63;PA;NORTE;30;39.51;2021;0 Km;48;39015.59;0.93;3936.0;1312.0;27;N;N;EF;696;3.0;A2;BOM;B2;S;0;0.0
obs835;38;RS;SUL;30;57.3;2014;>= 3 anos;36;17314.14;1.3;2870.0;861.0;22;N;N;EF;653;;;;;S;7;0.0
obs6469;38;BA;NORDESTE;30;80.85;2022;0 Km;24;8276.44;0.25;3772.0;2665.0;9;N;N;EF;737;2.0;A2;BOM;A1;S;-1;0.0
obs2356;33;GO;CENTRO-OESTE;30;33.2;2022;0 Km;37;29220.09;1.0;7380.0;3198.0;0;N;N;EF;723;2.0;A1;BOM;B2;S;-1;0.0
obs4425;45;SP;SULDESTE;30;26.61;2022;0 Km;37;55324.25;0.74;4510.0;1435.0;40;N;N;EF;700;3.0;A4;BOM;B2;S;-1;0.0
obs6006;59;SC;SUL;30;37.02;2022;0 Km;60;40366.96;1.07;3198.0;2665.0;29;N;N;EF;747;3.0;A2;BOM;B3;N;-1;0.0
obs975;52;SP;SULDESTE;30;41.99;2019;2 anos;48;25587.01;1.33;4264.0;4387.0;17;N;N;EF;657;;;;;S;2;0.0
obs8182;57;RJ;SULDESTE;30;32.34;2022;0 Km;36;38874.42;1.04;8200.0;1886.0;0;N;N;EF;764;3.0;A4;BOM;B1;S;-1;0.0
obs3492;40;PE;NORDESTE;30;81.84;2022;0 Km;18;13155.09;0.15;8200.0;9758.0;9;N;N;EF;746;3.0;A2;BOM;A1;N;-1;0.0
obs8393;32;AP;NORTE;30;17.52;2021;0 Km;60;58846.17;1.46;20500.0;1353.0;7;N;N;EF;746;1.0;A1;BOM;C3;S;0;0.0
obs1521;65;SP;SULDESTE;30;81.7;2021;0 Km;12;9088.27;0.0;3280.0;1230.0;23;N;N;EF;639;3.0;A4;BOM;A1;S;0;0.0
obs1656;28;SP;SULDESTE;30;31.79;2021;0 Km;48;54215.37;1.2;12300.0;1804.0;0;N;N;EF;708;2.0;A1;RUIM;B2;N;0;0.0
obs6061;35;DF;CENTRO-OESTE;30;28.09;2022;0 Km;49;58578.91;0.83;4100.0;1394.0;38;N;N;EF;706;2.0;A2;BOM;B3;S;-1;0.0
obs4056;81;RS;SUL;30;22.63;2021;0 Km;48;32013.44;1.16;5330.0;1927.0;16;N;N;EF;707;3.0;A4;RUIM;B2;;0;0.0
obs2674;68;RJ;SULDESTE;30;72.09;2021;0 Km;24;26533.44;0.0;8200.0;8487.0;14;N;N;EF;760;2.0;A4;BOM;A1;S;0;0.0
obs3105;57;PE;NORDESTE;30;39.85;2019;2 anos;48;24238.78;1.2;2460.0;1886.0;0;N;N;EF;685;;;;;N;2;0.0
obs4634;65;MS;CENTRO-OESTE;30;15.81;2022;0 Km;48;36404.89;1.21;3280.0;2624.0;30;N;N;EF;711;2.0;A2;BOM;C2;S;-1;0.0
obs5440;47;SP;SULDESTE;30;0.0;2022;0 Km;60;45917.86;1.34;4911.8;3321.0;23;N;N;EF;746;2.0;A4;BOM;C3;S;-1;0.0
obs7234;64;SP;SULDESTE;30;51.73;2022;0 Km;60;25684.66;0.97;3772.0;5986.0;15;N;N;EF;747;3.0;A4;BOM;A3;S;-1;0.0
obs3737;54;RN;NORDESTE;30;37.78;2021;0 Km;60;55347.72;1.5;5330.0;1886.0;27;N;N;EF;660;1.0;A1;RUIM;B3;S;0;0.0
obs5086;50;DF;CENTRO-OESTE;30;12.5;2015;>= 3 anos;48;29631.0;1.59;6150.0;4387.0;14;N;N;EF;662;;;;;S;6;0.0
obs4521;42;CE;NORDESTE;30;83.5;2018;>= 3 anos;18;9127.51;1.13;2378.0;861.0;24;N;N;EF;681;;;;;S;3;0.0
obs4361;69;BA;NORDESTE;30;64.82;2021;0 Km;36;29590.14;1.1;7380.0;8528.0;14;N;N;EF;747;3.0;A2;BOM;A1;S;0;0.0
obs840;53;RS;SUL;30;30.31;2021;0 Km;49;63767.58;0.93;3280.0;1845.0;0;N;N;EF;695;2.0;A4;RUIM;B3;;0;0.0
obs2896;45;SP;SULDESTE;30;0.0;2016;>= 3 anos;36;26765.61;1.03;3690.0;2009.0;24;N;N;EF;716;;;;;S;5;0.0
obs6263;45;RJ;SULDESTE;30;54.94;2021;0 Km;48;22157.68;0.88;14760.0;10660.0;4;N;N;EF;742;3.0;A4;BOM;A2;S;0;0.0
obs6279;34;RS;SUL;30;9.32;2022;0 Km;60;40510.91;1.12;3690.0;1312.0;26;N;N;EF;733;3.0;A1;BOM;C3;S;-1;0.0
obs2064;50;MG;SULDESTE;30;20.95;2021;0 Km;48;31964.31;1.2;5740.0;1681.0;15;N;N;EF;700;3.0;A4;RUIM;B2;S;0;0.0
obs8751;58;AM;NORTE;30;28.04;2021;0 Km;49;64234.8;1.25;13940.0;2132.0;14;N;N;EF;747;1.0;A2;BOM;B3;;0;0.0
obs1602;41;ES;SULDESTE;30;37.56;2021;0 Km;37;56152.48;1.05;5330.0;2091.0;39;N;N;EF;737;3.0;A2;BOM;B2;N;0;0.0
obs5334;50;ES;SULDESTE;30;43.77;2018;>= 3 anos;48;25283.12;1.02;4920.0;6068.0;14;N;N;EF;698;;;;;S;3;0.0
obs5079;60;SP;SULDESTE;30;73.0;2021;0 Km;24;22498.58;0.0;5740.0;4346.0;17;N;N;EF;760;2.0;A4;BOM;A1;N;0;0.0
obs816;71;CE;NORDESTE;30;80.54;2021;0 Km;24;16100.34;0.0;12300.0;2419.0;5;N;N;EF;760;3.0;A4;BOM;A1;N;0;0.0
obs8014;49;MG;SULDESTE;30;63.68;2021;0 Km;18;30180.64;0.0;4920.0;3403.0;35;N;N;EF;755;3.0;A2;BOM;A1;S;0;0.0
obs3214;75;SE;NORDESTE;30;13.28;2022;0 Km;60;28060.12;1.28;856.9;820.0;78;N;N;EF;696;1.0;A1;BOM;C3;;-1;0.0
obs7503;20;RS;SUL;30;28.24;2022;0 Km;49;53525.64;0.93;4920.0;1476.0;0;N;N;EF;674;1.0;A2;BOM;B3;N;-1;0.0
obs6896;66;MT;CENTRO-OESTE;30;30.24;2022;0 Km;49;55777.16;1.04;6560.0;1886.0;23;S;N;EF;711;2.0;A4;RUIM;B3;S;-1;0.0
obs6040;50;GO;CENTRO-OESTE;30;17.34;2021;0 Km;60;50039.92;1.54;3936.0;2542.0;34;N;N;EF;678;3.0;A2;BOM;C3;S;0;0.0
obs1509;70;SP;SULDESTE;30;51.07;2021;0 Km;49;20275.01;1.05;4100.0;1722.0;14;N;N;EF;760;3.0;A4;BOM;A3;S;0;0.0
obs8469;42;SP;SULDESTE;30;38.88;2022;0 Km;49;26905.72;1.22;3936.0;2665.0;21;N;N;EF;737;3.0;A4;RUIM;B3;S;-1;0.0
obs1161;59;AL;NORDESTE;30;72.0;2021;0 Km;24;25264.37;0.0;22140.0;8405.0;0;N;N;EF;777;3.0;A2;BOM;A1;S;0;0.0
obs5089;62;MA;NORDESTE;30;22.75;2022;0 Km;60;43227.23;1.51;4018.0;779.0;28;N;N;EF;679;1.0;A2;RUIM;B3;;-1;0.0
obs8464;50;RJ;SULDESTE;30;11.9;2015;>= 3 anos;48;31620.51;1.66;2788.0;4305.0;34;N;N;EF;685;;;;;S;6;0.0
obs9441;47;SP;SULDESTE;30;57.09;2022;0 Km;36;32842.71;1.13;6560.0;11726.0;0;N;N;EF;763;3.0;A4;BOM;A1;S;-1;0.0
obs594;63;MG;SULDESTE;30;12.4;2021;0 Km;60;44980.4;1.71;4920.0;1312.0;24;N;N;EF;679;3.0;A2;RUIM;C3;N;0;0.0
obs8291;51;DF;CENTRO-OESTE;30;51.28;2022;0 Km;49;35026.83;1.21;2870.0;1599.0;36;N;N;EF;676;3.0;A2;PESS;A3;S;-1;0.0
obs9705;51;BA;NORDESTE;30;36.83;2022;0 Km;48;51808.97;1.27;8200.0;1394.0;0;N;N;EF;687;1.0;A4;BOM;B2;N;-1;0.0
obs5218;71;RJ;SULDESTE;30;47.99;2022;0 Km;36;23147.04;0.83;8200.0;16113.0;9;N;N;EF;760;3.0;A4;BOM;A1;S;-1;0.0
obs6487;30;DF;CENTRO-OESTE;30;27.44;2021;0 Km;37;64783.34;1.34;8200.0;1394.0;29;N;N;EF;658;3.0;A1;BOM;B2;N;0;1.0
obs5264;46;ES;SULDESTE;30;75.11;2022;0 Km;24;21189.56;0.0;3772.0;2583.0;24;N;N;EF;687;3.0;A4;BOM;A1;N;-1;0.0
obs3512;68;PE;NORDESTE;30;83.74;2022;0 Km;12;8715.83;0.58;4100.0;6109.0;19;N;N;EF;747;3.0;A2;BOM;A1;S;-1;0.0
obs8586;35;SP;SULDESTE;30;5.2;2022;0 Km;60;70421.79;1.13;6150.0;2583.0;26;N;N;EF;737;3.0;A2;BOM;C3;S;-1;0.0
obs8975;30;SP;SULDESTE;30;14.89;2022;0 Km;60;48248.05;1.25;3690.0;1804.0;32;N;N;EF;706;3.0;A1;BOM;C3;S;-1;0.0
obs7900;55;PR;SUL;30;53.85;2017;>= 3 anos;24;21121.01;0.95;2870.0;943.0;36;N;N;EF;694;;;;;S;4;0.0
obs634;47;SP;SULDESTE;30;1.67;2021;0 Km;48;40963.75;0.99;4100.0;3280.0;0;N;N;EF;772;3.0;A2;BOM;C2;S;0;0.0
obs855;66;RJ;SULDESTE;30;28.0;2021;0 Km;49;29470.81;1.16;9020.0;6027.0;10;N;N;EF;711;1.0;A4;RUIM;B3;;0;0.0
obs6414;55;MG;SULDESTE;30;30.78;2022;0 Km;60;56818.66;0.88;10660.0;2624.0;0;N;N;EF;777;3.0;A4;RUIM;B3;N;-1;0.0
obs996;78;SP;SULDESTE;30;10.63;2019;2 anos;60;28956.81;1.68;3280.0;1517.0;0;N;N;EF;674;;;;;;2;0.0
obs3948;66;PA;NORTE;30;29.03;2021;0 Km;49;67368.88;1.19;14760.0;8323.0;14;N;N;EF;707;3.0;A2;RUIM;B3;S;0;0.0
obs6232;38;PE;NORDESTE;30;20.23;2022;0 Km;60;36281.25;1.24;3116.0;1312.0;28;N;N;EF;697;2.0;A2;BOM;B3;S;-1;0.0
obs7874;49;BA;NORDESTE;30;29.64;2021;0 Km;49;61972.73;0.88;13120.0;8364.0;13;N;N;EF;678;3.0;A1;BOM;B3;S;0;0.0
obs8877;34;PE;NORDESTE;30;22.29;2022;0 Km;49;34356.48;1.22;3280.0;1353.0;32;S;N;EF;697;3.0;A2;BOM;B3;S;-1;0.0
obs2469;73;PE;NORDESTE;30;27.15;2021;0 Km;60;33673.6;1.56;2870.0;5945.0;31;N;N;EF;692;3.0;A2;PESS;B3;S;0;0.0
obs1250;37;PB;NORDESTE;30;50.44;2021;0 Km;24;74163.83;0.85;8200.0;1845.0;44;N;N;EF;706;2.0;A2;BOM;A1;S;0;0.0
obs169;48;PA;NORTE;30;34.39;2021;0 Km;49;59203.34;0.93;5740.0;1804.0;30;N;N;EF;706;2.0;A1;BOM;B3;N;0;0.0
obs5206;39;PR;SUL;30;33.17;2022;0 Km;49;55877.15;1.16;6478.0;5945.0;26;N;N;EF;697;3.0;A2;BOM;B3;S;-1;0.0
obs2573;33;SP;SULDESTE;30;12.4;2021;0 Km;60;38578.17;1.62;5330.0;1845.0;18;N;N;EF;678;3.0;A1;BOM;C3;N;0;0.0
obs3759;33;RJ;SULDESTE;30;28.65;2017;>= 3 anos;48;21577.51;1.61;3690.0;1312.0;17;N;N;EF;712;;;;;;4;0.0
obs8161;71;SP;SULDESTE;30;42.22;2015;>= 3 anos;36;19212.61;1.07;4100.0;1148.0;16;N;N;EF;690;;;;;S;6;0.0
obs5898;42;PR;SUL;30;20.01;2021;0 Km;48;69967.34;1.1;7380.0;1394.0;26;N;N;EF;737;1.0;A2;BOM;B2;;0;0.0
obs1173;77;RJ;SULDESTE;30;30.31;2021;0 Km;36;32138.58;1.3;4100.0;3526.0;27;N;N;EF;747;1.0;A4;BOM;B1;N;0;0.0
obs2327;29;SC;SUL;30;16.82;2021;0 Km;60;46658.26;1.46;4059.0;1025.0;30;N;N;EF;669;3.0;A1;BOM;C3;S;0;1.0
obs7302;44;MA;NORDESTE;30;28.32;2022;0 Km;60;31530.04;1.12;4100.0;1025.0;18;N;N;EF;733;2.0;A2;BOM;B3;N;-1;0.0
obs8999;46;PA;NORTE;30;62.78;2016;>= 3 anos;24;14993.39;1.6;2460.0;1189.0;32;N;N;EF;662;;;;;N;5;0.0
obs1328;56;MG;SULDESTE;30;17.92;2021;0 Km;60;42166.67;1.32;12300.0;15908.0;8;N;N;EF;705;3.0;A2;RUIM;C3;S;0;0.0
obs3255;35;MG;SULDESTE;30;40.75;2021;0 Km;37;55147.04;0.98;6396.0;2624.0;0;N;N;EF;723;2.0;A2;PESS;A2;N;0;0.0
obs6799;36;SE;NORDESTE;30;56.27;2022;0 Km;48;19645.01;0.95;3280.0;1271.0;15;N;N;EF;693;3.0;A2;RUIM;A2;S;-1;0.0
obs117;66;SC;SUL;30;66.51;2021;0 Km;60;15802.88;0.97;2050.0;2583.0;17;N;N;EF;711;3.0;A4;BOM;A3;S;0;0.0
obs3981;61;MG;SULDESTE;30;63.05;2022;0 Km;24;27777.63;0.0;4100.0;3280.0;28;N;N;EF;705;3.0;A4;BOM;A1;N;-1;0.0
obs9426;58;RS;SUL;30;28.28;2022;0 Km;60;32450.68;1.19;4018.0;1476.0;0;N;N;EF;728;3.0;A2;BOM;B3;N;-1;0.0
obs3566;56;PI;NORDESTE;30;50.01;2022;0 Km;49;36878.93;1.16;14760.0;8405.0;7;N;N;EF;664;3.0;A2;RUIM;A3;N;-1;0.0
obs2117;70;RS;SUL;30;76.97;2021;0 Km;24;18516.81;0.0;5002.0;1640.0;16;N;N;EF;705;3.0;A4;BOM;A1;S;0;0.0
obs3109;41;SP;SULDESTE;30;63.0;2021;0 Km;24;27962.32;0.0;4920.0;2009.0;25;N;N;EF;746;3.0;A2;RUIM;A1;S;0;0.0
obs830;28;CE;NORDESTE;30;69.56;2021;0 Km;36;22458.14;1.21;8200.0;2009.0;9;N;N;EF;733;1.0;A1;BOM;A1;;0;0.0
obs7630;38;SP;SULDESTE;30;32.94;2021;0 Km;48;50825.65;1.16;8200.0;2583.0;17;N;N;EF;693;2.0;A2;RUIM;B2;S;0;0.0
obs8442;50;PA;NORTE;30;18.66;2022;0 Km;60;74008.88;1.38;10660.0;1845.0;17;N;N;EF;702;1.0;A2;BOM;C3;;-1;0.0
obs4353;40;RS;SUL;30;39.13;2021;0 Km;24;39527.14;0.87;12300.0;11398.0;15;N;N;EF;746;3.0;A4;BOM;B1;N;0;0.0
obs6373;31;BA;NORDESTE;30;41.1;2022;0 Km;60;26328.94;0.88;3936.0;1804.0;14;N;N;EF;746;3.0;A2;BOM;A3;N;-1;0.0
obs94;34;SP;SULDESTE;30;27.65;2021;0 Km;48;50651.51;1.24;2296.0;1845.0;0;N;N;EF;754;1.0;A2;BOM;B2;N;0;0.0
obs7080;43;MA;NORDESTE;30;65.8;2021;0 Km;18;22477.23;0.0;5330.0;1845.0;23;N;N;EF;746;3.0;A2;BOM;A1;S;0;0.0
obs4898;69;SC;SUL;60;42.03;2018;>= 3 anos;60;34283.79;1.07;4100.0;4264.0;19;N;N;EF;701;;;;;N;3;0.0
obs1020;72;SP;SULDESTE;30;74.74;2021;0 Km;24;23928.67;0.0;3116.0;1271.0;33;N;N;EF;760;2.0;A4;BOM;A1;N;0;0.0
obs281;72;SP;SULDESTE;30;63.0;2021;0 Km;24;27261.96;0.0;4100.0;2993.0;28;N;N;EF;760;3.0;A4;BOM;A1;S;0;0.0
obs8019;47;MG;SULDESTE;30;30.28;2022;0 Km;60;40019.17;1.14;7380.0;5945.0;13;N;N;EF;676;3.0;A4;RUIM;B3;S;-1;0.0
obs4525;43;SC;SUL;30;32.01;2022;0 Km;49;32540.79;1.05;3116.0;1845.0;30;N;N;EF;691;3.0;A2;RUIM;B3;N;-1;0.0
obs4211;68;SP;SULDESTE;30;64.86;2021;0 Km;18;28667.14;0.0;16400.0;3362.0;10;N;N;EF;705;3.0;A4;RUIM;A1;S;0;0.0
obs5322;52;AL;NORDESTE;30;30.97;2021;0 Km;49;52454.34;1.42;7380.0;2624.0;22;N;N;EF;678;3.0;A2;RUIM;B3;S;0;0.0
obs1300;55;SP;SULDESTE;30;81.75;2021;0 Km;24;7043.98;0.58;5740.0;4264.0;5;N;N;EF;760;3.0;A4;BOM;A1;S;0;0.0
obs5641;42;BA;NORDESTE;30;25.02;2022;0 Km;49;34702.81;1.1;2870.0;1845.0;36;S;N;EF;697;3.0;A2;RUIM;B3;N;-1;0.0
obs139;65;RJ;SULDESTE;30;7.82;2016;>= 3 anos;48;19909.21;1.61;4920.0;8364.0;12;N;N;EF;665;;;;;S;5;0.0
obs3156;63;SC;SUL;30;28.84;2021;0 Km;49;63656.66;0.93;6560.0;2501.0;28;N;N;EF;683;1.0;A1;BOM;B3;S;0;0.0
obs8623;27;MG;SULDESTE;30;43.4;2014;>= 3 anos;48;37600.01;1.98;4100.0;1312.0;31;N;N;EF;640;;;;;;7;1.0
obs513;65;TO;NORTE;30;29.79;2021;0 Km;49;29272.6;1.16;4100.0;1107.0;22;N;N;EF;711;2.0;A1;BOM;B3;N;0;0.0
obs4395;29;PR;SUL;30;20.14;2022;0 Km;60;38546.75;1.55;3526.0;1845.0;0;N;N;EF;695;3.0;A2;BOM;B3;S;-1;0.0
obs2152;45;PE;NORDESTE;30;35.99;2021;0 Km;49;57163.22;0.88;5330.0;6068.0;0;N;N;EF;763;3.0;A1;BOM;B3;S;0;0.0
obs6278;36;CE;NORDESTE;30;35.0;2012;>= 3 anos;48;11700.51;1.85;1476.0;820.0;26;N;N;EF;633;;;;;S;9;0.0
obs8859;66;GO;CENTRO-OESTE;30;64.17;2021;0 Km;36;35870.38;1.16;3690.0;6027.0;33;N;N;EF;747;2.0;A2;BOM;A1;S;0;0.0
obs6924;61;PE;NORDESTE;30;82.12;2022;0 Km;12;10720.28;0.19;5740.0;4346.0;16;N;N;EF;711;3.0;A2;BOM;A1;S;-1;0.0
obs8398;31;PE;NORDESTE;30;18.1;2022;0 Km;60;38447.53;1.5;4100.0;861.0;0;N;N;EF;682;3.0;A1;BOM;C3;S;-1;0.0
obs6312;36;PR;SUL;30;29.1;2022;0 Km;49;33994.31;1.1;2378.0;1312.0;41;N;N;EF;697;3.0;A2;RUIM;B3;S;-1;0.0
obs4613;63;RS;SUL;30;28.34;2021;0 Km;49;74242.18;0.93;5397.24;1435.0;0;N;N;EF;768;3.0;A2;BOM;B3;S;0;0.0
obs2933;67;DF;CENTRO-OESTE;30;28.99;2021;0 Km;37;61990.21;0.74;4920.0;2583.0;41;N;N;EF;705;3.0;A1;RUIM;B2;N;0;0.0
obs4823;63;MA;NORDESTE;30;53.57;2018;>= 3 anos;60;55102.87;1.21;6560.0;3608.0;20;N;N;EF;665;;;;;N;3;0.0
obs2375;44;SP;SULDESTE;30;63.04;2021;0 Km;24;28983.37;0.11;12300.0;6068.0;10;N;N;EF;746;3.0;A2;BOM;A1;S;0;0.0
obs4748;35;AL;NORDESTE;30;53.64;2019;2 anos;48;29960.51;1.1;3280.0;2542.0;24;N;N;EF;671;;;;;N;2;0.0
obs5134;36;MG;SULDESTE;30;43.68;2021;0 Km;36;51129.84;1.04;3116.0;1845.0;0;N;N;EF;682;3.0;A2;RUIM;A1;N;0;0.0
obs2660;30;DF;CENTRO-OESTE;30;52.01;2022;0 Km;36;20245.36;0.8;4920.0;1230.0;13;N;N;EF;746;1.0;A1;BOM;A1;;-1;0.0
obs1964;52;PE;NORDESTE;30;27.99;2022;0 Km;48;30643.38;1.26;3280.0;1927.0;27;N;N;EF;678;1.0;A2;BOM;B2;;-1;0.0
obs2437;50;GO;CENTRO-OESTE;30;52.53;2022;0 Km;36;30994.18;0.88;4100.0;2665.0;0;N;N;EF;759;3.0;A2;BOM;A1;N;-1;0.0
obs7586;41;PA;NORTE;30;0.0;2022;0 Km;60;94171.58;1.24;5740.0;3731.0;39;N;N;EF;737;3.0;A2;BOM;C3;N;-1;0.0
obs2755;88;MS;CENTRO-OESTE;30;61.84;2021;0 Km;18;36728.58;0.0;8200.0;1230.0;25;N;N;EF;760;3.0;A2;BOM;A1;N;0;0.0
obs9172;47;SP;SULDESTE;30;54.55;2016;>= 3 anos;36;21802.05;1.48;4100.0;1353.0;19;N;N;EF;663;;;;;N;5;0.0
obs7315;34;DF;CENTRO-OESTE;30;70.72;2021;0 Km;24;28702.23;0.35;7298.0;4182.0;17;N;N;EF;737;3.0;A1;BOM;A1;N;0;0.0
obs3052;64;MA;NORDESTE;30;39.22;2021;0 Km;60;26550.04;1.33;3280.0;1845.0;20;N;N;EF;679;3.0;A1;PESS;B3;S;0;0.0
obs7853;30;PR;SUL;30;19.62;2016;>= 3 anos;60;31811.41;1.85;5330.0;1025.0;17;N;N;EF;674;;;;;N;5;0.0
obs7295;47;RS;SUL;30;42.21;2018;>= 3 anos;60;23777.28;1.51;4100.0;4346.0;15;N;N;EF;643;;;;;S;3;0.0
obs5880;59;GO;CENTRO-OESTE;30;63.02;2022;0 Km;24;33517.83;0.0;24600.0;15908.0;0;N;N;EF;760;3.0;A4;BOM;A1;N;-1;0.0
obs5050;48;RJ;SULDESTE;30;48.46;2022;0 Km;60;22406.68;0.98;2091.0;2173.0;24;N;N;EF;746;2.0;A2;BOM;A3;N;-1;0.0
obs4345;59;BA;NORDESTE;30;31.76;2021;0 Km;60;54250.27;1.44;12300.0;820.0;11;N;N;EF;660;3.0;A2;RUIM;B3;S;0;0.0
obs1101;63;MT;CENTRO-OESTE;30;0.0;2017;>= 3 anos;60;31466.96;1.56;4100.0;8487.0;0;N;N;EF;664;;;;;S;4;0.0
obs2325;38;DF;CENTRO-OESTE;30;36.05;2013;>= 3 anos;48;15354.17;1.62;2870.0;1804.0;16;N;N;EF;658;;;;;N;8;0.0
obs8737;51;RJ;SULDESTE;30;51.84;2021;0 Km;48;31435.42;0.83;3690.0;2091.0;22;N;N;EF;715;3.0;A2;BOM;A2;N;0;0.0
obs2276;40;CE;NORDESTE;30;22.43;2021;0 Km;49;35567.16;1.16;4100.0;5945.0;26;N;N;EF;737;3.0;A2;BOM;B3;N;0;0.0
obs75;40;BA;NORDESTE;30;20.12;2021;0 Km;48;33382.41;1.14;4100.0;1845.0;23;N;N;EF;691;1.0;A1;BOM;B2;;0;0.0
obs8359;43;SP;SULDESTE;30;63.95;2021;0 Km;36;26534.71;0.98;5699.0;3239.0;15;S;N;EF;746;3.0;A2;BOM;A1;S;0;0.0
obs8724;55;PR;SUL;30;43.91;2022;0 Km;49;48667.05;1.07;5021.68;2542.0;29;N;N;EF;711;3.0;A4;RUIM;A3;S;-1;0.0
obs6289;57;MG;SULDESTE;30;22.84;2021;0 Km;60;61853.44;1.49;4920.0;4223.0;33;S;N;EF;707;3.0;A4;RUIM;B3;S;0;0.0
obs6446;44;BA;NORDESTE;30;44.99;2022;0 Km;48;32323.75;1.26;3280.0;1640.0;27;N;S;EF;733;3.0;A2;BOM;A2;S;-1;0.0
obs1635;54;DF;CENTRO-OESTE;30;56.35;2021;0 Km;36;38908.74;0.75;11480.0;10373.0;10;N;N;EF;746;3.0;A4;BOM;A1;S;0;0.0
obs2029;47;AM;NORTE;30;25.11;2021;0 Km;49;59864.02;0.93;5248.0;3239.0;33;N;N;EF;678;3.0;A2;RUIM;B3;S;0;0.0
obs1946;32;BA;NORDESTE;30;15.48;2021;0 Km;60;43086.77;1.38;4346.0;1312.0;25;N;N;EF;733;1.0;A2;BOM;C3;;0;0.0
obs7073;42;RN;NORDESTE;30;84.08;2022;0 Km;36;10356.74;0.93;4100.0;4592.0;8;N;N;EF;665;3.0;A2;PESS;A1;S;-1;0.0
obs1458;60;RS;SUL;30;26.43;2021;0 Km;60;32385.59;1.41;4756.0;3157.0;16;N;N;EF;692;3.0;A4;BOM;B3;S;0;0.0
obs4647;47;PE;NORDESTE;30;25.08;2022;0 Km;37;33386.21;1.13;3280.0;1312.0;0;S;N;EF;667;2.0;A1;RUIM;B2;S;-1;0.0
obs4558;59;SP;SULDESTE;30;61.03;2021;0 Km;18;38387.27;0.0;7380.0;4305.0;29;N;N;EF;705;3.0;A4;RUIM;A1;S;0;0.0
obs1385;47;SC;SUL;30;25.71;2015;>= 3 anos;48;25079.93;1.71;2706.0;1312.0;29;N;N;EF;681;;;;;N;6;0.0
obs9212;63;SC;SUL;60;9.52;2017;>= 3 anos;24;32623.79;1.91;5904.0;4264.0;0;N;N;EF;688;;;;;S;4;0.0
obs3056;63;PA;NORTE;30;40.04;2021;0 Km;48;26264.79;1.23;4920.0;861.0;15;N;N;EF;679;3.0;A2;RUIM;A2;S;0;0.0
obs5386;47;MG;SULDESTE;30;9.56;2022;0 Km;60;40090.01;1.34;4920.0;1927.0;19;N;N;EF;706;3.0;A1;BOM;C3;N;-1;0.0
obs3699;75;SP;SULDESTE;30;34.44;2021;0 Km;37;52779.47;1.34;5576.0;1886.0;34;N;N;EF;711;3.0;A4;RUIM;B2;S;0;0.0
obs5664;35;RS;SUL;30;51.68;2022;0 Km;36;21270.68;0.72;4018.0;656.0;17;N;N;EF;733;3.0;A1;BOM;A1;N;-1;0.0
obs1107;50;MA;NORDESTE;30;69.08;2021;0 Km;24;29022.61;0.0;8200.0;5781.0;14;N;N;EF;755;3.0;A2;BOM;A1;S;0;0.0
obs3984;52;SP;SULDESTE;30;25.94;2022;0 Km;60;39065.09;1.18;5166.0;8446.0;0;N;N;EF;742;1.0;A2;BOM;B3;S;-1;0.0
obs8884;34;MA;NORDESTE;30;31.65;2022;0 Km;36;47512.44;1.1;6560.0;4264.0;25;N;N;EF;693;3.0;A2;BOM;B1;S;-1;0.0
obs3297;50;DF;CENTRO-OESTE;30;28.75;2021;0 Km;37;63056.76;0.98;6560.0;1763.0;33;N;N;EF;687;2.0;A2;BOM;B2;S;0;0.0
obs3219;47;RJ;SULDESTE;30;73.61;2022;0 Km;24;21475.42;0.0;8200.0;1312.0;11;S;N;EF;755;3.0;A4;BOM;A1;N;-1;0.0
obs4492;50;PE;NORDESTE;30;48.51;2022;0 Km;48;18764.58;1.08;4100.0;1312.0;12;N;S;EF;746;3.0;A1;BOM;A2;S;-1;0.0
obs6380;32;MG;SULDESTE;30;3.02;2022;0 Km;60;54100.95;1.14;4264.0;1312.0;29;N;N;EF;706;2.0;A1;BOM;C3;S;-1;0.0
obs224;43;PB;NORDESTE;30;24.34;2015;>= 3 anos;48;24888.01;1.72;2624.0;2747.0;29;N;N;EF;654;;;;;S;6;0.0
obs6322;35;BA;NORDESTE;30;22.66;2022;0 Km;37;33798.11;1.13;3280.0;1230.0;38;N;N;EF;682;1.0;A2;RUIM;B2;;-1;1.0
obs2549;46;RJ;SULDESTE;30;60.02;2021;0 Km;36;28302.17;1.02;9840.0;4387.0;9;N;N;EF;746;2.0;A2;BOM;A1;N;0;0.0
obs3713;32;SP;SULDESTE;30;57.87;2020;2 anos;48;25512.31;1.02;2542.0;1107.0;27;N;N;EF;700;;;;;;1;0.0
obs2233;25;AL;NORDESTE;30;40.08;2022;0 Km;37;27469.68;1.13;4100.0;861.0;25;N;N;EF;661;1.0;A4;RUIM;A2;;-1;0.0
obs3834;35;SC;SUL;30;63.9;2021;0 Km;18;31546.45;0.0;6560.0;5986.0;28;N;N;EF;746;3.0;A2;BOM;A1;S;0;0.0
obs5457;59;PI;NORDESTE;30;41.26;2022;0 Km;60;48135.27;0.98;3198.0;3280.0;0;N;N;EF;728;3.0;A2;BOM;A3;S;-1;0.0
obs1634;46;SC;SUL;30;51.31;2021;0 Km;60;38183.97;0.92;2788.02;1845.0;0;N;N;EF;763;3.0;A2;BOM;A3;S;0;0.0
obs6284;74;PA;NORTE;30;1.21;2022;0 Km;60;68989.04;1.39;7380.0;1968.0;23;N;N;EF;707;3.0;A1;BOM;C3;S;-1;0.0
obs1966;29;DF;CENTRO-OESTE;30;17.84;2022;0 Km;36;38602.47;1.21;3034.0;1271.0;44;N;N;EF;733;1.0;A1;BOM;C1;;-1;0.0
obs3143;42;BA;NORDESTE;30;76.92;2018;>= 3 anos;36;15944.11;1.42;5330.0;5986.0;11;N;N;EF;647;;;;;N;3;0.0
obs4780;62;PA;NORTE;30;23.86;2022;0 Km;49;62982.33;0.93;5330.0;3362.0;0;N;N;EF;728;2.0;A2;RUIM;B3;S;-1;0.0
obs1691;43;SP;SULDESTE;30;51.95;2017;>= 3 anos;48;31737.31;0.99;4100.0;2542.0;21;N;N;EF;712;;;;;N;4;0.0
obs8896;70;RJ;SULDESTE;30;72.73;2022;0 Km;24;13111.51;0.66;3198.0;2009.0;0;N;N;EF;747;3.0;A4;BOM;A1;S;-1;0.0
obs5861;62;SP;SULDESTE;30;83.58;2021;0 Km;18;15794.67;0.0;4920.0;11849.0;18;N;N;EF;760;1.0;A4;BOM;A1;;0;0.0
obs1981;63;RS;SUL;30;43.79;2021;0 Km;60;54073.18;1.12;22140.0;2952.0;5;N;N;EF;707;3.0;A4;BOM;A3;S;0;0.0
obs5311;54;MG;SULDESTE;30;86.3;2021;0 Km;24;9851.45;0.0;2870.0;1271.0;15;N;N;EF;755;3.0;A4;BOM;A1;N;0;0.0
obs3926;67;SC;SUL;30;58.18;2015;>= 3 anos;48;20173.79;1.01;2460.0;1845.0;22;N;N;EF;707;;;;;S;6;0.0
obs6386;37;TO;NORTE;30;50.95;2022;0 Km;60;38519.74;1.18;3896.64;820.0;24;N;N;EF;665;1.0;A1;BOM;A3;S;-1;0.0
obs3366;54;PR;SUL;30;20.24;2022;0 Km;60;33725.28;1.13;2870.0;1845.0;28;N;N;EF;706;3.0;A2;RUIM;B3;N;-1;0.0
obs5138;31;CE;NORDESTE;30;11.91;2022;0 Km;60;40544.67;1.28;4100.0;820.0;24;N;N;EF;733;1.0;A1;RUIM;C3;;-1;0.0
obs3334;59;SP;SULDESTE;30;45.0;2012;>= 3 anos;48;14997.04;1.63;4100.0;1722.0;11;N;N;EF;665;;;;;N;9;0.0
obs3851;59;MG;SULDESTE;30;39.95;2021;0 Km;36;38256.54;0.83;8200.0;6109.0;15;N;N;EF;747;3.0;A4;BOM;B1;S;0;0.0
obs7980;42;PA;NORTE;30;32.19;2018;>= 3 anos;48;27443.39;1.37;4920.0;1230.0;0;N;N;EF;681;;;;;S;3;0.0
obs3916;38;SP;SULDESTE;30;0.0;2022;0 Km;60;43942.46;0.99;3690.0;2583.0;26;N;N;EF;746;3.0;A2;BOM;C3;N;-1;0.0
obs9564;57;SC;SUL;30;36.0;2022;0 Km;60;49723.45;1.41;8200.0;2747.0;15;N;N;EF;720;2.0;A4;PESS;B3;S;-1;0.0
obs8868;48;PR;SUL;30;36.59;2019;2 anos;36;22781.01;1.12;5084.0;4264.0;15;N;N;EF;708;;;;;S;2;0.0
obs4669;83;RS;SUL;30;72.46;2021;0 Km;18;25366.8;0.0;6560.0;1148.0;0;N;N;EF;777;3.0;A4;BOM;A1;;0;0.0
obs7001;83;SP;SULDESTE;30;52.58;2022;0 Km;24;28488.95;0.83;4346.0;1435.0;30;N;N;EF;681;3.0;A4;PESS;A1;S;-1;0.0
obs1446;43;SC;SUL;30;40.73;2021;0 Km;48;45532.79;1.08;10660.0;3034.0;12;N;N;EF;733;3.0;A4;BOM;A2;N;0;0.0
obs3778;44;PR;SUL;30;10.9;2021;0 Km;48;55276.33;1.09;4458.09;2501.0;34;N;N;EF;700;3.0;A4;RUIM;C2;S;0;0.0
obs5550;46;PB;NORDESTE;30;45.88;2012;>= 3 anos;48;25096.6;1.49;3116.0;1353.0;24;N;S;EF;641;;;;;N;9;0.0
obs7670;47;PA;NORTE;30;28.13;2022;0 Km;49;57438.76;0.93;4316.48;2009.0;38;N;N;EF;678;3.0;A2;PESS;B3;S;-1;0.0
obs5733;35;SC;SUL;30;55.45;2017;>= 3 anos;24;21085.96;1.12;3977.0;3198.0;26;N;N;EF;694;;;;;S;4;0.0
obs5629;58;PR;SUL;30;43.96;2014;>= 3 anos;48;22366.01;1.18;4018.0;1312.0;15;N;N;EF;665;;;;;S;7;0.0
obs6145;29;SP;SULDESTE;30;12.5;2022;0 Km;60;46683.66;1.2;4510.0;1312.0;25;N;N;EF;706;1.0;A1;BOM;C3;;-1;1.0
obs7887;48;AM;NORTE;30;44.34;2022;0 Km;49;34824.58;1.16;3280.0;1804.0;32;N;N;EF;659;1.0;A2;RUIM;A3;;-1;0.0
obs3302;60;ES;SULDESTE;30;39.41;2022;0 Km;49;52002.48;0.92;3444.0;2132.0;43;N;N;EF;705;3.0;A4;PESS;B3;S;-1;0.0
obs5659;53;PE;NORDESTE;30;22.64;2022;0 Km;49;33976.34;1.16;2460.0;2583.0;0;N;N;EF;695;3.0;A1;RUIM;B3;S;-1;0.0
obs7593;62;AC;NORTE;30;22.76;2021;0 Km;60;62147.89;1.34;12300.0;4223.0;12;N;N;EF;760;2.0;A1;BOM;B3;S;0;0.0
obs4603;49;SP;SULDESTE;30;27.42;2021;0 Km;49;69371.17;1.07;7626.0;8364.0;27;N;N;EF;746;3.0;A2;BOM;B3;N;0;0.0
obs6926;22;BA;NORDESTE;30;22.66;2022;0 Km;37;33798.11;1.13;3444.0;820.0;36;N;N;EF;689;1.0;A1;BOM;B2;;-1;1.0
obs7237;43;PE;NORDESTE;30;87.49;2022;0 Km;12;5910.38;0.19;4920.0;1886.0;10;N;S;EF;682;3.0;A2;RUIM;A1;N;-1;0.0
obs300;56;SP;SULDESTE;30;63.04;2021;0 Km;24;26495.19;0.0;8200.0;3362.0;14;N;N;EF;720;3.0;A4;PESS;A1;N;0;0.0
obs1574;38;SC;SUL;30;64.57;2021;0 Km;48;33629.76;0.83;4100.0;1968.0;21;N;N;EF;733;3.0;A4;BOM;A2;S;0;0.0
obs4665;30;PI;NORDESTE;30;25.33;2022;0 Km;60;33877.53;1.34;3528.68;820.0;24;N;N;EF;658;3.0;A4;BOM;B3;S;-1;0.0
obs3953;38;SP;SULDESTE;30;5.34;2014;>= 3 anos;48;27587.31;2.13;3132.4;1312.0;30;N;N;EF;671;;;;;;7;0.0
obs5420;62;SP;SULDESTE;30;59.98;2019;2 anos;48;32052.71;1.5;4100.0;1845.0;24;N;N;EF;654;;;;;;2;0.0
obs564;37;BA;NORDESTE;30;42.0;2014;>= 3 anos;48;17880.87;1.7;2378.0;1804.0;24;N;N;EF;636;;;;;;7;0.0
obs6938;35;SP;SULDESTE;30;25.11;2021;0 Km;60;58587.95;1.55;6560.0;697.0;23;N;N;EF;678;3.0;A1;RUIM;B3;S;0;0.0
obs1560;69;ES;SULDESTE;30;62.59;2021;0 Km;24;29506.16;0.0;16400.0;2706.0;0;N;N;EF;656;1.0;A2;BOM;A1;;0;0.0
obs1971;33;PA;NORTE;30;54.55;2021;0 Km;36;42487.86;0.8;5968.28;2624.0;23;N;N;EF;669;3.0;A2;RUIM;A1;S;0;0.0
obs9318;37;PE;NORDESTE;30;42.5;2019;2 anos;48;25956.88;1.65;4100.0;1886.0;20;N;N;EF;646;;;;;N;2;0.0
obs5636;43;SP;SULDESTE;30;36.64;2021;0 Km;48;51733.67;0.88;5740.0;2583.0;24;N;N;EF;746;3.0;A2;BOM;B2;S;0;0.0
obs3483;34;GO;CENTRO-OESTE;30;14.05;2015;>= 3 anos;36;26480.26;1.76;4100.0;1681.0;25;S;N;EF;664;;;;;S;6;0.0
obs6699;31;RJ;SULDESTE;30;77.35;2021;0 Km;18;16465.54;0.0;4920.0;2542.0;0;S;N;EF;723;3.0;A1;BOM;A1;N;0;0.0
obs9455;73;ES;SULDESTE;30;54.74;2022;0 Km;36;21556.42;0.96;3264.82;1599.0;21;N;N;EF;672;3.0;A4;RUIM;A1;N;-1;0.0
obs4885;60;RS;SUL;30;86.11;2019;2 anos;36;9351.88;0.71;5740.0;5945.0;5;N;N;EF;713;;;;;N;2;0.0
obs9406;47;CE;NORDESTE;30;0.0;2022;0 Km;60;42126.65;1.38;3912.22;2337.0;0;N;N;EF;759;3.0;A1;BOM;C3;S;-1;0.0
obs1674;28;RS;SUL;30;36.57;2019;2 anos;60;21198.54;1.52;4264.0;1845.0;13;N;N;EF;641;;;;;;2;0.0
obs7592;53;GO;CENTRO-OESTE;30;21.44;2022;0 Km;48;71385.25;1.14;9840.0;4387.0;19;N;N;EF;755;3.0;A4;PESS;B2;S;-1;0.0
obs5187;52;SP;SULDESTE;30;61.88;2021;0 Km;24;27652.15;0.0;697000.0;3239.0;0;N;N;EF;676;3.0;A4;BOM;A1;S;0;0.0
obs7755;47;PR;SUL;30;30.39;2021;0 Km;49;61366.05;0.83;4674.0;1312.0;35;N;N;EF;700;1.0;A2;BOM;B3;;0;0.0
obs6015;55;BA;NORDESTE;30;42.01;2021;0 Km;60;30273.22;1.03;4510.0;1804.0;15;S;N;EF;696;1.0;A1;BOM;A3;S;0;0.0
obs3951;47;SP;SULDESTE;30;41.9;2021;0 Km;36;46153.58;0.57;4920.0;15908.0;30;N;N;EF;755;3.0;A4;BOM;A1;S;0;0.0
obs1517;55;SP;SULDESTE;30;63.7;2021;0 Km;36;27822.2;0.91;8200.0;8405.0;11;N;N;EF;705;3.0;A4;BOM;A1;S;0;0.0
obs9496;44;SC;SUL;30;52.88;2015;>= 3 anos;48;42500.79;1.44;4018.0;1845.0;30;N;N;EF;675;;;;;S;6;0.0
obs8626;70;PA;NORTE;30;23.39;2022;0 Km;49;59701.34;1.01;4100.0;1435.0;43;N;N;EF;683;2.0;A2;BOM;B3;S;-1;0.0
obs4907;59;RS;SUL;30;55.43;2022;0 Km;60;41521.85;0.78;9840.0;5945.0;8;N;N;EF;760;3.0;A2;BOM;A3;S;-1;0.0
obs3538;30;GO;CENTRO-OESTE;30;39.48;2014;>= 3 anos;36;18596.09;1.66;2870.0;1517.0;24;S;N;EF;642;;;;;N;7;0.0
obs1999;61;RS;SUL;30;47.37;2019;2 anos;60;22443.54;1.2;5330.0;3280.0;10;N;N;EF;711;;;;;S;2;0.0
obs7578;42;RJ;SULDESTE;30;33.67;2021;0 Km;48;108563.17;1.31;6274.64;4223.0;49;N;N;EF;697;2.0;A2;BOM;B2;S;0;0.0
obs8972;52;SP;SULDESTE;30;0.0;2020;2 anos;60;43040.92;2.06;4920.0;1886.0;26;N;N;EF;681;;;;;S;1;0.0
obs359;73;SP;SULDESTE;30;77.18;2021;0 Km;24;20578.95;0.61;6560.0;6109.0;14;N;N;EF;747;3.0;A4;BOM;A1;N;0;0.0
obs3390;49;MA;NORDESTE;30;47.7;2017;>= 3 anos;48;16590.04;1.44;3936.0;1312.0;12;N;N;EF;640;;;;;;4;0.0
obs2623;36;SC;SUL;30;68.63;2021;2 anos;24;14363.79;0.88;3280.0;1189.0;21;N;N;EF;700;;;;;N;0;0.0
obs2928;56;PI;NORDESTE;30;36.66;2021;0 Km;36;29545.76;0.81;20500.0;1845.0;4;N;N;EF;751;3.0;A2;BOM;B1;S;0;0.0
obs1032;26;RS;SUL;30;28.05;2021;0 Km;49;71491.79;1.19;8200.0;1271.0;27;N;N;EF;725;2.0;A1;BOM;B3;S;0;0.0
obs388;57;SP;SULDESTE;30;48.75;2021;0 Km;36;37787.34;0.62;5330.0;1927.0;22;N;N;EF;760;3.0;A4;BOM;A1;N;0;0.0
obs658;74;MT;CENTRO-OESTE;30;73.06;2021;0 Km;24;24875.93;0.0;4018.0;2624.0;0;N;N;EF;760;3.0;A4;BOM;A1;S;0;0.0
obs5727;35;MT;CENTRO-OESTE;30;27.45;2021;0 Km;49;69701.64;1.19;5740.0;3280.0;36;S;N;EF;665;3.0;A4;PESS;B3;N;0;0.0
obs5118;44;SP;SULDESTE;30;29.79;2021;0 Km;49;33887.84;1.16;5740.0;5986.0;17;N;N;EF;669;3.0;A2;RUIM;B3;S;0;0.0
obs1882;42;SP;SULDESTE;30;11.47;2021;0 Km;60;44983.4;1.29;4100.0;1353.0;27;N;N;EF;746;1.0;A1;BOM;C3;S;0;0.0
obs1160;45;RS;SUL;30;32.41;2018;>= 3 anos;24;27008.54;1.3;4264.0;5945.0;32;N;N;EF;704;;;;;;3;0.0
obs1809;37;MT;CENTRO-OESTE;30;42.4;2021;0 Km;60;34082.29;1.11;8200.0;1599.0;9;N;N;EF;733;1.0;A2;BOM;A3;S;0;0.0
obs3792;44;RJ;SULDESTE;30;40.08;2022;0 Km;48;27967.68;1.2;3116.0;1681.0;25;S;N;EF;659;3.0;A2;PESS;A2;S;-1;0.0
obs4398;48;BA;NORDESTE;30;48.92;2021;0 Km;24;26004.66;0.51;12300.0;15826.0;9;N;N;EF;755;3.0;A2;BOM;A1;N;0;0.0
obs146;61;PA;NORTE;30;54.89;2021;0 Km;60;29531.26;0.97;2706.0;1886.0;24;N;N;EF;747;3.0;A2;BOM;A3;S;0;0.0
obs429;38;RJ;SULDESTE;30;32.0;2016;>= 3 anos;36;29130.51;1.32;6888.0;3403.0;15;N;N;EF;681;;;;;S;5;0.0
obs8089;61;BA;NORDESTE;30;50.1;2022;0 Km;36;23271.08;0.93;4100.0;4305.0;19;N;N;EF;707;3.0;A2;RUIM;A1;S;-1;0.0
obs5469;55;SC;SUL;30;26.87;2022;0 Km;60;60659.53;1.44;4100.0;1107.0;0;S;N;EF;685;2.0;A1;BOM;B3;N;-1;0.0
obs7358;77;AL;NORDESTE;30;33.84;2021;0 Km;60;48687.8;1.18;7380.0;1968.0;15;N;N;EF;707;3.0;A2;RUIM;B3;S;0;0.0
obs4962;29;PB;NORDESTE;30;36.52;2022;0 Km;60;37538.19;1.09;2706.0;902.0;0;N;N;EF;708;1.0;A1;RUIM;B3;S;-1;0.0
obs936;64;BA;NORDESTE;30;68.66;2021;0 Km;48;30303.94;0.88;9840.0;8405.0;8;N;N;EF;747;3.0;A2;BOM;A2;S;0;0.0
obs1225;50;MA;NORDESTE;30;21.25;2021;0 Km;60;47052.7;1.77;4100.0;615.0;32;N;N;EF;674;1.0;A2;BOM;B3;;0;0.0
obs3080;28;CE;NORDESTE;30;68.97;2021;0 Km;24;22700.13;1.27;9461.16;0.0;12;N;N;EF;612;1.0;A0;BOM;A1;;0;0.0
obs4082;71;MG;SULDESTE;30;54.88;2022;0 Km;48;18253.54;0.88;3280.0;1312.0;15;N;N;EF;747;2.0;A4;BOM;A2;N;-1;0.0
obs9550;51;PR;SUL;60;49.35;2021;2 anos;60;42360.71;1.11;7790.0;2583.0;13;N;N;EF;685;;;;;;0;0.0
obs9203;43;DF;CENTRO-OESTE;30;17.38;2021;0 Km;60;43741.0;1.16;8200.0;6027.0;0;N;N;EF;723;3.0;A2;BOM;C3;S;0;0.0
obs1906;70;DF;CENTRO-OESTE;30;58.86;2013;>= 3 anos;48;15188.17;1.94;4100.0;2583.0;12;N;N;EF;643;;;;;S;8;0.0
obs1651;37;SC;SUL;30;31.69;2017;>= 3 anos;48;21842.93;1.28;8200.0;2542.0;7;N;N;EF;694;;;;;N;4;0.0
obs5502;67;RO;NORTE;30;74.21;2022;0 Km;18;11972.21;0.65;2870.0;1353.0;25;N;N;EF;652;1.0;A2;RUIM;A1;;-1;0.0
obs6851;57;RS;SUL;30;51.04;2020;2 anos;48;22548.88;0.93;4510.0;3321.0;13;N;N;EF;672;;;;;S;1;0.0
obs4609;60;MT;CENTRO-OESTE;30;36.84;2022;0 Km;37;27533.59;1.13;3280.0;1476.0;30;N;S;EF;751;3.0;A2;BOM;B2;S;-1;0.0
obs1791;44;RJ;SULDESTE;30;50.97;2021;0 Km;48;39923.0;1.12;2870.0;1804.0;0;N;N;EF;754;3.0;A2;BOM;A2;;0;0.0
obs5514;43;MS;CENTRO-OESTE;30;60.29;2022;0 Km;48;16624.92;0.72;8200.0;6150.0;5;N;N;EF;737;3.0;A1;BOM;A2;S;-1;0.0
obs3261;44;PR;SUL;30;49.2;2022;0 Km;60;39766.02;0.87;4100.0;4346.0;0;N;N;EF;754;3.0;A4;BOM;A3;S;-1;0.0
obs1952;45;PR;SUL;30;39.79;2021;0 Km;60;50624.91;1.24;9840.0;4428.0;0;N;N;EF;723;3.0;A4;BOM;B3;S;0;0.0
obs1774;36;SE;NORDESTE;30;47.06;2020;2 anos;48;19880.97;1.08;1558.0;861.0;34;N;N;EF;670;;;;;N;1;0.0
obs3212;55;BA;NORDESTE;30;31.23;2021;0 Km;49;59232.76;0.83;18860.0;8487.0;0;N;N;EF;737;3.0;A2;RUIM;B3;S;0;0.0
obs1789;43;PA;NORTE;30;25.11;2021;0 Km;49;59859.04;0.93;4510.0;4223.0;38;N;N;EF;682;3.0;A2;BOM;B3;S;0;0.0
obs3600;56;RJ;SULDESTE;30;28.01;2022;0 Km;37;38447.8;1.14;1640.0;4018.0;0;N;N;EF;713;1.0;A4;BOM;B2;S;-1;0.0
obs9200;70;SP;SULDESTE;30;75.58;2022;0 Km;36;11261.88;0.9;3280.0;4428.0;0;N;N;EF;777;3.0;A4;BOM;A1;S;-1;0.0
obs2647;52;SP;SULDESTE;30;42.61;2013;>= 3 anos;48;20042.61;1.35;2706.0;1189.0;22;S;N;EF;657;;;;;N;8;0.0
obs2081;30;RS;SUL;30;43.3;2022;0 Km;49;24785.8;1.27;3772.0;1230.0;20;N;N;EF;737;3.0;A1;BOM;A3;S;-1;0.0
obs4625;40;SP;SULDESTE;30;78.57;2021;0 Km;24;19421.77;0.0;7790.0;6232.0;10;N;N;EF;746;3.0;A2;BOM;A1;S;0;0.0
obs5148;32;SP;SULDESTE;30;73.36;2013;>= 3 anos;48;6762.61;0.99;2255.0;1394.0;8;N;N;EF;700;;;;;N;8;0.0
obs8574;25;PE;NORDESTE;30;0.0;2022;0 Km;60;44141.35;1.25;3116.0;1025.0;35;N;N;EF;698;1.0;A2;BOM;C3;;-1;0.0
obs9554;75;BA;NORDESTE;30;49.7;2022;0 Km;36;34553.27;1.02;4920.0;1845.0;23;N;N;EF;660;3.0;A1;RUIM;A1;N;-1;0.0
obs360;49;RJ;SULDESTE;30;28.25;2021;0 Km;37;61917.17;1.19;7052.0;5986.0;33;N;N;EF;702;3.0;A2;PESS;B2;S;0;0.0
obs222;64;PB;NORDESTE;30;0.0;2018;>= 3 anos;24;20350.86;1.68;9348.0;6068.0;11;N;N;EF;679;;;;;N;3;0.0
obs3692;41;RJ;SULDESTE;30;63.36;2021;0 Km;24;24666.77;0.2;5740.0;6027.0;0;N;N;EF;754;3.0;A2;BOM;A1;S;0;0.0
obs3680;51;SP;SULDESTE;30;44.63;2022;0 Km;49;23445.61;1.16;7380.0;8487.0;0;N;N;EF;763;3.0;A4;BOM;A3;S;-1;0.0
obs402;60;SP;SULDESTE;30;10.66;2018;>= 3 anos;36;28090.45;1.68;8200.0;902.0;12;N;N;EF;678;;;;;;3;1.0
obs7314;37;SC;SUL;30;26.17;2022;0 Km;60;35245.76;1.07;4100.0;1599.0;20;N;N;EF;733;3.0;A2;BOM;B3;N;-1;0.0
obs5760;77;SP;SULDESTE;30;0.0;2021;0 Km;60;60630.44;1.68;5330.0;984.0;30;N;N;EF;707;1.0;A4;BOM;C3;;0;0.0
obs3841;35;SC;SUL;30;28.37;2022;0 Km;49;67649.39;0.93;5740.0;1312.0;34;N;N;EF;737;3.0;A1;BOM;B3;S;-1;0.0
obs4855;66;MT;CENTRO-OESTE;30;33.57;2022;0 Km;48;30156.39;1.31;4510.0;2993.0;19;N;N;EF;679;3.0;A2;RUIM;B2;S;-1;0.0
obs3667;53;SC;SUL;30;52.02;2018;>= 3 anos;48;31710.79;1.06;4100.0;1886.0;21;N;N;EF;681;;;;;S;3;0.0
obs9250;45;SC;SUL;30;29.95;2022;0 Km;49;59074.23;0.96;4920.0;1886.0;0;N;N;EF;667;3.0;A2;BOM;B3;S;-1;0.0
obs6477;58;PR;SUL;30;5.01;2016;>= 3 anos;48;32658.01;1.47;2296.0;1517.0;43;N;N;EF;701;;;;;S;5;0.0
obs5208;37;SP;SULDESTE;30;34.94;2021;0 Km;49;58423.47;1.19;6525.6;1353.0;0;N;N;EF;678;3.0;A1;BOM;B3;S;0;0.0
obs5471;55;GO;CENTRO-OESTE;30;10.2;2022;0 Km;60;37354.09;1.46;4510.0;861.0;21;S;N;EF;692;3.0;A1;RUIM;C3;S;-1;0.0
obs7758;34;PA;NORTE;30;9.08;2022;0 Km;36;42530.3;1.26;6150.0;2911.0;25;N;N;EF;693;2.0;A2;BOM;C1;N;-1;0.0
obs336;56;SC;SUL;30;20.76;2021;0 Km;60;35608.04;1.44;3690.0;1927.0;25;N;N;EF;679;3.0;A4;RUIM;B3;S;0;0.0
obs1460;49;BA;NORDESTE;30;10.23;2021;0 Km;48;37191.28;1.1;2870.0;4387.0;0;N;N;EF;759;3.0;A2;BOM;C2;S;0;0.0
obs8381;50;PE;NORDESTE;30;49.66;2021;0 Km;48;34585.43;1.18;4141.0;2501.0;0;N;S;EF;693;3.0;A1;RUIM;A2;S;0;0.0
obs2792;58;PR;SUL;30;57.8;2022;0 Km;48;18296.41;0.88;4510.0;4346.0;10;N;N;EF;747;1.0;A4;BOM;A2;S;-1;0.0
obs3382;37;SC;SUL;30;46.17;2018;>= 3 anos;48;23825.79;0.89;2099.2;1353.0;30;N;N;EF;700;;;;;N;3;0.0
obs5675;76;SP;SULDESTE;30;60.59;2022;0 Km;48;28324.87;0.93;4100.0;11808.0;18;N;N;EF;747;3.0;A4;BOM;A2;N;-1;0.0
obs3088;69;BA;NORDESTE;30;20.43;2022;0 Km;60;33664.61;1.55;3280.0;1312.0;27;N;N;EF;679;2.0;A1;BOM;B3;S;-1;0.0
obs6110;38;RJ;SULDESTE;30;28.09;2022;0 Km;49;39301.87;1.05;3152.26;5986.0;0;N;N;EF;763;2.0;A2;BOM;B3;S;-1;0.0
obs3579;76;SP;SULDESTE;30;65.71;2021;0 Km;24;17682.21;0.3;3280.0;1681.0;23;N;N;EF;760;3.0;A4;BOM;A1;S;0;0.0
obs8045;70;RS;SUL;30;58.0;2022;0 Km;18;55758.84;0.0;6560.0;2706.0;49;N;N;EF;760;3.0;A4;BOM;A1;N;-1;0.0
obs5165;58;SP;SULDESTE;30;61.84;2021;0 Km;24;31760.55;0.0;6560.0;4305.0;21;N;N;EF;760;3.0;A2;BOM;A1;S;0;0.0
obs3545;38;PA;NORTE;30;47.39;2022;0 Km;36;42429.04;1.21;6560.0;1394.0;23;N;N;EF;654;2.0;A2;PESS;A1;S;-1;0.0
obs3484;39;CE;NORDESTE;30;12.23;2022;0 Km;60;37692.48;1.61;7380.0;1845.0;13;N;N;EF;665;3.0;A1;RUIM;C3;N;-1;1.0
obs3092;52;RJ;SULDESTE;30;20.37;2021;0 Km;60;33106.21;1.23;4100.0;4346.0;19;N;N;EF;702;1.0;A1;RUIM;B3;S;0;1.0
obs7601;71;PA;NORTE;30;25.55;2022;0 Km;60;32949.28;1.55;8200.0;1886.0;10;N;N;EF;679;3.0;A1;PESS;B3;S;-1;0.0
obs393;62;RS;SUL;30;62.14;2021;0 Km;24;37127.9;0.0;25420.0;13899.0;6;N;N;EF;720;3.0;A4;RUIM;A1;N;0;0.0
obs1224;38;BA;NORDESTE;30;12.31;2021;0 Km;60;36660.08;1.28;3280.0;861.0;0;N;N;EF;710;1.0;A2;BOM;C3;;0;0.0
obs841;64;MG;SULDESTE;30;66.72;2021;0 Km;36;18218.0;0.83;8200.0;6150.0;0;N;N;EF;764;1.0;A4;BOM;A1;;0;0.0
obs4064;41;PR;SUL;30;37.52;2022;0 Km;49;34477.8;1.1;4100.0;2583.0;25;N;N;EF;737;3.0;A4;BOM;B3;S;-1;0.0
obs8839;30;PA;NORTE;30;38.2;2021;0 Km;49;54574.43;1.01;4920.0;1271.0;33;N;N;EF;697;1.0;A2;BOM;B3;S;0;0.0
obs6175;28;PR;SUL;30;50.97;2017;>= 3 anos;48;16373.41;1.62;2378.0;779.0;21;N;N;EF;639;;;;;N;4;0.0
obs2538;37;RN;NORDESTE;30;55.51;2021;0 Km;36;27599.99;1.19;5681.78;4346.0;17;N;N;EF;733;3.0;A2;BOM;A1;N;0;0.0
obs5454;58;SC;SUL;30;44.74;2016;>= 3 anos;60;44658.79;1.06;3444.0;3280.0;30;N;N;EF;654;;;;;S;5;0.0
obs9001;56;SC;SUL;30;26.32;2019;2 anos;60;35943.79;1.32;2870.0;1558.0;31;N;N;EF;678;;;;;S;2;0.0
obs4815;30;RJ;SULDESTE;30;73.42;2021;0 Km;24;22965.88;0.0;9840.0;1148.0;9;N;N;EF;706;3.0;A1;BOM;A1;N;0;0.0
obs6775;69;BA;NORDESTE;30;73.19;2022;0 Km;18;12209.81;0.3;3280.0;2952.0;22;N;N;EF;711;3.0;A2;BOM;A1;N;-1;0.0
obs1738;47;RS;SUL;30;13.59;2019;2 anos;48;27431.84;1.69;7790.0;3198.0;11;N;N;EF;650;;;;;S;2;0.0
obs5464;46;MG;SULDESTE;30;32.73;2022;0 Km;49;28133.23;0.96;2870.0;2542.0;27;N;N;EF;659;3.0;A4;PESS;B3;S;-1;0.0
obs7360;61;RJ;SULDESTE;30;30.37;2022;0 Km;24;38720.04;0.78;65600.0;2296.0;2;N;N;EF;705;1.0;A4;BOM;B1;S;-1;0.0
obs6056;64;RS;SUL;30;82.95;2021;0 Km;18;16076.54;0.0;8200.0;4305.0;11;N;N;EF;760;3.0;A4;BOM;A1;S;0;0.0
obs782;67;PE;NORDESTE;30;36.72;2021;0 Km;49;56507.92;0.93;3198.0;1681.0;51;N;N;EF;683;3.0;A2;PESS;B3;N;0;0.0
obs8082;62;SP;SULDESTE;30;61.32;2022;0 Km;36;17427.28;0.83;3280.0;2993.0;18;N;N;EF;692;3.0;A4;RUIM;A1;N;-1;0.0
obs7309;47;SC;SUL;30;32.06;2021;0 Km;49;68678.16;0.88;6550.16;1886.0;0;N;N;EF;763;3.0;A1;BOM;B3;S;0;0.0
obs8935;46;PI;NORDESTE;30;10.45;2022;0 Km;60;50646.88;1.61;5363.62;861.0;25;N;N;EF;678;3.0;A2;RUIM;C3;S;-1;0.0
obs4949;26;PB;NORDESTE;30;68.23;2021;0 Km;24;27836.32;0.25;5576.0;861.0;22;N;N;EF;670;3.0;A2;BOM;A1;N;0;0.0
obs9519;42;PB;NORDESTE;30;27.83;2022;0 Km;37;31827.45;1.25;3690.0;902.0;33;N;N;EF;669;2.0;A2;BOM;B2;S;-1;0.0
obs1737;55;SP;SULDESTE;30;41.85;2021;0 Km;48;47418.5;1.19;5740.0;6027.0;22;N;N;EF;747;3.0;A4;BOM;A2;S;0;0.0
obs6140;41;SP;SULDESTE;30;51.11;2022;0 Km;36;32549.05;1.16;2624.0;1312.0;42;N;N;EF;693;1.0;A2;BOM;A1;;-1;0.0
obs469;26;PR;SUL;30;63.83;2021;0 Km;18;24857.67;0.0;4920.0;1271.0;28;N;N;EF;738;3.0;A2;BOM;A1;N;0;0.0
obs1434;58;SP;SULDESTE;30;71.66;2021;0 Km;36;18930.41;1.09;12300.0;15826.0;0;N;N;EF;764;3.0;A4;BOM;A1;S;0;0.0
obs7846;46;AL;NORDESTE;30;50.36;2022;0 Km;36;38040.14;1.09;4100.0;1804.0;0;N;N;EF;691;1.0;A2;BOM;A1;;-1;0.0
obs1068;54;MS;CENTRO-OESTE;30;80.48;2021;0 Km;18;18626.28;0.0;24600.0;11521.0;0;N;N;EF;772;3.0;A2;BOM;A1;S;0;0.0
obs7116;32;MG;SULDESTE;30;24.77;2012;>= 3 anos;48;41501.84;1.54;6396.0;3198.0;19;N;N;EF;647;;;;;S;9;0.0
obs5974;32;MT;CENTRO-OESTE;30;28.02;2022;0 Km;49;55520.36;0.93;3956.5;4223.0;40;N;N;EF;669;3.0;A2;RUIM;B3;S;-1;0.0
obs4754;54;SC;SUL;30;33.09;2015;>= 3 anos;48;16023.79;1.21;2378.0;1599.0;19;N;S;EF;671;;;;;S;6;0.0
obs1326;69;ES;SULDESTE;30;41.63;2021;0 Km;36;27736.81;1.12;2870.0;4387.0;34;S;N;EF;751;1.0;A4;BOM;A1;S;0;0.0
obs8084;33;SC;SUL;30;55.01;2021;0 Km;60;38178.15;1.14;4510.0;820.0;20;S;N;EF;733;3.0;A4;BOM;A3;S;0;0.0
obs7447;43;DF;CENTRO-OESTE;30;13.07;2019;2 anos;60;32547.89;1.68;3936.0;1804.0;22;N;N;EF;675;;;;;N;2;0.0
obs3186;36;RN;NORDESTE;30;59.24;2022;0 Km;36;33130.28;0.62;9020.0;2255.0;0;N;N;EF;750;1.0;A1;BOM;A1;;-1;0.0
obs624;62;PA;NORTE;30;22.51;2021;0 Km;49;69763.43;0.93;4295.16;902.0;47;N;N;EF;683;3.0;A1;BOM;B3;S;0;0.0
obs2915;25;MA;NORDESTE;30;8.85;2021;0 Km;60;48636.34;1.28;6560.0;1435.0;17;N;N;EF;685;3.0;A1;BOM;C3;N;0;0.0
obs2351;29;BA;NORDESTE;30;37.55;2022;0 Km;37;26982.28;1.07;4100.0;779.0;0;N;N;EF;699;1.0;A1;RUIM;B2;;-1;0.0
obs6489;52;MT;CENTRO-OESTE;30;71.53;2022;0 Km;36;24045.93;0.67;5330.0;1394.0;14;N;N;EF;702;3.0;A2;BOM;A1;S;-1;0.0
obs8204;47;SP;SULDESTE;30;34.49;2014;>= 3 anos;48;16797.31;1.14;3198.0;3321.0;14;N;N;EF;698;;;;;S;7;0.0
obs9346;35;AM;NORTE;30;42.48;2021;0 Km;49;50429.41;1.01;4920.0;1927.0;30;N;N;EF;658;3.0;A2;PESS;A3;S;0;1.0
obs1975;33;RJ;SULDESTE;30;44.89;2021;0 Km;36;25554.77;1.44;2460.0;2993.0;38;N;N;EF;650;1.0;A1;RUIM;A1;N;0;0.0
obs4608;51;BA;NORDESTE;30;58.82;2018;>= 3 anos;36;24244.11;1.66;3362.0;6027.0;0;N;N;EF;657;;;;;N;3;0.0
obs5065;57;MT;CENTRO-OESTE;30;17.75;2022;0 Km;60;35626.09;1.61;5740.0;5781.0;16;N;N;EF;679;3.0;A4;RUIM;C3;S;-1;0.0
obs1168;21;SP;SULDESTE;30;78.68;2021;0 Km;36;10462.13;1.27;820.0;2583.0;44;N;N;EF;604;3.0;A0;BOM;A1;N;0;0.0
obs2935;47;PR;SUL;30;17.71;2022;0 Km;60;39633.22;1.55;6560.0;1353.0;16;N;N;EF;691;3.0;A4;BOM;C3;S;-1;0.0
obs8382;38;TO;NORTE;30;50.9;2021;0 Km;48;33016.73;1.21;3280.0;1804.0;0;N;N;EF;646;1.0;A1;RUIM;A2;S;0;0.0
obs7996;27;MA;NORDESTE;30;29.55;2022;0 Km;36;30590.9;0.9;3690.0;615.0;28;N;N;EF;674;3.0;A2;BOM;B1;S;-1;0.0
obs1604;32;AM;NORTE;30;53.84;2021;0 Km;36;19876.28;0.99;5740.0;1804.0;12;N;N;EF;628;1.0;A1;RUIM;A1;;0;0.0
obs4079;76;SP;SULDESTE;30;57.46;2021;0 Km;36;26600.44;0.67;4100.0;1476.0;20;N;N;EF;747;3.0;A4;BOM;A1;S;0;0.0
obs630;41;PE;NORDESTE;30;62.37;2021;0 Km;24;28960.22;0.0;8200.0;943.0;14;N;N;EF;691;3.0;A2;RUIM;A1;S;0;0.0
obs3097;39;PI;NORDESTE;30;34.95;2021;0 Km;37;61113.98;1.11;6560.0;3239.0;35;N;N;EF;737;1.0;A2;BOM;B2;;0;0.0
obs6150;43;RJ;SULDESTE;30;77.86;2020;2 anos;36;22157.68;0.91;4510.0;1394.0;16;N;N;EF;708;;;;;N;1;0.0
obs8501;62;RJ;SULDESTE;30;34.15;2022;0 Km;49;49487.63;1.1;5740.0;6027.0;0;N;N;EF;777;3.0;A4;RUIM;B3;S;-1;0.0
obs5329;58;RS;SUL;30;0.0;2022;0 Km;60;54151.67;1.34;7380.0;4346.0;18;N;N;EF;707;2.0;A4;BOM;C3;S;-1;0.0
obs7991;49;MG;SULDESTE;30;0.0;2022;0 Km;48;66506.42;1.17;6314.0;8487.0;30;N;N;EF;742;3.0;A4;BOM;C2;N;-1;0.0
obs77;38;MA;NORDESTE;30;0.0;2021;0 Km;60;48727.76;1.55;5740.0;820.0;22;N;N;EF;693;1.0;A2;BOM;C3;;0;1.0
obs3185;43;PE;NORDESTE;30;21.33;2022;0 Km;60;35045.38;1.13;3854.0;1435.0;21;N;N;EF;697;3.0;A4;BOM;B3;S;-1;0.0
obs4836;48;RR;NORTE;30;34.45;2021;0 Km;49;53925.71;0.83;3690.0;4223.0;0;N;N;EF;755;3.0;A4;BOM;B3;S;0;0.0
obs9276;41;AM;NORTE;30;24.22;2021;0 Km;49;68994.02;1.01;4100.0;3690.0;0;N;N;EF;675;3.0;A2;RUIM;B3;S;0;0.0
obs3869;64;PR;SUL;30;45.94;2022;0 Km;36;40097.19;0.83;5330.0;2583.0;25;N;N;EF;747;3.0;A4;BOM;A1;S;-1;0.0
obs1977;68;SC;SUL;30;31.13;2018;>= 3 anos;60;24406.79;1.12;5740.0;4141.0;10;N;N;EF;671;;;;;S;3;0.0
obs7491;22;SP;SULDESTE;30;56.43;2022;0 Km;48;23857.83;0.78;3025.8;2501.0;20;N;N;EF;698;1.0;A1;BOM;A2;N;-1;0.0
obs2599;28;SP;SULDESTE;30;59.64;2022;0 Km;36;17635.61;0.67;2296.0;779.0;0;N;N;EF;763;1.0;A2;BOM;A1;;-1;0.0
obs8517;75;SP;SULDESTE;30;48.3;2022;0 Km;36;39399.71;1.05;4100.0;1845.0;32;N;N;EF;705;1.0;A4;BOM;A1;;-1;0.0
obs2858;23;SP;SULDESTE;30;20.13;2021;0 Km;48;34385.01;1.61;4100.0;779.0;26;N;N;EF;670;1.0;A2;BOM;B2;;0;0.0
obs3454;49;PR;SUL;30;47.32;2022;0 Km;60;23898.08;1.13;4100.0;1804.0;13;N;N;EF;691;1.0;A1;RUIM;A3;;-1;0.0
obs2946;45;RJ;SULDESTE;30;36.85;2017;>= 3 anos;60;40742.21;1.29;8200.0;4264.0;12;N;N;EF;637;;;;;N;4;0.0
obs1384;89;MG;SULDESTE;30;79.11;2021;0 Km;12;10308.6;0.0;4448.5;2911.0;0;N;N;EF;737;1.0;A4;BOM;A1;S;0;0.0
obs4213;56;PB;NORDESTE;30;34.69;2018;>= 3 anos;60;23103.66;1.11;4100.0;4387.0;13;N;N;EF;671;;;;;S;3;0.0
obs2490;58;PE;NORDESTE;30;48.68;2015;>= 3 anos;48;16694.91;1.3;3690.0;2009.0;13;N;N;EF;653;;;;;S;6;0.0
obs5327;51;SP;SULDESTE;30;57.12;2021;0 Km;18;35307.97;0.34;6560.0;8610.0;31;N;N;EF;746;3.0;A4;BOM;A1;N;0;1.0
obs9110;47;SP;SULDESTE;30;35.32;2021;0 Km;49;53995.26;1.01;3444.0;2542.0;0;N;N;EF;717;3.0;A1;BOM;B3;N;0;0.0
obs1956;52;SC;SUL;30;11.37;2021;0 Km;60;39658.04;1.38;3936.0;1845.0;24;S;N;EF;691;1.0;A4;RUIM;C3;;0;0.0
obs8998;43;RS;SUL;30;48.11;2022;0 Km;49;28696.72;1.16;4920.0;1886.0;18;N;N;EF;737;3.0;A4;BOM;A3;N;-1;0.0
obs3991;43;PA;NORTE;30;17.48;2022;0 Km;60;44986.81;1.33;4100.0;533.0;0;N;N;EF;710;2.0;A2;BOM;C3;S;-1;0.0
obs6947;28;SP;SULDESTE;30;52.55;2016;>= 3 anos;36;22018.01;1.65;3690.0;861.0;23;N;N;EF;657;;;;;;5;0.0
obs302;38;BA;NORDESTE;30;79.81;2021;0 Km;36;13269.6;0.98;5740.0;5945.0;8;N;N;EF;612;3.0;A2;BOM;A1;N;0;0.0
obs326;49;MS;CENTRO-OESTE;30;54.12;2021;0 Km;48;21200.29;0.88;4920.0;4223.0;11;N;N;EF;674;3.0;A1;BOM;A2;S;0;0.0
obs1984;55;SC;SUL;30;31.0;2013;>= 3 anos;48;15401.29;1.68;1886.0;1271.0;26;N;N;EF;660;;;;;;8;0.0
obs7282;48;AM;NORTE;30;0.0;2018;>= 3 anos;24;16029.6;1.68;4920.0;1517.0;0;N;N;EF;669;;;;;S;3;0.0
obs6921;77;SP;SULDESTE;30;0.0;2013;>= 3 anos;48;27595.61;1.63;2706.0;1763.0;30;N;N;EF;696;;;;;S;8;0.0
obs6389;72;RJ;SULDESTE;30;50.0;2015;>= 3 anos;36;14357.34;1.14;3034.0;2050.0;16;N;N;EF;688;;;;;S;6;0.0
obs8348;43;PB;NORDESTE;30;45.75;2012;>= 3 anos;48;11609.48;1.58;1640.0;1189.0;22;N;N;EF;654;;;;;;9;0.0
obs5793;39;RJ;SULDESTE;30;54.0;2015;>= 3 anos;36;20000.51;0.99;3280.0;1312.0;21;N;N;EF;704;;;;;S;6;0.0
obs5565;34;PE;NORDESTE;30;44.83;2022;0 Km;60;23832.08;0.97;6560.0;902.0;8;N;N;EF;733;3.0;A2;BOM;A3;S;-1;0.0
obs1780;38;MA;NORDESTE;30;4.84;2018;>= 3 anos;60;37091.87;1.93;3444.0;861.0;31;N;N;EF;671;;;;;S;3;0.0
obs5323;64;PA;NORTE;30;38.78;2022;0 Km;49;50922.43;0.93;6560.0;2501.0;22;N;N;EF;696;3.0;A1;BOM;B3;N;-1;0.0
obs5356;75;PB;NORDESTE;30;28.0;2022;0 Km;49;31127.78;1.05;3690.0;1886.0;24;N;N;EF;692;3.0;A2;PESS;B3;S;-1;0.0
obs1045;29;SC;SUL;30;18.77;2014;>= 3 anos;48;37555.01;2.21;4185.02;1271.0;31;N;N;EF;681;;;;;N;7;1.0
obs3883;41;PE;NORDESTE;30;44.56;2021;0 Km;48;48800.14;1.0;4100.0;2173.0;0;N;N;EF;750;3.0;A2;BOM;A2;S;0;0.0
obs3392;73;SP;SULDESTE;30;43.62;2021;0 Km;37;36196.07;1.2;4100.0;1681.0;32;N;S;EF;760;3.0;A4;BOM;A2;S;0;0.0
obs6058;61;PB;NORDESTE;30;75.94;2021;0 Km;24;9657.77;0.5;1640.0;615.0;0;N;N;EF;764;1.0;A2;BOM;A1;;0;0.0
obs7049;41;SC;SUL;30;10.83;2022;0 Km;60;41762.09;1.28;3444.0;820.0;30;N;N;EF;693;3.0;A2;BOM;C3;S;-1;0.0
obs1559;21;CE;NORDESTE;30;42.08;2021;0 Km;48;26937.03;1.41;4100.0;0.0;19;N;N;EF;617;1.0;A0;BOM;A2;;0;0.0
obs552;50;ES;SULDESTE;30;28.7;2021;0 Km;49;35928.66;1.16;8597.49;8446.0;12;N;N;EF;678;3.0;A2;RUIM;B3;S;0;0.0
obs8944;55;SP;SULDESTE;30;29.64;2021;0 Km;36;61830.87;0.88;6970.0;2009.0;29;N;N;EF;705;2.0;A4;BOM;B1;S;0;0.0
obs4915;52;SC;SUL;30;9.55;2017;>= 3 anos;60;31877.62;1.51;4920.0;5986.0;16;N;N;EF;704;;;;;N;4;0.0
obs2983;22;MG;SULDESTE;30;45.51;2021;2 anos;60;21594.13;1.05;3280.0;2583.0;14;N;N;EF;674;;;;;;0;0.0
obs8250;45;BA;NORDESTE;30;26.35;2022;0 Km;37;60751.39;1.32;5576.0;451.0;42;N;N;EF;706;1.0;A1;BOM;B2;;-1;1.0
obs4632;38;MA;NORDESTE;30;33.57;2021;0 Km;49;63677.6;1.12;8200.0;1886.0;23;N;N;EF;669;3.0;A1;PESS;B3;S;0;0.0
obs2215;42;MA;NORDESTE;30;61.06;2021;0 Km;18;32665.48;0.0;12300.0;11849.0;15;N;N;EF;746;3.0;A2;BOM;A1;S;0;0.0
obs887;48;BA;NORDESTE;30;23.79;2021;0 Km;60;31959.79;1.61;6478.0;492.0;13;N;N;EF;674;3.0;A1;RUIM;B3;S;0;1.0
obs2833;75;PE;NORDESTE;30;35.06;2022;0 Km;49;57568.68;0.83;4346.0;1476.0;0;N;N;EF;737;3.0;A2;RUIM;B3;S;-1;0.0
obs6678;65;MA;NORDESTE;30;42.74;2022;0 Km;37;34264.38;1.34;4100.0;1066.0;31;N;N;EF;751;1.0;A1;BOM;A2;;-1;0.0
obs4256;53;RJ;SULDESTE;30;29.35;2021;0 Km;49;58992.25;0.83;9840.0;2214.0;0;N;N;EF;717;3.0;A2;PESS;B3;N;0;0.0
obs5556;40;AM;NORTE;30;29.97;2021;0 Km;49;49664.15;0.93;3280.0;1640.0;44;N;N;EF;658;3.0;A2;PESS;B3;S;0;0.0
obs7507;29;RS;SUL;30;76.69;2017;>= 3 anos;24;9351.88;1.04;6560.0;1066.0;7;N;N;EF;648;;;;;;4;0.0
obs3082;48;MG;SULDESTE;30;20.89;2022;0 Km;60;35400.51;0.88;47560.0;738.0;1;N;N;EF;755;3.0;A2;BOM;B3;N;-1;0.0
obs3409;31;SC;SUL;30;28.0;2021;0 Km;37;56353.49;1.34;2870.0;2501.0;74;S;N;EF;737;3.0;A1;BOM;B2;S;0;0.0
obs6773;65;BA;NORDESTE;30;16.46;2022;0 Km;60;36445.81;1.33;3189.75;1845.0;29;N;S;EF;692;1.0;A2;RUIM;C3;;-1;1.0
obs397;39;PB;NORDESTE;30;66.91;2021;0 Km;37;49368.82;1.08;12300.0;1968.0;14;N;N;EF;678;3.0;A1;RUIM;A2;S;0;0.0
obs1847;33;PA;NORTE;30;32.71;2022;0 Km;60;28697.52;1.17;2624.0;1353.0;26;N;N;EF;733;3.0;A2;BOM;B3;S;-1;0.0
obs4560;57;MA;NORDESTE;30;19.13;2021;0 Km;60;35025.17;1.5;4018.0;1804.0;23;N;N;EF;672;2.0;A1;RUIM;C3;N;0;0.0
obs8888;46;AM;NORTE;30;30.27;2021;0 Km;49;48772.73;1.25;5740.0;1312.0;26;N;N;EF;674;1.0;A2;BOM;B3;;0;0.0
obs2958;23;SC;SUL;30;46.97;2022;0 Km;36;23892.19;1.09;2050.0;779.0;39;N;N;EF;670;1.0;A1;BOM;A1;;-1;0.0
obs3628;36;PB;NORDESTE;30;76.88;2019;2 anos;48;34723.66;1.0;5494.0;1025.0;17;N;N;EF;653;;;;;N;2;0.0
obs1784;62;SP;SULDESTE;30;28.27;2018;>= 3 anos;60;22301.27;1.58;4100.0;3280.0;14;N;N;EF;660;;;;;N;3;0.0
obs3124;30;PE;NORDESTE;30;31.67;2013;>= 3 anos;48;17101.61;1.24;2460.0;1845.0;20;S;N;EF;664;;;;;N;8;0.0
obs3387;50;SP;SULDESTE;30;77.44;2021;0 Km;24;12391.79;0.71;5658.0;2132.0;0;N;N;EF;719;3.0;A2;PESS;A1;S;0;0.0
obs3481;44;MA;NORDESTE;30;13.31;2016;>= 3 anos;48;39000.04;1.92;4100.0;1312.0;31;N;N;EF;662;;;;;N;5;0.0
obs9325;40;SC;SUL;30;73.34;2015;>= 3 anos;36;26766.01;1.12;3444.0;2665.0;0;N;N;EF;687;;;;;S;6;0.0
obs1186;43;SC;SUL;30;0.0;2013;>= 3 anos;48;21179.76;2.01;2167.26;1312.0;33;N;N;EF;668;;;;;S;8;0.0
obs612;27;PA;NORTE;30;59.9;2021;0 Km;48;17306.6;0.95;5740.0;861.0;8;N;N;EF;685;1.0;A1;BOM;A2;;0;0.0
obs3782;68;PE;NORDESTE;30;15.78;2022;0 Km;60;66724.82;1.18;6150.0;1886.0;0;N;N;EF;707;1.0;A2;BOM;C3;;-1;0.0
obs4846;29;SC;SUL;30;19.92;2022;0 Km;60;34209.09;1.13;2665.0;943.0;31;N;N;EF;737;1.0;A2;BOM;C3;;-1;0.0
obs3019;61;SC;SUL;30;51.3;2016;>= 3 anos;48;26299.19;1.18;4100.0;1312.0;18;N;N;EF;665;;;;;S;5;0.0
obs9875;36;RS;SUL;30;59.15;2022;0 Km;48;33159.5;1.0;10660.0;8405.0;8;N;N;EF;693;2.0;A4;BOM;A2;S;-1;0.0
obs3125;31;RJ;SULDESTE;30;35.82;2021;0 Km;48;27429.01;0.78;8200.0;3321.0;8;N;N;EF;746;3.0;A1;BOM;B2;S;0;0.0
obs2932;64;DF;CENTRO-OESTE;30;28.0;2021;0 Km;37;47310.83;0.98;6560.0;1845.0;26;N;N;EF;665;3.0;A2;BOM;B2;N;0;0.0
obs8404;39;SC;SUL;30;33.51;2018;>= 3 anos;60;64613.01;1.3;5904.0;1886.0;26;N;S;EF;647;;;;;S;3;0.0
obs6609;50;SC;SUL;30;52.24;2022;0 Km;48;38390.63;0.88;3280.0;4264.0;31;N;N;EF;687;3.0;A4;RUIM;A2;S;-1;0.0
obs9937;60;SP;SULDESTE;30;63.09;2022;0 Km;24;30083.79;0.0;3854.0;4346.0;0;N;N;EF;777;3.0;A4;BOM;A1;N;-1;0.0
obs3980;69;MA;NORDESTE;30;25.22;2022;0 Km;60;50118.39;1.13;6068.0;4264.0;19;N;N;EF;679;1.0;A1;RUIM;B3;;-1;0.0
obs8294;56;RS;SUL;30;39.01;2022;0 Km;48;45431.27;1.21;7380.0;8446.0;17;N;N;EF;707;2.0;A4;RUIM;B2;S;-1;0.0
obs1288;50;SP;SULDESTE;30;48.62;2018;>= 3 anos;36;30550.41;1.2;4920.0;4387.0;21;N;N;EF;675;;;;;S;3;0.0
obs7937;53;CE;NORDESTE;30;27.95;2022;0 Km;49;31659.52;1.16;5740.0;2542.0;17;N;N;EF;706;2.0;A2;RUIM;B3;S;-1;0.0
obs7431;49;RS;SUL;30;0.0;2022;0 Km;48;65513.83;1.17;12300.0;2706.0;14;N;N;EF;742;3.0;A2;BOM;C2;N;-1;0.0
obs1864;68;RS;SUL;30;15.18;2022;0 Km;60;37898.14;1.38;3936.0;1353.0;23;N;N;EF;707;3.0;A4;BOM;C3;S;-1;0.0
obs4145;37;RS;SUL;30;63.59;2021;0 Km;18;35019.7;0.0;6806.0;4264.0;30;N;N;EF;746;3.0;A4;BOM;A1;N;0;0.0
obs4971;41;GO;CENTRO-OESTE;30;37.68;2021;0 Km;24;42012.05;0.92;7380.0;1312.0;27;N;N;EF;678;3.0;A2;BOM;B1;N;0;0.0
obs3384;29;RS;SUL;30;13.55;2017;>= 3 anos;60;27523.14;2.14;2378.0;1845.0;35;N;N;EF;633;;;;;N;4;0.0
obs9189;51;MG;SULDESTE;30;67.78;2021;0 Km;24;24239.5;1.29;13974.79;8282.0;0;N;N;EF;708;3.0;A4;RUIM;A1;S;0;0.0
obs3470;51;SC;SUL;30;68.74;2021;0 Km;60;19516.84;1.12;14760.0;11808.0;0;N;N;EF;759;3.0;A4;BOM;A3;S;0;0.0
obs7509;45;BA;NORDESTE;30;57.97;2018;>= 3 anos;36;13228.91;1.18;3280.0;1312.0;13;N;N;EF;675;;;;;;3;0.0
obs6314;56;PB;NORDESTE;30;30.3;2020;2 anos;48;29660.77;1.5;4100.0;1804.0;22;N;N;EF;660;;;;;S;1;0.0
obs5393;68;MG;SULDESTE;30;3.55;2021;0 Km;60;57577.28;1.12;4428.0;3280.0;31;N;N;EF;747;3.0;A4;BOM;C3;N;0;0.0
obs7501;48;RR;NORTE;30;46.76;2021;0 Km;37;26669.29;1.01;2431.4;2583.0;0;N;N;EF;650;3.0;A1;RUIM;A2;S;0;0.0
obs5252;60;SP;SULDESTE;30;66.66;2022;0 Km;36;16148.08;0.66;3690.0;1394.0;13;N;S;EF;760;1.0;A4;BOM;A1;;-1;0.0
obs2662;34;RJ;SULDESTE;30;10.12;2021;0 Km;24;36344.87;1.37;3772.0;2378.0;47;N;N;EF;733;3.0;A2;RUIM;C1;N;0;0.0
obs4894;64;MG;SULDESTE;30;0.0;2022;0 Km;48;40158.07;1.26;9840.0;4346.0;11;N;N;EF;747;3.0;A4;BOM;C2;S;-1;0.0
obs8992;72;MG;SULDESTE;30;35.39;2021;0 Km;60;44135.5;1.09;5084.0;1353.0;20;N;N;EF;692;2.0;A4;RUIM;B3;S;0;0.0
obs6116;55;PA;NORTE;30;68.37;2022;0 Km;37;18684.11;1.14;7379.18;6150.0;9;N;N;EF;751;3.0;A2;RUIM;A2;S;-1;0.0
obs6333;60;SP;SULDESTE;30;50.14;2015;>= 3 anos;36;15892.61;1.0;3230.93;3280.0;17;N;N;EF;707;;;;;N;6;0.0
obs2105;60;AP;NORTE;30;49.05;2022;0 Km;24;22406.68;0.87;20500.0;2173.0;5;N;N;EF;747;3.0;A2;BOM;A1;S;-1;0.0
obs5139;60;RJ;SULDESTE;30;39.64;2021;0 Km;60;45649.17;1.17;7790.0;3690.0;13;N;N;EF;711;3.0;A4;RUIM;B3;N;0;0.0
obs9303;51;PE;NORDESTE;30;30.73;2021;0 Km;49;48069.74;1.08;8200.0;2091.0;17;N;N;EF;687;3.0;A2;RUIM;B3;S;0;0.0
obs271;50;RJ;SULDESTE;30;0.0;2021;0 Km;60;40832.68;1.3;4100.0;1845.0;25;N;N;EF;715;1.0;A2;BOM;C3;;0;0.0
obs3685;69;SP;SULDESTE;30;45.98;2022;0 Km;48;40268.88;0.95;8200.0;3362.0;12;N;N;EF;747;3.0;A4;BOM;A2;S;-1;0.0
obs7318;36;MT;CENTRO-OESTE;30;28.32;2022;0 Km;36;33376.79;0.93;3690.0;1025.0;0;N;N;EF;710;2.0;A2;BOM;B1;S;-1;0.0
obs6298;25;PB;NORDESTE;30;13.17;2015;>= 3 anos;48;24225.93;1.68;3034.0;1148.0;25;N;S;EF;665;;;;;S;6;0.0
obs164;23;BA;NORDESTE;30;20.68;2021;0 Km;60;37284.55;0.96;4920.0;0.0;16;N;N;EF;617;1.0;A0;BOM;B3;;0;0.0
obs3264;64;SP;SULDESTE;30;20.42;2021;0 Km;60;59378.8;1.91;5904.0;1025.0;28;N;N;EF;668;1.0;A4;RUIM;B3;;0;0.0
obs8049;32;PE;NORDESTE;30;39.78;2014;>= 3 anos;36;21043.28;1.5;2870.0;1312.0;27;N;N;EF;681;;;;;S;7;0.0
obs1871;74;GO;CENTRO-OESTE;30;9.55;2021;0 Km;48;56718.37;1.11;4428.0;2460.0;34;N;N;EF;751;3.0;A2;BOM;C2;N;0;0.0
obs7678;44;AM;NORTE;30;22.95;2012;>= 3 anos;48;17821.2;1.83;2105.76;2911.0;27;N;N;EF;698;;;;;;9;0.0
obs1886;33;AL;NORDESTE;30;0.0;2022;0 Km;60;44899.68;1.23;4264.0;8282.0;26;N;N;EF;733;3.0;A2;BOM;C3;N;-1;0.0
obs8655;44;SC;SUL;30;52.3;2022;0 Km;36;27636.86;1.04;2870.0;1312.0;0;N;N;EF;710;1.0;A1;BOM;A1;;-1;0.0
obs3275;48;MT;CENTRO-OESTE;30;72.39;2021;0 Km;24;27012.35;0.0;9020.0;2583.0;12;N;N;EF;755;3.0;A4;BOM;A1;S;0;0.0
obs4553;76;SC;SUL;30;19.83;2022;0 Km;48;29362.64;1.03;2624.0;861.0;29;N;N;EF;683;1.0;A1;BOM;C2;;-1;0.0
obs7732;46;RS;SUL;30;59.5;2022;0 Km;18;53906.28;0.0;12300.0;3239.0;24;N;N;EF;755;2.0;A4;BOM;A1;N;-1;0.0
obs7193;45;PR;SUL;30;50.42;2022;0 Km;36;37674.2;0.68;5330.0;2501.0;23;N;S;EF;715;3.0;A1;PESS;A1;N;-1;0.0
obs5799;29;RJ;SULDESTE;30;40.48;2022;0 Km;60;25753.46;1.38;4920.0;1271.0;12;N;N;EF;659;3.0;A1;BOM;A3;S;-1;0.0
obs9604;46;RS;SUL;30;43.82;2022;0 Km;48;30646.8;1.07;2870.0;1558.0;29;N;N;EF;702;1.0;A2;RUIM;A2;;-1;0.0
obs2811;73;RS;SUL;30;58.65;2022;0 Km;36;15018.38;1.21;856.9;1312.0;63;N;N;EF;707;1.0;A2;BOM;A1;S;-1;0.0
obs2028;74;RJ;SULDESTE;30;33.81;2021;0 Km;48;54280.34;1.03;8200.0;1271.0;0;N;N;EF;777;3.0;A2;BOM;B2;S;0;0.0
obs2073;55;RJ;SULDESTE;30;35.85;2021;0 Km;36;29525.59;1.03;8200.0;11767.0;12;N;N;EF;751;3.0;A4;BOM;B1;S;0;0.0
obs9352;35;PE;NORDESTE;30;39.52;2022;0 Km;36;48957.84;1.45;6560.0;2583.0;28;N;N;EF;678;3.0;A1;BOM;B1;S;-1;1.0
obs2263;30;BA;NORDESTE;30;12.31;2021;0 Km;60;36660.08;1.55;3936.0;1066.0;0;N;N;EF;695;1.0;A1;BOM;C3;;0;0.0
obs2453;58;SP;SULDESTE;30;45.67;2019;2 anos;48;20781.31;1.05;2460.0;1845.0;22;N;N;EF;660;;;;;;2;0.0
obs7897;77;AL;NORDESTE;30;68.27;2022;0 Km;24;24350.54;1.34;7872.0;1722.0;15;N;N;EF;707;3.0;A2;PESS;A1;S;-1;0.0
obs8405;58;SC;SUL;30;28.61;2020;2 anos;60;42500.79;1.08;3116.0;1845.0;31;N;N;EF;707;;;;;S;1;0.0
obs1348;45;SP;SULDESTE;30;32.11;2021;0 Km;48;82443.67;1.06;13120.0;2952.0;17;N;N;EF;687;2.0;A2;RUIM;B2;S;0;1.0
obs4290;59;PR;SUL;30;0.0;2022;0 Km;60;43769.11;1.03;4100.0;3239.0;0;S;N;EF;768;3.0;A2;BOM;C3;S;-1;0.0
obs9791;59;RJ;SULDESTE;30;51.88;2021;2 anos;48;39405.91;1.16;4920.0;3813.0;21;N;N;EF;694;;;;;S;0;0.0
obs6472;84;RJ;SULDESTE;30;57.37;2022;0 Km;36;25563.17;1.19;2132.0;1230.0;41;N;N;EF;679;1.0;A4;RUIM;A1;;-1;0.0
obs1725;40;BA;NORDESTE;30;39.2;2021;0 Km;60;26984.06;1.47;2460.0;1681.0;28;N;N;EF;638;1.0;A2;RUIM;B3;S;0;0.0
obs5816;54;AM;NORTE;30;50.97;2022;0 Km;48;26269.9;0.95;2460.0;2501.0;29;N;N;EF;702;3.0;A4;RUIM;A2;S;-1;0.0
obs3514;28;SE;NORDESTE;30;40.47;2022;0 Km;60;32466.67;1.5;4264.0;1107.0;20;N;N;EF;654;1.0;A2;BOM;A3;;-1;0.0
obs1252;43;PR;SUL;30;67.99;2021;0 Km;36;14875.98;0.83;6560.0;1353.0;0;N;N;EF;663;3.0;A4;BOM;A1;N;0;0.0
obs8658;71;SC;SUL;30;70.13;2022;0 Km;48;13458.26;0.88;1558.0;1312.0;23;N;N;EF;747;3.0;A2;BOM;A2;S;-1;0.0
obs1065;44;AP;NORTE;30;61.67;2021;0 Km;24;34985.53;0.0;16400.0;10332.0;0;N;N;EF;708;3.0;A4;BOM;A1;S;0;0.0
obs1373;37;SP;SULDESTE;30;53.71;2021;0 Km;30;27826.35;0.0;3116.0;1312.0;0;N;N;EF;695;1.0;A2;BOM;A1;;0;0.0
obs7484;22;TO;NORTE;30;0.0;2022;0 Km;60;42402.37;1.5;2624.0;779.0;42;N;N;EF;725;1.0;A2;BOM;C3;;-1;0.0
obs5297;68;AP;NORTE;30;51.97;2021;0 Km;36;32775.87;0.98;24600.0;10988.0;4;N;N;EF;672;3.0;A1;PESS;A1;S;0;0.0
obs415;47;ES;SULDESTE;30;51.28;2013;>= 3 anos;18;16971.71;0.79;4920.0;1968.0;21;N;N;EF;659;;;;;N;8;0.0
obs8234;81;RS;SUL;30;74.22;2021;0 Km;24;18583.14;0.0;6560.0;3034.0;0;N;N;EF;777;3.0;A4;BOM;A1;S;0;0.0
obs3058;44;MA;NORDESTE;30;28.0;2021;0 Km;49;67297.23;1.03;4510.0;4264.0;44;N;N;EF;682;3.0;A4;PESS;B3;S;0;0.0
obs1139;58;PR;SUL;30;54.59;2021;0 Km;36;35552.94;0.92;5986.0;3403.0;19;N;N;EF;711;3.0;A4;BOM;A1;S;0;0.0
obs3646;31;RJ;SULDESTE;30;41.26;2021;0 Km;60;30202.04;1.14;4100.0;1353.0;17;N;N;EF;746;1.0;A1;BOM;A3;;0;0.0
obs299;40;PR;SUL;30;14.77;2012;>= 3 anos;48;20936.65;1.97;3198.0;3321.0;21;N;N;EF;646;;;;;N;9;0.0
obs1637;57;SC;SUL;30;31.76;2018;>= 3 anos;60;29628.33;1.79;3157.0;2419.0;26;N;N;EF;654;;;;;S;3;0.0
obs5815;44;MS;CENTRO-OESTE;30;85.25;2020;2 anos;36;9751.69;0.85;3280.0;1886.0;10;N;N;EF;698;;;;;S;1;0.0
obs381;53;GO;CENTRO-OESTE;30;30.01;2021;0 Km;48;35604.45;1.4;3936.0;1804.0;0;N;N;EF;663;3.0;A1;RUIM;B2;S;0;0.0
obs4936;55;RJ;SULDESTE;30;53.0;2022;0 Km;30;34204.8;0.0;4100.0;4305.0;0;N;N;EF;777;3.0;A4;BOM;A1;S;-1;0.0
obs3176;38;ES;SULDESTE;30;74.03;2021;0 Km;24;24695.48;0.0;6560.0;8323.0;16;N;N;EF;678;3.0;A2;RUIM;A1;N;0;0.0
obs7423;65;PE;NORDESTE;30;0.0;2019;2 anos;60;33534.78;1.46;3772.0;2952.0;23;N;N;EF;654;;;;;S;2;1.0
obs7157;40;TO;NORTE;30;50.63;2021;0 Km;60;32694.69;1.18;4920.0;861.0;16;N;N;EF;665;3.0;A2;PESS;A3;N;0;0.0
obs5477;40;PI;NORDESTE;30;30.04;2021;0 Km;49;61552.84;0.93;5138.37;1271.0;0;N;N;EF;697;3.0;A2;RUIM;B3;S;0;0.0
obs6466;73;SP;SULDESTE;30;26.18;2022;0 Km;60;54627.05;1.03;3690.0;861.0;33;N;N;EF;696;3.0;A4;BOM;B3;N;-1;0.0
obs1395;42;GO;CENTRO-OESTE;30;75.29;2021;0 Km;24;23112.95;0.0;6478.0;9020.0;15;N;N;EF;746;3.0;A4;BOM;A1;N;0;0.0
obs5395;52;DF;CENTRO-OESTE;30;71.14;2021;0 Km;18;24236.83;0.0;10660.0;11767.0;12;N;N;EF;715;3.0;A2;PESS;A1;S;0;0.0
obs1795;41;PR;SUL;30;28.0;2021;0 Km;49;62274.64;0.88;5740.0;1886.0;31;N;N;EF;737;3.0;A4;BOM;B3;S;0;0.0
obs8468;66;PE;NORDESTE;30;41.12;2022;0 Km;49;53133.57;1.38;5740.0;3444.0;0;N;N;EF;777;3.0;A2;BOM;A3;S;-1;0.0
obs9293;39;PR;SUL;30;28.18;2021;0 Km;49;66544.84;1.01;3690.0;861.0;53;N;N;EF;737;3.0;A4;BOM;B3;S;0;0.0
obs7721;66;DF;CENTRO-OESTE;30;28.01;2021;0 Km;37;70531.74;0.74;10660.0;12587.0;0;N;N;EF;777;3.0;A2;BOM;B2;S;0;0.0
obs9157;61;MG;SULDESTE;30;61.27;2021;0 Km;24;34426.25;0.66;5740.0;2665.0;27;N;N;EF;747;3.0;A4;BOM;A1;S;0;0.0
obs7683;68;PE;NORDESTE;30;30.01;2022;0 Km;49;40155.4;1.16;3690.0;902.0;0;N;N;EF;696;1.0;A2;RUIM;B3;;-1;0.0
obs8080;61;RJ;SULDESTE;30;71.3;2020;2 anos;12;13360.51;1.19;4920.0;1558.0;24;N;N;EF;688;;;;;;1;0.0
obs5169;45;SP;SULDESTE;30;5.43;2022;0 Km;60;75228.48;1.05;6898.41;1312.0;25;N;N;EF;755;3.0;A2;BOM;C3;N;-1;0.0
obs6358;38;PA;NORTE;30;0.0;2022;0 Km;60;44687.47;1.39;3977.0;4264.0;28;N;N;EF;733;3.0;A2;RUIM;C3;S;-1;0.0
obs9435;35;AM;NORTE;30;34.14;2021;0 Km;60;55412.73;1.1;12300.0;5904.0;10;N;N;EF;737;2.0;A2;BOM;B3;S;0;0.0
obs1453;71;PR;SUL;30;76.14;2021;0 Km;24;23127.84;0.0;8200.0;2337.0;0;N;N;EF;777;3.0;A4;BOM;A1;S;0;0.0
obs7047;42;RJ;SULDESTE;30;50.6;2021;0 Km;36;33879.77;0.59;11480.0;8405.0;9;N;N;EF;737;3.0;A2;BOM;A1;S;0;0.0
obs6541;56;PI;NORDESTE;30;44.46;2022;0 Km;36;31970.73;1.31;7380.0;4182.0;0;N;N;EF;677;1.0;A2;BOM;A1;S;-1;0.0
obs697;43;MG;SULDESTE;30;40.42;2019;2 anos;48;43901.4;1.14;12300.0;8446.0;10;N;N;EF;675;;;;;S;2;0.0
obs5607;57;SP;SULDESTE;30;52.49;2019;2 anos;60;33901.95;1.12;12054.0;6970.0;6;N;N;EF;678;;;;;S;2;0.0
obs1276;51;BA;NORDESTE;30;2.07;2021;0 Km;60;40014.11;1.35;4920.0;1804.0;19;N;N;EF;755;1.0;A1;BOM;C3;;0;0.0
obs917;32;PA;NORTE;30;5.21;2021;0 Km;60;39779.68;1.56;2870.0;1927.0;37;N;N;EF;682;3.0;A2;RUIM;C3;S;0;0.0
obs5593;48;MG;SULDESTE;30;29.68;2021;0 Km;48;102125.37;1.03;20500.0;2501.0;13;N;N;EF;676;3.0;A1;BOM;B2;S;0;0.0
obs700;30;RS;SUL;30;22.48;2021;0 Km;60;33998.8;1.28;3280.0;820.0;24;N;N;EF;693;1.0;A1;BOM;B3;;0;0.0
obs6727;68;SP;SULDESTE;30;42.4;2022;0 Km;48;34614.35;1.12;4100.0;2255.0;0;N;N;EF;764;3.0;A4;BOM;A2;S;-1;0.0
obs3087;35;SP;SULDESTE;30;64.29;2019;2 anos;36;17013.11;1.0;8200.0;2583.0;6;N;N;EF;664;;;;;S;2;0.0
obs6287;49;AP;NORTE;30;0.6;2022;0 Km;60;45914.84;1.67;1488.69;1845.0;85;N;N;EF;676;1.0;A2;RUIM;C3;;-1;0.0
obs6955;46;RN;NORDESTE;30;45.7;2022;0 Km;24;43391.57;0.82;12300.0;2009.0;17;N;N;EF;702;2.0;A2;BOM;A1;N;-1;0.0
obs2966;58;MT;CENTRO-OESTE;30;29.92;2022;0 Km;49;59246.23;0.93;2214.0;861.0;78;N;N;EF;751;3.0;A2;BOM;B3;S;-1;0.0
obs4707;41;PE;NORDESTE;30;42.55;2018;>= 3 anos;48;34124.08;1.24;4100.0;533.0;24;N;N;EF;664;;;;;N;3;0.0
obs2551;26;SE;NORDESTE;30;48.48;2015;>= 3 anos;48;16975.97;1.48;1722.0;820.0;28;N;N;EF;643;;;;;;6;0.0
obs6671;73;RS;SUL;30;73.93;2022;0 Km;18;16902.05;0.4;6396.0;1476.0;15;N;N;EF;692;3.0;A4;RUIM;A1;N;-1;0.0
obs1717;42;RS;SUL;30;28.23;2021;0 Km;37;62633.8;1.04;5330.0;1066.0;41;N;N;EF;746;3.0;A2;BOM;B2;S;0;0.0
obs8786;28;RN;NORDESTE;30;13.43;2022;0 Km;60;40651.74;1.18;4920.0;1025.0;19;N;N;EF;733;3.0;A2;BOM;C3;S;-1;0.0
obs2954;58;CE;NORDESTE;30;66.88;2021;0 Km;49;16694.33;1.16;2870.0;1312.0;17;N;N;EF;683;1.0;A1;BOM;A3;;0;0.0
obs5153;50;MA;NORDESTE;30;0.0;2022;0 Km;60;44887.23;1.42;4100.0;820.0;0;N;N;EF;719;3.0;A2;BOM;C3;S;-1;0.0
obs1597;42;DF;CENTRO-OESTE;30;28.0;2021;0 Km;49;49686.89;0.93;11152.0;6068.0;12;N;N;EF;669;3.0;A2;RUIM;B3;S;0;0.0
obs3929;38;SP;SULDESTE;30;59.41;2018;>= 3 anos;24;18050.61;0.9;4100.0;1845.0;20;N;N;EF;700;;;;;N;3;0.0
obs4479;56;SP;SULDESTE;30;73.14;2022;0 Km;24;21360.65;0.0;3526.0;4305.0;25;N;N;EF;760;3.0;A4;BOM;A1;S;-1;0.0
obs5525;34;MA;NORDESTE;30;35.01;2021;0 Km;49;47135.7;1.35;4920.0;779.0;29;N;N;EF;669;3.0;A1;RUIM;B3;S;0;0.0
obs7008;36;SP;SULDESTE;30;9.44;2019;2 anos;60;40867.31;1.74;2952.0;1886.0;38;N;N;EF;658;;;;;S;2;1.0
obs1744;39;MT;CENTRO-OESTE;30;79.51;2021;0 Km;18;18040.05;0.0;6560.0;4346.0;15;N;N;EF;667;3.0;A1;PESS;A1;N;0;0.0
obs6131;22;BA;NORDESTE;30;14.31;2022;0 Km;60;37367.11;1.23;3198.0;984.0;28;N;N;EF;685;1.0;A2;BOM;C3;;-1;0.0
obs498;58;SP;SULDESTE;30;28.84;2021;0 Km;60;64188.81;1.28;9020.0;8323.0;17;N;N;EF;747;3.0;A4;BOM;B3;N;0;0.0
obs7093;55;RJ;SULDESTE;30;33.0;2022;0 Km;36;42137.54;0.99;9130.04;8487.0;16;N;N;EF;747;3.0;A4;BOM;B1;S;-1;0.0
obs6264;37;SP;SULDESTE;30;40.01;2021;0 Km;48;32659.44;1.33;4100.0;1353.0;22;N;N;EF;659;1.0;A2;RUIM;A2;;0;1.0
obs2384;62;DF;CENTRO-OESTE;30;0.0;2021;0 Km;60;40311.44;1.37;3444.0;1927.0;29;N;N;EF;720;3.0;A1;BOM;C3;S;0;0.0
obs8452;58;SC;SUL;30;26.46;2022;0 Km;60;34292.09;1.09;3116.0;1271.0;26;N;N;EF;720;2.0;A2;BOM;B3;S;-1;0.0
obs6316;22;SC;SUL;30;22.21;2021;0 Km;60;42990.49;1.5;3690.0;738.0;30;N;N;EF;670;1.0;A2;BOM;B3;;0;1.0
obs9133;47;MG;SULDESTE;30;50.51;2022;0 Km;36;27816.51;1.14;3690.0;2911.0;25;N;N;EF;663;3.0;A1;BOM;A1;S;-1;0.0
obs5360;62;SC;SUL;30;57.6;2022;0 Km;36;36332.23;0.83;2460.0;1558.0;0;N;N;EF;764;1.0;A4;BOM;A1;S;-1;0.0
obs2448;62;RS;SUL;30;53.69;2022;0 Km;18;20366.88;0.49;16400.0;2050.0;0;N;N;EF;728;3.0;A4;BOM;A1;S;-1;0.0
obs1925;44;RS;SUL;30;16.91;2021;0 Km;60;55393.42;1.08;7380.0;6068.0;17;S;N;EF;737;3.0;A4;BOM;C3;S;0;0.0
obs4423;50;BA;NORDESTE;30;46.3;2015;>= 3 anos;36;25074.11;1.0;6560.0;8569.0;13;N;N;EF;662;;;;;S;6;0.0
obs2754;44;PE;NORDESTE;30;30.11;2022;0 Km;48;32248.93;1.05;4510.0;2009.0;19;N;N;EF;733;3.0;A2;PESS;B2;S;-1;0.0
obs6227;53;SC;SUL;30;14.93;2013;>= 3 anos;48;23078.79;1.94;3116.0;1394.0;24;N;S;EF;665;;;;;S;8;0.0
obs43;58;SC;SUL;30;46.97;2021;0 Km;48;44747.17;1.1;4510.0;1886.0;26;N;N;EF;747;3.0;A4;BOM;A2;N;0;0.0
obs6717;62;SC;SUL;30;31.08;2013;>= 3 anos;48;21585.62;1.41;3977.0;1845.0;16;N;N;EF;665;;;;;S;8;0.0
obs3805;63;RS;SUL;30;28.07;2022;0 Km;49;35250.44;1.16;4100.0;4264.0;25;N;N;EF;696;1.0;A1;BOM;B3;S;-1;0.0
obs6777;28;PR;SUL;30;0.0;2022;0 Km;60;48560.81;0.99;1558.0;820.0;72;N;N;EF;746;3.0;A2;BOM;C3;N;-1;0.0
obs1024;31;GO;CENTRO-OESTE;30;1.93;2016;>= 3 anos;60;22165.09;2.17;3280.0;1025.0;21;N;N;EF;671;;;;;N;5;0.0
obs8340;71;SP;SULDESTE;30;29.41;2018;>= 3 anos;48;40875.61;1.39;8200.0;2501.0;14;N;N;EF;657;;;;;N;3;0.0
obs241;24;GO;CENTRO-OESTE;30;30.07;2021;0 Km;60;29387.75;1.21;2378.0;1148.0;29;N;N;EF;685;3.0;A1;BOM;B3;N;0;0.0
obs5247;37;SC;SUL;30;34.43;2017;>= 3 anos;60;34283.79;1.31;7052.0;5904.0;11;N;N;EF;653;;;;;;4;0.0
obs1228;48;CE;NORDESTE;30;51.85;2014;>= 3 anos;48;11700.51;1.33;2624.0;2583.0;13;N;N;EF;650;;;;;S;7;0.0
obs7953;43;BA;NORDESTE;30;29.38;2022;0 Km;49;58287.12;1.22;4592.0;1804.0;39;N;N;EF;697;3.0;A1;BOM;B3;N;-1;1.0
obs1556;57;MT;CENTRO-OESTE;30;63.0;2021;0 Km;24;28467.34;0.0;9840.0;8323.0;0;N;N;EF;777;3.0;A4;BOM;A1;N;0;0.0
obs1735;62;RS;SUL;30;0.0;2018;>= 3 anos;60;34513.4;2.06;3690.0;2542.0;28;N;S;EF;660;;;;;;3;0.0
obs5539;48;SC;SUL;30;41.14;2021;0 Km;48;47680.82;1.05;6560.0;4305.0;19;N;N;EF;702;2.0;A4;BOM;A2;S;0;0.0
obs2565;36;SP;SULDESTE;30;45.74;2021;0 Km;48;25402.13;1.08;1968.0;2542.0;34;N;N;EF;746;3.0;A1;BOM;A2;N;0;0.0
obs6274;21;SC;SUL;30;63.0;2022;0 Km;24;29014.72;0.0;4264.0;1312.0;29;N;N;EF;670;1.0;A2;BOM;A1;S;-1;0.0
obs8060;33;PB;NORDESTE;30;20.0;2022;0 Km;36;33977.98;1.06;3444.0;2337.0;33;N;N;EF;706;1.0;A2;BOM;C1;;-1;0.0
obs1944;31;RS;SUL;30;29.05;2021;0 Km;49;43771.72;1.16;4018.0;2583.0;32;N;N;EF;669;3.0;A2;PESS;B3;;0;0.0
obs438;49;SP;SULDESTE;30;21.92;2021;0 Km;49;43362.45;1.05;4100.0;2091.0;0;N;N;EF;732;2.0;A4;BOM;B3;S;0;0.0
obs3153;39;SC;SUL;30;32.91;2020;2 anos;60;23078.79;1.06;2376.02;2583.0;22;N;N;EF;677;;;;;S;1;0.0
obs6149;33;SP;SULDESTE;30;57.53;2012;>= 3 anos;12;9327.31;1.04;2624.0;1312.0;31;S;N;EF;642;;;;;;9;0.0
obs4394;48;PE;NORDESTE;30;28.81;2022;0 Km;49;37185.66;1.16;3034.0;2624.0;37;N;N;EF;746;3.0;A2;BOM;B3;N;-1;0.0
obs5773;42;CE;NORDESTE;30;0.0;2022;0 Km;60;42813.89;1.33;3690.0;1230.0;29;N;N;EF;733;2.0;A1;BOM;C3;N;-1;0.0
obs6396;36;SP;SULDESTE;30;81.15;2022;0 Km;18;15305.8;0.99;6560.0;1640.0;14;N;N;EF;737;3.0;A1;BOM;A1;S;-1;0.0
obs8606;24;BA;NORDESTE;30;27.27;2022;0 Km;49;60675.03;1.07;5330.0;820.0;34;N;N;EF;661;1.0;A1;BOM;B3;;-1;1.0
obs781;58;BA;NORDESTE;30;64.38;2018;>= 3 anos;24;22584.11;1.02;12300.0;2542.0;9;N;N;EF;643;;;;;S;3;0.0
obs5689;41;BA;NORDESTE;30;58.94;2022;0 Km;18;17439.64;0.65;5330.0;1845.0;20;N;N;EF;693;3.0;A2;RUIM;A1;N;-1;0.0
obs9152;51;PR;SUL;30;43.29;2022;0 Km;60;50761.97;1.42;8200.0;1066.0;15;N;N;EF;702;3.0;A2;RUIM;A3;S;-1;0.0
obs6353;55;RJ;SULDESTE;30;35.82;2021;0 Km;60;53534.17;1.33;4100.0;2706.0;33;N;N;EF;679;3.0;A4;RUIM;B3;S;0;0.0
obs3021;36;PR;SUL;30;28.0;2021;0 Km;49;44203.58;1.1;9840.0;1968.0;13;N;S;EF;737;3.0;A2;BOM;B3;S;0;0.0
obs7261;51;BA;NORDESTE;30;1.78;2022;0 Km;60;45224.72;1.08;2675.42;2501.0;40;N;N;EF;746;3.0;A2;BOM;C3;N;-1;0.0
obs5237;31;SC;SUL;30;31.08;2013;>= 3 anos;48;22248.79;1.48;2337.0;1312.0;29;N;N;EF;658;;;;;S;8;1.0
obs2417;69;RJ;SULDESTE;30;38.36;2022;0 Km;60;45517.65;1.12;6560.0;2542.0;16;N;N;EF;692;3.0;A4;BOM;B3;;-1;0.0
obs7978;78;SP;SULDESTE;30;35.64;2018;>= 3 anos;48;30351.21;1.27;4920.0;1681.0;17;N;N;EF;671;;;;;S;3;0.0
obs4108;52;GO;CENTRO-OESTE;30;53.0;2021;0 Km;30;28716.28;0.0;4592.0;4305.0;21;N;N;EF;755;3.0;A1;BOM;A1;S;0;0.0
obs5901;68;RS;SUL;30;41.16;2022;0 Km;60;54202.59;0.92;11480.0;2706.0;10;N;N;EF;751;3.0;A4;BOM;A3;S;-1;0.0
obs9469;31;AM;NORTE;30;45.2;2021;0 Km;49;50161.32;1.01;6970.0;1189.0;21;N;N;EF;737;3.0;A2;BOM;A3;S;0;0.0
obs4027;69;MS;CENTRO-OESTE;30;68.06;2021;0 Km;18;55423.51;0.61;16400.0;1722.0;20;N;N;EF;760;1.0;A2;BOM;A1;;0;0.0
obs5238;34;PE;NORDESTE;30;58.82;2020;2 anos;36;29559.91;1.23;4920.0;1025.0;21;N;N;EF;671;;;;;S;1;0.0
obs6425;55;DF;CENTRO-OESTE;30;63.6;2022;0 Km;24;34038.3;0.0;7380.0;1886.0;19;N;N;EF;760;3.0;A4;BOM;A1;S;-1;0.0
obs140;74;MA;NORDESTE;30;20.0;2013;>= 3 anos;48;17752.87;1.9;2870.0;1312.0;19;N;N;EF;684;;;;;S;8;1.0
obs2225;63;RJ;SULDESTE;30;20.66;2021;0 Km;48;32540.98;1.3;2460.0;1476.0;38;N;N;EF;692;3.0;A4;RUIM;B2;N;0;0.0
obs1141;51;RJ;SULDESTE;30;68.97;2015;>= 3 anos;36;15850.51;1.19;4510.0;1230.0;12;N;N;EF;685;;;;;N;6;0.0
obs8989;33;RO;NORTE;30;41.07;2021;0 Km;49;52161.22;1.01;4510.0;1271.0;33;N;N;EF;669;1.0;A2;RUIM;A3;;0;0.0
obs7070;44;SP;SULDESTE;30;64.52;2021;0 Km;18;24438.29;0.0;8200.0;11890.0;16;N;N;EF;746;3.0;A4;BOM;A1;N;0;0.0
obs9478;60;SP;SULDESTE;30;28.64;2022;0 Km;49;34498.19;1.22;2460.0;1517.0;43;N;N;EF;696;1.0;A4;BOM;B3;;-1;0.0
obs8564;35;PE;NORDESTE;30;14.34;2022;0 Km;60;37775.25;1.61;3198.0;820.0;0;N;N;EF;695;1.0;A2;BOM;C3;;-1;0.0
obs3146;58;PR;SUL;30;28.46;2022;0 Km;48;32314.28;1.04;6560.0;1558.0;13;N;N;EF;711;3.0;A1;RUIM;B2;N;-1;0.0
obs9160;55;RJ;SULDESTE;30;23.94;2022;0 Km;49;60462.18;1.01;8200.0;1804.0;0;N;N;EF;713;2.0;A2;RUIM;B3;S;-1;0.0
obs9269;38;PR;SUL;30;63.7;2022;0 Km;36;17510.51;0.83;2296.0;1353.0;24;N;N;EF;733;3.0;A2;BOM;A1;S;-1;0.0
obs7486;37;DF;CENTRO-OESTE;30;0.0;2022;0 Km;60;45132.08;1.39;3690.0;2501.0;31;N;N;EF;693;3.0;A2;BOM;C3;S;-1;0.0
obs5722;72;PE;NORDESTE;30;3.62;2022;0 Km;60;42099.55;1.12;3270.98;820.0;30;N;N;EF;747;3.0;A1;BOM;C3;;-1;0.0
obs844;48;RS;SUL;30;31.05;2021;0 Km;49;42903.54;1.16;4920.0;4346.0;25;N;N;EF;706;1.0;A4;BOM;B3;;0;0.0
obs870;32;SC;SUL;30;30.13;2021;0 Km;60;32632.92;1.18;3239.0;1804.0;23;N;N;EF;693;3.0;A2;BOM;B3;N;0;0.0
obs431;69;RJ;SULDESTE;30;0.0;2021;0 Km;60;42368.18;1.5;2132.0;1886.0;52;N;N;EF;692;1.0;A4;BOM;C3;S;0;0.0
obs8319;64;SC;SUL;30;11.98;2022;0 Km;60;41679.09;1.44;3690.0;1845.0;0;N;N;EF;707;1.0;A1;BOM;C3;S;-1;0.0
obs3771;37;PE;NORDESTE;30;74.04;2021;0 Km;18;21509.74;0.0;6970.0;4264.0;18;N;N;EF;746;3.0;A2;BOM;A1;S;0;0.0
obs3862;85;MA;NORDESTE;30;16.0;2019;2 anos;48;39514.64;1.97;25420.0;984.0;5;N;N;EF;678;;;;;;2;0.0
obs5449;68;SP;SULDESTE;30;47.83;2018;>= 3 anos;60;30907.31;1.21;4100.0;8323.0;18;N;N;EF;654;;;;;S;3;0.0
obs7587;47;MA;NORDESTE;30;49.08;2022;0 Km;37;23957.95;1.13;3526.0;3239.0;25;N;N;EF;746;3.0;A4;BOM;A2;S;-1;0.0
obs2941;63;SC;SUL;30;78.68;2019;2 anos;24;7806.79;1.04;2706.0;1968.0;14;N;N;EF;654;;;;;S;2;0.0
obs1443;66;BA;NORDESTE;30;0.0;2021;0 Km;60;54040.28;1.23;9840.0;1148.0;13;N;N;EF;747;3.0;A2;BOM;C3;S;0;0.0
obs3959;67;RS;SUL;30;72.02;2022;0 Km;24;23695.18;0.0;1066.0;2624.0;0;N;N;EF;737;3.0;A4;RUIM;A1;N;-1;0.0
obs4586;50;SP;SULDESTE;30;26.2;2021;0 Km;48;40528.67;1.43;3690.0;2542.0;33;S;N;EF;687;3.0;A1;RUIM;B2;N;0;0.0
obs861;33;SP;SULDESTE;30;33.34;2019;2 anos;36;34224.15;1.1;6560.0;1804.0;17;N;N;EF;661;;;;;N;2;0.0
obs663;39;GO;CENTRO-OESTE;30;39.3;2014;>= 3 anos;48;12620.09;1.55;3116.0;820.0;12;N;N;EF;677;;;;;S;7;0.0
obs7800;73;MG;SULDESTE;30;77.33;2022;0 Km;24;19084.37;0.96;6560.0;1558.0;14;N;N;EF;751;1.0;A4;BOM;A1;;-1;0.0
obs8990;82;MG;SULDESTE;30;56.67;2022;0 Km;36;26216.02;1.23;6560.0;1148.0;13;N;N;EF;692;3.0;A4;BOM;A1;S;-1;0.0
obs149;55;SC;SUL;30;12.34;2021;0 Km;60;40273.47;1.14;6478.0;861.0;15;N;N;EF;760;3.0;A2;RUIM;C3;S;0;0.0
obs9206;54;PR;SUL;30;53.29;2022;0 Km;36;22781.01;0.69;3034.0;2624.0;0;N;N;EF;763;1.0;A4;BOM;A1;;-1;0.0
obs7472;82;SC;SUL;30;72.58;2019;2 anos;36;15311.01;1.03;2377.89;2009.0;0;N;N;EF;688;;;;;S;2;0.0
obs4563;62;SC;SUL;30;16.29;2021;0 Km;60;34392.52;1.08;6970.0;1927.0;11;N;N;EF;711;3.0;A2;BOM;C3;N;0;0.0
obs6178;74;RO;NORTE;30;21.81;2022;0 Km;49;34413.62;1.16;3280.0;1845.0;31;N;N;EF;683;1.0;A1;BOM;B3;;-1;0.0
obs1428;44;PR;SUL;30;45.31;2021;0 Km;37;95322.83;1.16;12300.0;1312.0;28;N;N;EF;669;2.0;A2;BOM;A2;S;0;0.0
obs8346;37;RJ;SULDESTE;30;15.68;2014;>= 3 anos;48;25977.34;1.82;3263.6;1681.0;25;N;N;EF;668;;;;;S;7;0.0
obs9782;20;MA;NORDESTE;30;23.49;2022;0 Km;48;27937.04;1.41;1640.0;2501.0;49;N;N;EF;604;1.0;A0;BOM;B2;S;-1;0.0
obs2;75;AP;NORTE;30;62.57;2021;0 Km;12;25654.47;0.0;16400.0;11767.0;13;N;N;EF;673;3.0;A1;RUIM;A1;S;0;0.0
obs8287;63;SP;SULDESTE;30;79.21;2022;0 Km;36;16040.47;0.88;8200.0;6191.0;6;N;N;EF;747;3.0;A4;BOM;A1;N;-1;0.0
obs8143;57;SP;SULDESTE;30;43.12;2022;0 Km;37;27271.08;1.04;12300.0;6109.0;8;N;N;EF;720;3.0;A4;BOM;A2;S;-1;0.0
obs1;62;RJ;SULDESTE;30;0.0;2018;>= 3 anos;60;31537.51;1.77;3690.0;1599.0;24;N;S;EF;664;;;;;S;3;0.0
obs5428;43;PI;NORDESTE;30;23.05;2021;0 Km;60;77789.51;1.28;10950.81;6027.0;17;N;N;EF;733;2.0;A2;BOM;B3;N;0;0.0
obs8916;52;SC;SUL;30;43.14;2015;>= 3 anos;36;25153.79;1.96;4100.0;1845.0;23;N;N;EF;662;;;;;S;6;0.0
obs4635;61;PR;SUL;30;72.18;2021;0 Km;24;25396.15;0.0;8200.0;3075.0;13;N;N;EF;760;2.0;A4;BOM;A1;S;0;0.0
obs7829;67;RS;SUL;30;49.91;2022;0 Km;24;34128.37;0.75;9840.0;2132.0;0;N;N;EF;709;3.0;A4;BOM;A1;N;-1;0.0
obs5365;35;SP;SULDESTE;30;20.13;2022;0 Km;60;42932.06;1.46;4746.41;1353.0;23;N;N;EF;678;3.0;A1;BOM;B3;S;-1;0.0
obs7153;65;BA;NORDESTE;30;28.62;2021;0 Km;49;44233.7;1.19;2870.0;1353.0;46;N;N;EF;668;3.0;A1;BOM;B3;S;0;0.0
obs8882;66;RS;SUL;30;76.05;2022;0 Km;60;11329.67;1.2;2870.0;1066.0;9;N;N;EF;660;1.0;A4;RUIM;A3;;-1;0.0
obs4038;36;SP;SULDESTE;30;50.08;2016;>= 3 anos;36;26682.61;1.09;3280.0;4264.0;27;N;N;EF;653;;;;;N;5;0.0
obs110;69;PE;NORDESTE;30;20.4;2021;0 Km;60;43155.71;1.18;3490.22;4428.0;30;N;N;EF;747;3.0;A1;BOM;B3;S;0;0.0
obs8705;42;SP;SULDESTE;30;77.8;2022;0 Km;36;16914.3;1.04;3198.0;2542.0;0;N;N;EF;682;3.0;A2;RUIM;A1;S;-1;0.0
obs3650;51;SP;SULDESTE;30;0.0;2016;>= 3 anos;60;58389.44;1.5;2250.08;1886.0;0;N;N;EF;686;;;;;S;5;0.0
obs2676;52;RJ;SULDESTE;30;50.0;2021;0 Km;36;31165.67;1.23;8200.0;1435.0;13;N;N;EF;702;3.0;A2;RUIM;A1;N;0;0.0
obs5999;38;PA;NORTE;30;18.65;2022;0 Km;60;35724.3;1.55;1640.0;1312.0;0;N;N;EF;682;1.0;A2;RUIM;C3;;-1;0.0
obs3925;41;MA;NORDESTE;30;39.21;2021;0 Km;49;57535.6;1.07;9840.0;2993.0;0;N;N;EF;754;3.0;A2;BOM;B3;S;0;0.0
obs3917;40;MG;SULDESTE;30;74.25;2019;2 anos;12;9749.36;0.99;6560.0;2337.0;13;N;N;EF;704;;;;;N;2;0.0
obs9458;35;DF;CENTRO-OESTE;30;41.41;2022;0 Km;49;42022.9;1.49;9840.0;4346.0;15;N;N;EF;658;2.0;A2;RUIM;A3;S;-1;0.0
obs5273;34;SP;SULDESTE;30;26.34;2022;0 Km;37;32256.06;1.0;2460.0;1845.0;45;N;N;EF;691;3.0;A2;BOM;B2;N;-1;0.0
obs5088;52;MT;CENTRO-OESTE;30;40.7;2021;0 Km;37;62411.85;1.19;13940.0;2501.0;16;N;N;EF;674;3.0;A4;RUIM;A2;N;0;0.0
obs542;37;PR;SUL;30;28.54;2021;0 Km;48;28931.31;1.31;2841.3;820.0;30;N;N;EF;669;3.0;A2;RUIM;B2;N;0;0.0
obs1596;47;SP;SULDESTE;30;28.0;2021;0 Km;37;53894.59;0.87;3690.0;3239.0;0;S;N;EF;723;2.0;A4;PESS;B2;S;0;0.0
obs2656;53;PR;SUL;30;10.75;2021;0 Km;36;69914.94;1.18;9430.0;1435.0;25;N;N;EF;715;3.0;A2;BOM;C1;N;0;0.0
obs4186;32;MA;NORDESTE;30;29.09;2022;0 Km;48;32257.95;1.31;4100.0;1148.0;23;N;N;EF;678;3.0;A1;BOM;B2;N;-1;0.0
obs9340;47;DF;CENTRO-OESTE;30;34.82;2021;0 Km;49;59346.93;1.01;4920.0;1435.0;34;N;N;EF;746;3.0;A1;BOM;B3;S;0;0.0
obs7882;33;SP;SULDESTE;30;52.49;2018;>= 3 anos;60;16057.78;1.23;3526.0;1312.0;0;N;N;EF;681;;;;;;3;0.0
obs2587;46;MA;NORDESTE;30;25.26;2022;0 Km;37;32437.23;1.27;3403.0;779.0;0;N;N;EF;695;1.0;A1;RUIM;B2;;-1;0.0
obs7074;58;PR;SUL;30;28.54;2022;0 Km;37;59149.95;0.81;5740.0;6027.0;36;N;N;EF;751;3.0;A4;BOM;B2;N;-1;0.0
obs1578;48;AP;NORTE;30;66.48;2021;0 Km;36;24525.67;0.69;14760.0;8282.0;5;N;N;EF;746;3.0;A2;BOM;A1;S;0;0.0
obs7382;62;BA;NORDESTE;30;43.44;2022;0 Km;37;43980.55;0.87;4100.0;2501.0;38;N;N;EF;664;3.0;A1;RUIM;A2;N;-1;0.0
obs8830;34;PI;NORDESTE;30;50.72;2021;0 Km;48;43585.53;1.16;3772.0;1189.0;33;S;N;EF;665;1.0;A1;BOM;A2;;0;0.0
obs1934;60;CE;NORDESTE;30;61.49;2021;0 Km;24;34894.86;0.0;3280.0;6027.0;46;N;N;EF;760;3.0;A2;BOM;A1;S;0;0.0
obs9112;56;SC;SUL;30;27.54;2022;0 Km;48;47571.92;1.22;4920.0;492.0;26;N;N;EF;747;2.0;A1;BOM;B2;;-1;0.0
obs4797;45;SP;SULDESTE;30;61.01;2021;0 Km;18;34775.27;0.0;9840.0;1886.0;20;N;N;EF;715;3.0;A2;RUIM;A1;S;0;0.0
obs275;44;SP;SULDESTE;30;63.28;2021;0 Km;24;26913.51;0.11;3690.0;5945.0;32;N;N;EF;746;3.0;A2;BOM;A1;N;0;0.0
obs5786;70;DF;CENTRO-OESTE;30;28.8;2021;0 Km;49;58184.66;1.02;3690.0;1353.0;0;N;N;EF;698;3.0;A2;RUIM;B3;;0;0.0
obs4842;45;MT;CENTRO-OESTE;30;44.64;2021;0 Km;25;53239.52;1.16;6150.0;1845.0;0;N;N;EF;702;3.0;A4;PESS;A1;N;0;0.0
obs5605;70;SP;SULDESTE;30;76.92;2021;0 Km;24;20708.27;0.0;4920.0;2993.0;17;N;N;EF;720;3.0;A4;BOM;A1;N;0;0.0
obs5433;36;DF;CENTRO-OESTE;30;57.16;2014;>= 3 anos;48;13685.87;1.68;2419.0;451.0;18;N;N;EF;623;;;;;S;7;0.0
obs6159;56;SP;SULDESTE;30;39.98;2021;0 Km;48;43158.11;1.05;5904.0;3321.0;20;N;N;EF;747;3.0;A4;BOM;B2;S;0;0.0
obs5613;70;SP;SULDESTE;30;52.2;2018;>= 3 anos;48;42842.71;1.2;4100.0;1886.0;0;N;N;EF;654;;;;;S;3;0.0
obs7877;39;RS;SUL;30;39.35;2020;2 anos;60;25354.28;1.66;3280.0;1927.0;21;N;N;EF;681;;;;;N;1;0.0
obs5875;59;RS;SUL;30;42.21;2022;0 Km;48;28823.26;0.98;4920.0;1845.0;16;N;S;EF;696;3.0;A4;RUIM;A2;N;-1;0.0
obs7648;25;RJ;SULDESTE;30;18.38;2022;0 Km;60;37512.68;1.04;3280.0;369.0;26;S;N;EF;738;3.0;A1;BOM;C3;S;-1;0.0
obs4219;60;PE;NORDESTE;30;0.21;2022;0 Km;60;44382.88;1.39;3444.0;11767.0;0;N;N;EF;709;3.0;A1;BOM;C3;S;-1;0.0
obs8677;50;DF;CENTRO-OESTE;30;47.65;2022;0 Km;48;41129.82;0.88;4346.0;3444.0;24;N;N;EF;715;3.0;A2;BOM;A2;S;-1;0.0
obs960;31;SC;SUL;30;68.6;2019;2 anos;24;12712.93;1.19;3362.0;984.0;19;N;N;EF;647;;;;;N;2;0.0
obs645;25;DF;CENTRO-OESTE;30;42.0;2015;>= 3 anos;48;32470.43;1.89;4920.0;1025.0;21;S;N;EF;651;;;;;;6;0.0
obs8526;66;MA;NORDESTE;30;47.83;2022;0 Km;48;29209.36;1.52;7216.0;1476.0;12;N;N;EF;679;3.0;A1;RUIM;A2;S;-1;0.0
obs6117;35;ES;SULDESTE;30;50.01;2022;0 Km;48;30001.96;1.28;4100.0;1394.0;20;N;N;EF;612;1.0;A0;BOM;A2;S;-1;0.0
obs5380;65;MG;SULDESTE;30;17.91;2021;0 Km;48;69311.99;1.26;4920.0;1517.0;41;N;N;EF;707;2.0;A4;BOM;C2;S;0;0.0
obs4580;57;SC;SUL;60;38.67;2017;>= 3 anos;60;46899.79;1.05;3580.12;6150.0;31;N;N;EF;684;;;;;S;4;0.0
obs3873;56;SP;SULDESTE;30;80.5;2021;0 Km;18;16873.67;0.0;41820.0;15908.0;2;N;N;EF;760;2.0;A2;BOM;A1;S;0;0.0
obs703;56;SC;SUL;30;0.0;2012;>= 3 anos;48;20677.17;2.25;2460.0;1845.0;29;N;N;EF;654;;;;;S;9;0.0
obs2286;27;SP;SULDESTE;30;0.0;2014;>= 3 anos;48;27754.14;2.14;5330.0;1886.0;18;N;N;EF;670;;;;;S;7;0.0
obs409;47;SC;SUL;30;31.0;2013;>= 3 anos;48;18212.07;2.06;2296.0;1312.0;27;N;N;EF;646;;;;;S;8;1.0
obs1159;30;SP;SULDESTE;30;29.29;2016;>= 3 anos;36;23752.71;1.68;2665.0;1845.0;34;N;N;EF;646;;;;;;5;0.0
obs3653;50;SP;SULDESTE;30;31.29;2021;0 Km;48;64589.54;1.31;5740.0;1845.0;33;N;S;EF;674;3.0;A2;BOM;B2;S;0;0.0
obs9618;23;PA;NORTE;30;0.0;2022;0 Km;48;82797.75;1.69;12300.0;1025.0;21;N;N;EF;685;1.0;A2;BOM;C2;S;-1;0.0
obs6656;24;RS;SUL;30;10.43;2022;0 Km;60;42128.58;1.44;3936.0;1271.0;27;N;N;EF;685;1.0;A2;RUIM;C3;N;-1;1.0
obs1616;73;SP;SULDESTE;30;63.24;2021;0 Km;36;17462.97;1.02;2050.0;1886.0;28;N;N;EF;679;3.0;A4;RUIM;A1;S;0;0.0
obs1414;23;GO;CENTRO-OESTE;30;67.15;2021;0 Km;12;15738.61;0.0;820.0;0.0;61;N;N;EF;617;1.0;A0;BOM;A1;;0;0.0
obs7910;77;PB;NORDESTE;30;60.55;2022;0 Km;48;17750.65;0.72;3690.0;1558.0;0;N;N;EF;777;3.0;A2;BOM;A2;S;-1;0.0
obs603;38;AL;NORDESTE;30;42.1;2021;0 Km;60;53085.14;1.34;4100.0;2952.0;32;N;N;EF;682;3.0;A2;PESS;A3;S;0;0.0
obs4247;60;SC;SUL;30;0.0;2018;>= 3 anos;48;32930.89;1.5;11480.0;5494.0;8;N;N;EF;654;;;;;S;3;0.0
obs779;40;MG;SULDESTE;30;43.78;2019;2 anos;60;31451.4;1.39;2870.0;820.0;28;S;N;EF;653;;;;;;2;0.0
obs5109;60;MG;SULDESTE;30;58.63;2021;2 anos;36;17431.01;1.02;6560.0;4264.0;9;N;N;EF;688;;;;;S;0;0.0
obs5883;51;DF;CENTRO-OESTE;30;20.27;2022;0 Km;60;35274.17;1.28;13170.76;16031.0;6;N;N;EF;742;1.0;A1;BOM;B3;S;-1;0.0
obs6283;41;ES;SULDESTE;30;47.15;2022;0 Km;36;31661.96;1.11;4920.0;0.0;21;N;N;EF;625;1.0;A0;BOM;A1;;-1;0.0
obs7526;21;SC;SUL;30;45.83;2013;>= 3 anos;48;11873.79;1.74;1476.0;779.0;25;N;N;EF;640;;;;;;8;0.0
obs2026;72;MS;CENTRO-OESTE;30;75.57;2022;0 Km;24;22341.36;0.0;4100.0;1927.0;23;N;N;EF;760;2.0;A2;BOM;A1;S;-1;0.0
obs7257;48;SP;SULDESTE;30;25.28;2022;0 Km;48;60954.97;1.0;4920.0;3239.0;34;N;N;EF;715;2.0;A2;BOM;B2;N;-1;0.0
obs7813;52;RO;NORTE;30;25.92;2019;2 anos;48;41594.08;1.49;4100.0;1353.0;31;N;N;EF;651;;;;;N;2;0.0
obs6138;52;MS;CENTRO-OESTE;30;40.7;2022;0 Km;49;46842.73;0.93;4592.0;1845.0;29;N;N;EF;746;3.0;A1;BOM;A3;S;-1;0.0
obs3218;29;RS;SUL;30;61.57;2021;0 Km;36;34986.5;0.51;8200.0;1394.0;13;N;N;EF;746;3.0;A2;BOM;A1;N;0;0.0
obs5579;35;MA;NORDESTE;30;27.93;2022;0 Km;48;33024.04;1.42;4100.0;1312.0;24;N;N;EF;665;3.0;A1;BOM;B2;S;-1;0.0
obs8445;53;SP;SULDESTE;30;30.15;2021;0 Km;60;44284.26;1.35;3854.0;3362.0;29;N;N;EF;691;3.0;A2;RUIM;B3;S;0;0.0
obs170;28;BA;NORDESTE;30;49.29;2019;2 anos;48;16936.79;1.25;3280.0;1271.0;0;N;N;EF;693;;;;;;2;0.0
obs7195;46;PB;NORDESTE;30;56.21;2022;0 Km;48;32448.22;0.72;3690.0;1927.0;0;N;N;EF;772;3.0;A2;BOM;A2;N;-1;0.0
obs6702;33;MT;CENTRO-OESTE;30;19.24;2022;0 Km;60;45164.99;1.12;4100.0;1845.0;26;N;N;EF;733;3.0;A2;BOM;C3;S;-1;0.0
obs7815;45;RJ;SULDESTE;30;56.08;2022;0 Km;24;19503.34;0.46;4920.0;3239.0;0;N;N;EF;772;3.0;A2;BOM;A1;S;-1;0.0
obs332;41;GO;CENTRO-OESTE;30;42.23;2018;>= 3 anos;48;22654.79;1.76;3690.0;1312.0;19;S;N;EF;636;;;;;S;3;0.0
obs6476;79;PE;NORDESTE;30;22.21;2022;0 Km;60;43877.54;1.23;5740.0;1968.0;18;N;N;EF;707;3.0;A2;BOM;B3;S;-1;0.0
obs8828;53;RJ;SULDESTE;30;4.76;2022;0 Km;48;77346.87;1.55;8200.0;1927.0;29;N;N;EF;702;3.0;A4;RUIM;C2;N;-1;0.0
obs8251;34;RJ;SULDESTE;30;11.76;2016;>= 3 anos;48;25810.51;1.67;2378.0;2009.0;33;N;N;EF;668;;;;;;5;0.0
obs7123;60;PA;NORTE;30;22.98;2017;>= 3 anos;60;41553.39;1.58;4943.51;4264.0;22;N;N;EF;665;;;;;S;4;0.0
obs7177;34;SP;SULDESTE;30;65.34;2022;0 Km;12;21205.44;0.0;5330.0;1968.0;34;N;N;EF;746;3.0;A4;BOM;A1;S;-1;0.0
obs1346;48;PR;SUL;30;31.38;2021;0 Km;60;55472.11;1.22;6150.0;2583.0;22;N;N;EF;742;3.0;A4;BOM;B3;N;0;0.0
obs6957;28;SC;SUL;30;19.35;2022;0 Km;48;35429.19;1.26;3116.0;1189.0;33;N;N;EF;733;1.0;A1;BOM;C2;;-1;0.0
obs7917;67;BA;NORDESTE;30;67.0;2022;0 Km;36;18676.73;0.88;4920.0;15867.0;12;N;N;EF;707;3.0;A2;RUIM;A1;S;-1;0.0
obs6399;62;CE;NORDESTE;30;30.94;2022;0 Km;60;56264.87;1.16;5330.0;1968.0;25;S;N;EF;751;3.0;A2;BOM;B3;S;-1;0.0
obs7184;34;SP;SULDESTE;30;68.3;2021;0 Km;18;22359.97;0.0;7052.0;5904.0;18;N;N;EF;706;3.0;A2;RUIM;A1;S;0;0.0
obs7364;48;RS;SUL;30;20.53;2022;0 Km;60;36152.58;1.61;5084.0;1640.0;19;N;N;EF;687;1.0;A2;RUIM;B3;;-1;0.0
obs6880;52;PA;NORTE;30;44.73;2021;0 Km;48;52246.28;0.99;4510.0;2501.0;30;N;N;EF;678;3.0;A1;RUIM;A2;S;0;0.0
obs3602;53;SP;SULDESTE;30;5.0;2016;>= 3 anos;48;48345.61;1.62;4100.0;1845.0;35;N;N;EF;665;;;;;S;5;0.0
obs3617;48;PR;SUL;30;53.25;2019;2 anos;24;16212.28;0.75;12300.0;11849.0;6;N;N;EF;646;;;;;S;2;0.0
obs8964;60;RJ;SULDESTE;30;49.02;2022;0 Km;36;45545.42;0.87;5740.0;8446.0;0;N;N;EF;768;3.0;A4;BOM;A1;S;-1;0.0
obs1063;45;MT;CENTRO-OESTE;30;49.74;2020;2 anos;60;70551.66;1.48;8774.0;1886.0;21;S;N;EF;640;;;;;S;1;1.0
obs2019;67;RN;NORDESTE;30;75.22;2021;0 Km;24;25508.39;0.0;9020.0;2952.0;12;N;N;EF;760;3.0;A4;BOM;A1;S;0;0.0
obs449;33;SC;SUL;30;33.33;2013;>= 3 anos;48;19348.34;1.68;3690.0;1312.0;16;N;N;EF;653;;;;;N;8;1.0
obs6137;47;SP;SULDESTE;30;14.75;2021;0 Km;48;32251.08;1.31;3690.0;2583.0;25;N;N;EF;687;3.0;A4;PESS;C2;S;0;0.0
obs568;70;MA;NORDESTE;30;11.64;2021;0 Km;60;37001.4;1.64;4920.0;1271.0;20;N;N;EF;692;3.0;A2;PESS;C3;S;0;0.0
obs7228;62;BA;NORDESTE;30;60.32;2022;0 Km;48;32041.0;1.17;5740.0;2542.0;16;N;N;EF;696;3.0;A2;PESS;A2;S;-1;0.0
obs8235;64;PR;SUL;30;46.51;2021;0 Km;36;35980.5;0.83;16400.0;1968.0;0;N;N;EF;747;2.0;A4;BOM;A1;S;0;0.0
obs5824;27;GO;CENTRO-OESTE;30;20.06;2022;0 Km;60;45488.09;1.28;3198.0;779.0;0;N;N;EF;702;1.0;A1;BOM;B3;;-1;0.0
obs8924;35;PR;SUL;30;28.56;2022;0 Km;49;70311.79;0.96;4838.0;1312.0;42;N;N;EF;682;2.0;A2;BOM;B3;S;-1;0.0
obs3735;46;RJ;SULDESTE;30;50.69;2019;2 anos;48;20291.01;0.89;2050.0;1312.0;25;N;N;EF;672;;;;;S;2;0.0
obs3132;67;SP;SULDESTE;30;20.54;2022;0 Km;60;32891.01;1.02;3280.0;1845.0;0;N;S;EF;764;3.0;A4;BOM;B3;N;-1;0.0
obs4226;60;SP;SULDESTE;30;26.21;2022;0 Km;60;38121.67;1.17;6150.0;2009.0;0;N;N;EF;768;3.0;A4;BOM;B3;S;-1;0.0
obs6651;31;BA;NORDESTE;30;27.32;2022;0 Km;49;33665.31;1.16;4100.0;1845.0;25;N;N;EF;697;3.0;A2;BOM;B3;S;-1;0.0
obs7814;48;RS;SUL;30;55.0;2021;0 Km;30;30755.92;0.0;5084.0;1353.0;21;N;N;EF;687;3.0;A4;RUIM;A1;N;0;0.0
obs1331;65;PR;SUL;30;40.45;2021;0 Km;48;28037.5;1.61;6560.0;3321.0;13;N;N;EF;652;3.0;A2;PESS;A2;S;0;0.0
obs6499;32;PA;NORTE;30;25.31;2021;0 Km;49;65748.52;0.93;3946.66;4182.0;48;N;N;EF;669;2.0;A1;BOM;B3;S;0;0.0
obs2460;44;SC;SUL;30;22.02;2022;0 Km;36;31694.19;0.98;4920.0;1886.0;21;S;N;EF;737;3.0;A4;BOM;B1;N;-1;0.0
obs2289;64;SC;SUL;30;19.97;2018;>= 3 anos;60;25170.72;1.66;3280.0;1517.0;20;N;N;EF;692;;;;;S;3;0.0
obs6276;63;PA;NORTE;30;0.0;2021;0 Km;60;52240.6;1.18;4920.0;1435.0;25;N;N;EF;747;3.0;A4;BOM;C3;S;0;0.0
obs722;64;BA;NORDESTE;30;45.24;2016;>= 3 anos;48;18202.54;1.73;4510.0;1517.0;12;N;N;EF;665;;;;;S;5;0.0
obs4880;46;SC;SUL;60;44.44;2012;>= 3 anos;48;28058.79;1.68;3690.0;1845.0;24;N;N;EF;646;;;;;S;9;0.0
obs8411;43;SP;SULDESTE;30;45.21;2015;>= 3 anos;48;17652.05;1.72;4100.0;3403.0;13;N;N;EF;627;;;;;S;6;0.0
obs3228;62;RJ;SULDESTE;30;77.34;2022;0 Km;24;17865.75;0.0;6150.0;1517.0;12;N;N;EF;760;3.0;A4;BOM;A1;S;-1;0.0
obs9448;46;GO;CENTRO-OESTE;30;0.0;2021;0 Km;60;93720.55;1.65;9840.0;1845.0;26;N;N;EF;702;3.0;A4;BOM;C3;S;0;0.0
obs9690;83;SC;SUL;30;79.75;2021;0 Km;30;12694.66;0.0;5330.0;2378.0;8;N;N;EF;760;3.0;A1;BOM;A1;S;0;0.0
obs4120;54;ES;SULDESTE;30;24.84;2022;0 Km;49;35364.43;1.05;9105.44;5002.0;11;N;N;EF;755;3.0;A4;BOM;B3;S;-1;0.0
obs1217;34;PE;NORDESTE;30;57.55;2021;0 Km;30;25482.95;0.0;3936.0;1148.0;22;N;N;EF;746;2.0;A1;BOM;A1;N;0;0.0
obs4489;40;MG;SULDESTE;30;44.04;2014;>= 3 anos;48;17680.01;1.83;2870.0;5904.0;20;N;N;EF;623;;;;;;7;0.0
obs2307;50;BA;NORDESTE;30;23.99;2021;0 Km;60;48097.81;1.09;4100.0;1804.0;0;N;N;EF;684;3.0;A1;BOM;B3;N;0;0.0
obs3934;41;RO;NORTE;30;25.95;2022;0 Km;49;32251.5;1.27;3280.0;1312.0;31;N;N;EF;669;3.0;A2;BOM;B3;S;-1;0.0
obs4296;45;SP;SULDESTE;30;4.52;2022;0 Km;48;43000.41;1.46;4100.0;4264.0;31;N;N;EF;687;1.0;A2;RUIM;C2;S;-1;0.0
obs980;38;BA;NORDESTE;30;31.01;2021;0 Km;49;65397.17;1.02;8200.0;2583.0;22;N;N;EF;746;3.0;A2;BOM;B3;N;0;0.0
obs1954;43;SP;SULDESTE;30;25.01;2021;0 Km;49;67446.96;0.92;4346.0;2542.0;43;N;N;EF;746;1.0;A2;BOM;B3;;0;0.0
obs3937;59;SP;SULDESTE;30;10.17;2021;0 Km;60;37456.01;1.28;4018.0;2378.0;0;N;N;EF;724;1.0;A4;BOM;C3;;0;0.0
obs497;59;SP;SULDESTE;30;87.16;2021;0 Km;18;9334.11;0.75;2460.0;1681.0;23;N;N;EF;711;3.0;A4;BOM;A1;N;0;0.0
obs1283;50;PR;SUL;30;23.92;2021;0 Km;49;59652.82;0.88;12320.5;3444.0;13;N;N;EF;746;3.0;A4;BOM;B3;S;0;0.0
obs7125;67;MT;CENTRO-OESTE;30;43.04;2021;0 Km;60;43017.24;1.18;9840.0;6068.0;10;N;N;EF;679;3.0;A4;RUIM;A3;S;0;0.0
obs249;63;RS;SUL;30;39.35;2021;0 Km;48;39088.69;0.83;5576.0;1353.0;0;N;N;EF;777;3.0;A2;BOM;B2;S;0;0.0
obs4091;52;DF;CENTRO-OESTE;30;63.0;2022;0 Km;24;28617.75;0.0;8200.0;8446.0;15;N;N;EF;687;3.0;A1;RUIM;A1;S;-1;0.0
obs8439;45;GO;CENTRO-OESTE;30;32.01;2021;0 Km;36;146923.55;1.52;24600.0;1927.0;21;N;N;EF;687;3.0;A4;BOM;B1;N;0;0.0
obs5100;66;SP;SULDESTE;30;66.92;2022;0 Km;24;30738.82;0.0;18860.0;15867.0;7;N;N;EF;760;3.0;A4;BOM;A1;N;-1;0.0
obs888;75;SC;SUL;30;31.21;2013;>= 3 anos;48;18107.93;1.66;2296.0;1312.0;24;N;N;EF;684;;;;;;8;0.0
obs7143;45;PR;SUL;30;13.34;2022;0 Km;60;30614.22;1.17;4510.0;6068.0;16;N;N;EF;715;3.0;A4;RUIM;C3;S;-1;0.0
obs2245;59;SP;SULDESTE;30;64.34;2021;0 Km;24;27997.33;0.11;4100.0;2009.0;29;N;N;EF;760;3.0;A4;BOM;A1;S;0;0.0
obs1613;42;RS;SUL;30;69.88;2018;>= 3 anos;24;17148.14;1.11;10660.0;7667.0;7;N;N;EF;704;;;;;N;3;0.0
obs6682;46;SP;SULDESTE;30;80.32;2022;0 Km;12;12383.48;0.0;8200.0;6027.0;0;N;N;EF;772;3.0;A4;BOM;A1;S;-1;0.0
obs7855;48;PA;NORTE;30;0.0;2022;0 Km;60;46523.43;1.55;2870.0;492.0;43;N;N;EF;702;2.0;A2;RUIM;C3;S;-1;0.0
obs3162;69;PA;NORTE;30;28.01;2021;0 Km;49;64334.4;0.88;8200.0;943.0;22;N;N;EF;711;3.0;A2;BOM;B3;;0;0.0
obs7718;76;PE;NORDESTE;30;29.18;2021;2 anos;60;28978.08;1.33;3198.0;2993.0;22;N;N;EF;678;;;;;;0;0.0
obs6049;40;PB;NORDESTE;30;83.71;2022;0 Km;36;10296.42;0.0;6560.0;2706.0;4;N;N;EF;746;3.0;A2;BOM;A1;S;-1;0.0
obs122;34;SP;SULDESTE;30;2.09;2021;0 Km;60;39502.95;1.04;3280.0;615.0;0;N;N;EF;763;3.0;A1;BOM;C3;N;0;0.0
obs8848;75;PI;NORDESTE;30;82.92;2022;0 Km;12;11626.8;0.58;4920.0;1558.0;20;N;N;EF;660;3.0;A1;RUIM;A1;S;-1;0.0
obs560;46;SP;SULDESTE;30;20.01;2021;0 Km;60;32303.9;1.51;5740.0;3239.0;14;N;N;EF;700;3.0;A2;PESS;B3;S;0;0.0
obs4858;58;SC;SUL;30;0.0;2013;>= 3 anos;48;19343.79;1.89;5740.0;1312.0;11;N;N;EF;660;;;;;N;8;0.0
obs6715;40;MA;NORDESTE;30;16.09;2022;0 Km;60;36752.4;1.67;4639.76;1845.0;0;N;N;EF;750;1.0;A2;PESS;C3;;-1;0.0
obs8450;56;RS;SUL;30;57.57;2022;0 Km;24;38137.84;1.04;14760.0;15908.0;12;N;N;EF;705;3.0;A4;BOM;A1;S;-1;0.0
obs7401;72;PE;NORDESTE;30;56.2;2022;0 Km;60;21300.58;0.87;2831.19;2009.0;16;N;N;EF;696;3.0;A2;RUIM;A3;S;-1;0.0
obs4699;40;RO;NORTE;30;56.86;2022;0 Km;49;25991.74;1.27;4920.0;1189.0;16;N;N;EF;682;2.0;A2;RUIM;A3;S;-1;0.0
obs1572;46;TO;NORTE;30;50.28;2021;0 Km;36;43667.91;0.88;5494.0;4223.0;27;N;N;EF;742;3.0;A1;BOM;A1;S;0;0.0
obs7098;39;PB;NORDESTE;30;26.49;2022;0 Km;48;34060.6;0.83;5125.0;3239.0;17;N;N;EF;746;3.0;A2;BOM;B2;S;-1;0.0
obs2197;66;DF;CENTRO-OESTE;30;8.93;2021;0 Km;60;38285.45;1.54;8200.0;3526.0;12;N;N;EF;683;1.0;A2;BOM;C3;;0;0.0
obs3939;51;SP;SULDESTE;30;24.63;2021;0 Km;36;68848.27;0.88;8200.0;8364.0;27;N;N;EF;755;3.0;A2;BOM;B1;S;0;0.0
obs5670;63;ES;SULDESTE;30;62.09;2022;0 Km;37;36220.86;0.74;10660.0;15908.0;0;N;N;EF;777;3.0;A2;BOM;A2;N;-1;0.0
obs5182;58;MA;NORDESTE;30;63.0;2022;0 Km;24;30812.09;0.0;18860.0;15908.0;7;N;N;EF;720;3.0;A1;BOM;A1;S;-1;0.0
obs4940;56;PE;NORDESTE;30;60.21;2022;0 Km;24;17050.98;0.3;8200.0;5289.0;0;N;N;EF;737;3.0;A2;BOM;A1;S;-1;0.0
obs4422;63;SP;SULDESTE;30;37.69;2022;0 Km;37;26856.08;1.13;3690.0;1353.0;27;N;N;EF;711;3.0;A4;RUIM;B2;N;-1;0.0
obs4835;29;SP;SULDESTE;30;29.89;2022;0 Km;60;36799.19;0.98;3690.0;902.0;22;N;N;EF;737;3.0;A1;BOM;B3;N;-1;0.0
obs8504;40;PB;NORDESTE;30;31.09;2018;>= 3 anos;36;34143.98;1.08;6560.0;1804.0;0;N;N;EF;718;;;;;S;3;0.0
obs9266;62;SC;SUL;60;58.71;2015;>= 3 anos;36;18596.79;1.24;9840.0;8323.0;6;N;N;EF;665;;;;;S;6;0.0
obs5555;47;MA;NORDESTE;30;28.14;2022;0 Km;36;31606.73;1.58;4100.0;1189.0;29;N;N;EF;663;3.0;A1;RUIM;B1;S;-1;0.0
obs8686;58;ES;SULDESTE;30;31.64;2022;0 Km;60;55310.86;1.03;4100.0;4387.0;30;N;N;EF;711;3.0;A2;BOM;B3;N;-1;0.0
obs311;37;RS;SUL;30;17.84;2016;>= 3 anos;60;46928.54;1.64;9840.0;1353.0;13;N;N;EF;676;;;;;S;5;0.0
obs7087;55;MG;SULDESTE;30;34.69;2022;0 Km;49;53891.25;0.83;5740.0;861.0;25;N;N;EF;673;3.0;A4;RUIM;B3;S;-1;0.0
obs2401;61;RS;SUL;30;25.23;2022;0 Km;36;49999.04;0.8;6838.75;8323.0;25;N;N;EF;692;3.0;A4;PESS;B1;N;-1;0.0
obs3272;61;SE;NORDESTE;30;26.05;2022;0 Km;60;30882.49;1.12;2460.0;1886.0;29;N;N;EF;692;1.0;A2;BOM;B3;;-1;0.0
obs1873;59;CE;NORDESTE;30;62.96;2013;>= 3 anos;24;5060.51;0.79;1640.0;820.0;14;N;N;EF;659;;;;;;8;0.0
obs142;56;SC;SUL;30;14.42;2020;2 anos;60;50365.44;1.77;3444.0;3198.0;0;N;S;EF;664;;;;;S;1;0.0
obs3700;55;PB;NORDESTE;30;54.02;2021;0 Km;37;42508.23;0.74;11480.0;8487.0;12;N;N;EF;720;2.0;A2;BOM;A2;S;0;0.0
obs1648;41;SE;NORDESTE;30;55.37;2021;0 Km;36;34407.63;1.03;4100.0;3321.0;29;N;N;EF;697;3.0;A1;BOM;A1;N;0;0.0
obs7805;59;SP;SULDESTE;30;12.15;2021;0 Km;60;53584.57;1.32;4838.0;5986.0;26;N;N;EF;760;3.0;A4;PESS;C3;S;0;0.0
obs2986;74;PE;NORDESTE;30;70.34;2019;2 anos;24;12037.78;0.84;3690.0;2009.0;15;N;N;EF;711;;;;;S;2;0.0
obs7977;37;PE;NORDESTE;30;21.01;2022;0 Km;60;34909.71;1.67;3936.0;1312.0;24;N;N;EF;678;3.0;A2;BOM;B3;N;-1;0.0
obs8995;24;DF;CENTRO-OESTE;30;22.96;2022;0 Km;60;47323.55;1.63;3772.0;1066.0;32;N;N;EF;670;1.0;A1;RUIM;B3;;-1;1.0
obs8293;65;GO;CENTRO-OESTE;30;24.05;2022;0 Km;60;46368.22;1.14;8200.0;6683.0;13;N;N;EF;705;2.0;A1;PESS;B3;S;-1;0.0
obs4443;27;AP;NORTE;30;6.62;2022;0 Km;60;40308.95;1.4;3116.0;3362.0;33;N;N;EF;725;1.0;A4;BOM;C3;N;-1;0.0
obs5441;34;MA;NORDESTE;30;8.01;2022;0 Km;60;42550.78;1.44;24600.0;1845.0;4;N;N;EF;693;2.0;A2;BOM;C3;S;-1;0.0
obs9707;41;PA;NORTE;30;47.55;2022;0 Km;36;23531.6;1.31;2952.0;1189.0;29;N;N;EF;646;3.0;A2;RUIM;A1;N;-1;0.0
obs3578;32;ES;SULDESTE;30;50.6;2021;0 Km;49;35805.86;1.05;8200.0;2378.0;12;N;N;EF;746;2.0;A1;BOM;A3;N;0;0.0
obs3760;47;SC;SUL;30;77.91;2021;0 Km;24;17103.62;0.95;5740.0;4223.0;14;N;N;EF;746;3.0;A2;BOM;A1;S;0;0.0
obs1993;45;PB;NORDESTE;30;51.19;2014;>= 3 anos;48;18040.89;1.04;2624.0;2542.0;19;N;N;EF;712;;;;;S;7;0.0
obs1189;62;MG;SULDESTE;30;3.72;2021;0 Km;60;40256.84;1.42;3936.0;1886.0;26;N;N;EF;707;1.0;A4;BOM;C3;S;0;0.0
obs7437;74;DF;CENTRO-OESTE;30;20.92;2021;0 Km;60;55585.93;1.44;7298.0;1066.0;19;N;N;EF;707;1.0;A2;BOM;B3;;0;0.0
obs5048;43;AM;NORTE;30;20.28;2021;0 Km;48;59716.28;1.21;6560.0;1804.0;26;N;N;EF;693;1.0;A2;BOM;B2;;0;0.0
obs8216;74;SP;SULDESTE;30;5.88;2017;>= 3 anos;60;53484.14;1.73;12300.0;2952.0;11;N;N;EF;654;;;;;S;4;0.0
obs8519;50;PR;SUL;30;11.04;2021;0 Km;60;67850.84;1.28;15580.0;3280.0;10;N;N;EF;742;3.0;A4;BOM;C3;N;0;0.0
obs8363;52;SP;SULDESTE;30;20.62;2022;0 Km;60;37173.65;1.35;3280.0;2501.0;27;N;N;EF;687;3.0;A1;BOM;B3;S;-1;0.0
obs8463;39;DF;CENTRO-OESTE;30;0.0;2019;2 anos;60;32451.34;1.51;3116.0;2501.0;27;N;N;EF;694;;;;;S;2;0.0
obs7901;64;SP;SULDESTE;30;48.44;2022;0 Km;48;22971.68;0.93;3280.0;1845.0;18;N;N;EF;673;3.0;A4;BOM;A2;N;-1;0.0
obs9571;35;PA;NORTE;30;33.8;2022;0 Km;60;37686.96;1.12;3034.0;1271.0;29;N;N;EF;733;3.0;A2;BOM;B3;S;-1;0.0
obs2398;63;PE;NORDESTE;30;72.8;2022;0 Km;24;21261.57;0.0;4100.0;4264.0;0;N;N;EF;777;3.0;A2;BOM;A1;S;-1;0.0
obs8561;45;DF;CENTRO-OESTE;30;0.0;2022;0 Km;60;83366.03;1.55;6478.0;1927.0;34;N;N;EF;702;3.0;A2;BOM;C3;N;-1;0.0
obs2350;64;SC;SUL;30;42.74;2014;>= 3 anos;48;17766.79;1.37;2460.0;1845.0;21;N;N;EF;690;;;;;N;7;0.0
obs4660;71;MA;NORDESTE;30;26.8;2021;0 Km;49;73032.53;1.03;5084.0;1148.0;0;N;N;EF;711;2.0;A1;BOM;B3;S;0;0.0
obs576;52;SC;SUL;30;10.01;2021;0 Km;60;42599.54;1.66;4100.0;1476.0;0;N;N;EF;676;3.0;A2;BOM;C3;S;0;0.0
obs2595;59;PE;NORDESTE;30;53.77;2022;0 Km;24;25243.91;0.46;6560.0;1968.0;17;N;N;EF;720;3.0;A2;RUIM;A1;S;-1;0.0
obs6063;57;SP;SULDESTE;30;64.27;2022;0 Km;24;32216.96;0.0;4920.0;11726.0;28;N;N;EF;720;3.0;A4;BOM;A1;N;-1;0.0
obs103;62;BA;NORDESTE;30;2.16;2021;0 Km;60;37690.94;1.04;8200.0;4387.0;10;N;N;EF;760;3.0;A2;BOM;C3;N;0;0.0
obs9130;84;SP;SULDESTE;30;63.0;2021;0 Km;24;26892.67;0.0;5002.0;1927.0;22;N;N;EF;760;3.0;A2;BOM;A1;N;0;0.0
obs589;62;RJ;SULDESTE;30;0.0;2021;0 Km;60;54037.98;1.09;5330.0;1599.0;24;N;N;EF;760;1.0;A4;BOM;C3;;0;0.0
obs2123;34;SP;SULDESTE;30;28.79;2014;>= 3 anos;48;14973.8;2.16;2870.0;1312.0;18;N;N;EF;658;;;;;S;7;0.0
obs3804;46;RN;NORDESTE;30;22.75;2022;0 Km;60;58395.48;1.5;6806.0;4223.0;22;N;N;EF;678;3.0;A1;BOM;B3;S;-1;0.0
obs8805;79;SP;SULDESTE;30;0.0;2022;0 Km;60;56195.3;1.09;10971.6;3321.0;11;N;N;EF;760;2.0;A4;BOM;C3;S;-1;0.0
obs8189;45;SP;SULDESTE;30;62.76;2022;0 Km;60;34228.97;1.2;4838.0;8487.0;17;N;N;EF;746;3.0;A4;BOM;A3;S;-1;0.0
obs101;43;RJ;SULDESTE;30;49.52;2021;0 Km;37;80790.54;1.08;7380.0;533.0;41;N;N;EF;691;3.0;A2;BOM;A2;N;0;0.0
obs2760;44;PR;SUL;30;54.19;2021;0 Km;37;24178.75;1.14;2214.0;1312.0;41;N;N;EF;669;3.0;A1;PESS;A2;S;0;0.0
obs6762;40;DF;CENTRO-OESTE;30;26.39;2022;0 Km;49;66664.7;0.83;4920.0;5945.0;36;N;N;EF;678;3.0;A2;RUIM;B3;S;-1;0.0
obs1690;67;RS;SUL;30;0.0;2021;0 Km;60;46500.38;1.51;5150.6;492.0;23;N;N;EF;711;1.0;A2;BOM;C3;;0;0.0
obs5406;56;SP;SULDESTE;30;30.5;2021;0 Km;49;59411.17;1.02;4100.0;3239.0;43;N;S;EF;692;3.0;A4;PESS;B3;S;0;0.0
obs7126;47;DF;CENTRO-OESTE;30;8.38;2021;0 Km;60;68143.83;1.5;7298.0;2542.0;24;N;N;EF;742;3.0;A2;PESS;C3;S;0;0.0
obs137;39;ES;SULDESTE;30;42.68;2019;2 anos;48;18804.35;1.43;4100.0;1845.0;13;N;N;EF;631;;;;;N;2;0.0
obs648;72;RJ;SULDESTE;30;40.25;2021;0 Km;49;49857.27;1.03;6560.0;8487.0;22;N;N;EF;683;3.0;A2;RUIM;A3;S;0;0.0
obs8184;62;SE;NORDESTE;30;79.07;2022;0 Km;24;10509.28;0.77;4920.0;1845.0;10;N;N;EF;692;1.0;A2;PESS;A1;;-1;0.0
obs5170;43;SP;SULDESTE;30;25.14;2021;0 Km;49;61545.1;0.83;10660.0;1312.0;15;N;N;EF;746;3.0;A2;BOM;B3;S;0;0.0
obs4555;48;CE;NORDESTE;30;68.55;2014;>= 3 anos;48;9750.01;1.17;1467.8;820.0;19;N;N;EF;672;;;;;S;7;0.0
obs3814;64;AL;NORDESTE;30;52.23;2022;0 Km;49;25942.19;1.16;2378.0;2460.0;33;N;S;EF;751;1.0;A2;BOM;A3;;-1;0.0
obs3985;38;GO;CENTRO-OESTE;30;20.7;2022;0 Km;36;32623.09;1.19;9840.0;1599.0;11;N;N;EF;678;3.0;A2;RUIM;B1;S;-1;0.0
obs5884;44;SC;SUL;30;69.31;2018;>= 3 anos;60;20671.79;1.06;8200.0;1886.0;5;N;N;EF;681;;;;;S;3;0.0
obs5965;52;BA;NORDESTE;30;83.71;2022;0 Km;36;10275.47;0.0;3220.14;2542.0;9;N;N;EF;755;3.0;A2;BOM;A1;S;-1;0.0
obs6295;54;MG;SULDESTE;30;51.08;2022;0 Km;60;30587.86;1.23;4920.0;4223.0;14;N;N;EF;692;3.0;A4;PESS;A3;S;-1;0.0
obs6791;33;RJ;SULDESTE;30;61.36;2019;2 anos;48;15020.51;0.99;4100.0;1804.0;10;N;N;EF;681;;;;;;2;0.0
obs7210;65;SP;SULDESTE;30;28.78;2021;0 Km;60;43753.88;1.54;3116.0;820.0;37;N;N;EF;668;1.0;A4;RUIM;B3;N;0;0.0
obs4653;49;MA;NORDESTE;30;51.56;2022;0 Km;48;25348.74;1.16;3690.0;1312.0;18;N;N;EF;742;3.0;A2;BOM;A2;S;-1;0.0
obs4010;55;PE;NORDESTE;30;47.81;2012;>= 3 anos;48;9309.27;1.58;2050.0;861.0;14;N;N;EF;664;;;;;S;9;0.0
obs2311;36;PR;SUL;30;12.93;2021;0 Km;48;56892.24;1.43;8200.0;11685.0;20;N;N;EF;693;2.0;A2;BOM;C2;N;0;0.0
obs8792;60;SC;SUL;30;36.84;2013;>= 3 anos;48;21003.79;1.6;2460.0;3075.0;26;N;N;EF;671;;;;;S;8;0.0
obs7786;61;SP;SULDESTE;30;12.66;2022;0 Km;60;79214.97;1.49;7380.0;1558.0;27;N;N;EF;692;3.0;A4;RUIM;C3;N;-1;0.0
obs7673;39;SC;SUL;30;33.43;2015;>= 3 anos;48;20257.62;1.54;4100.0;1353.0;14;S;N;EF;664;;;;;S;6;0.0
obs8012;32;ES;SULDESTE;30;20.63;2022;0 Km;36;35111.98;1.61;4510.0;1230.0;29;N;N;EF;665;1.0;A1;BOM;B1;;-1;0.0
obs7822;53;RJ;SULDESTE;30;44.13;2022;0 Km;48;26267.01;0.99;8200.0;4305.0;8;N;N;EF;706;2.0;A2;BOM;A2;S;-1;0.0
obs3221;56;SP;SULDESTE;30;28.14;2021;0 Km;49;46715.16;1.3;3116.0;2665.0;0;N;N;EF;709;2.0;A4;RUIM;B3;S;0;0.0
obs6330;69;SP;SULDESTE;30;62.41;2021;0 Km;24;33395.65;0.0;4100.0;6027.0;34;N;N;EF;760;3.0;A4;BOM;A1;S;0;0.0
obs5702;57;SP;SULDESTE;30;65.63;2021;0 Km;48;32079.27;0.88;12300.0;6068.0;6;N;N;EF;707;3.0;A4;PESS;A2;S;0;0.0
obs1501;30;PR;SUL;30;33.34;2021;0 Km;60;34719.75;1.02;4264.0;1804.0;19;N;N;EF;733;3.0;A2;BOM;B3;S;0;0.0
obs985;37;PR;SUL;30;10.0;2016;>= 3 anos;36;19372.09;1.13;6560.0;2665.0;10;N;N;EF;666;;;;;S;5;0.0
obs1405;36;PB;NORDESTE;30;46.02;2021;0 Km;48;49449.75;0.93;4920.0;2419.0;26;N;N;EF;746;3.0;A2;BOM;A2;S;0;0.0
obs2268;53;SP;SULDESTE;30;58.55;2021;0 Km;12;19592.13;0.0;3690.0;1312.0;0;S;N;EF;772;1.0;A2;BOM;A1;;0;0.0
obs7781;43;PB;NORDESTE;30;43.01;2022;0 Km;48;44333.89;0.83;2460.0;820.0;48;N;N;EF;706;3.0;A2;RUIM;A2;N;-1;0.0
obs6961;54;SP;SULDESTE;30;27.52;2022;0 Km;36;44506.99;0.92;7298.0;2911.0;20;N;N;EF;687;3.0;A4;PESS;B1;S;-1;0.0
obs7564;45;SP;SULDESTE;30;0.0;2022;0 Km;60;48553.11;1.25;4100.0;1353.0;28;N;N;EF;715;3.0;A1;BOM;C3;S;-1;0.0
obs575;53;SP;SULDESTE;30;43.35;2021;0 Km;48;44094.51;1.1;4920.0;5904.0;0;N;N;EF;704;3.0;A2;BOM;A2;S;0;0.0
obs5610;44;SP;SULDESTE;30;44.46;2014;>= 3 anos;36;17627.31;1.13;2460.0;1927.0;25;N;N;EF;708;;;;;S;7;0.0
obs2030;55;PE;NORDESTE;30;32.45;2021;0 Km;60;59017.44;1.39;8200.0;8446.0;17;N;N;EF;679;3.0;A4;RUIM;B3;S;0;0.0
obs3400;52;PE;NORDESTE;30;34.72;2021;0 Km;36;35045.38;1.11;4838.0;1558.0;25;N;N;EF;678;3.0;A2;RUIM;B1;S;0;0.0
obs5822;48;SC;SUL;30;19.51;2019;2 anos;36;28473.79;1.21;4100.0;4264.0;24;N;N;EF;689;;;;;N;2;0.0
obs1585;69;RJ;SULDESTE;30;17.79;2021;0 Km;48;34322.99;1.46;3280.0;1312.0;30;N;N;EF;692;3.0;A4;PESS;C2;N;0;0.0
obs4030;42;SP;SULDESTE;30;33.68;2021;0 Km;49;34449.04;1.16;12136.0;8405.0;0;N;N;EF;754;3.0;A4;BOM;B3;S;0;0.0
obs601;41;SP;SULDESTE;30;28.44;2021;0 Km;60;52909.11;1.18;5330.0;6068.0;24;N;N;EF;733;3.0;A2;BOM;B3;S;0;0.0
obs7475;68;GO;CENTRO-OESTE;30;44.93;2022;0 Km;48;37473.61;1.0;5658.0;1394.0;18;N;N;EF;747;1.0;A2;BOM;A2;;-1;0.0
obs4733;60;RS;SUL;30;66.74;2021;0 Km;18;30178.24;0.0;5904.0;4305.0;0;N;N;EF;777;3.0;A4;BOM;A1;N;0;0.0
obs6919;43;RN;NORDESTE;30;42.77;2022;0 Km;49;43539.31;0.93;4920.0;2542.0;25;N;N;EF;682;3.0;A2;RUIM;A3;S;-1;0.0
obs5422;29;MA;NORDESTE;30;38.66;2022;0 Km;36;33833.0;1.26;4100.0;820.0;30;N;N;EF;665;1.0;A1;BOM;B1;;-1;0.0
obs1897;38;BA;NORDESTE;30;32.49;2022;0 Km;60;35243.81;0.99;24600.0;2091.0;3;N;N;EF;746;3.0;A2;BOM;B3;S;-1;0.0
obs5873;44;SP;SULDESTE;30;0.0;2022;0 Km;60;42021.01;1.12;12300.0;1886.0;0;N;N;EF;759;3.0;A4;BOM;C3;S;-1;0.0
obs3997;35;SP;SULDESTE;30;41.21;2021;0 Km;48;23346.01;1.16;7380.0;1845.0;9;N;N;EF;678;1.0;A2;BOM;A2;;0;0.0
obs6902;65;PI;NORDESTE;30;53.25;2021;0 Km;60;33657.58;0.98;5132.78;3526.0;0;N;N;EF;700;3.0;A2;RUIM;A3;S;0;0.0
obs3787;51;PR;SUL;30;61.0;2022;0 Km;36;19737.39;0.92;4223.0;1845.0;15;N;N;EF;651;1.0;A4;BOM;A1;S;-1;0.0
obs3986;67;SC;SUL;30;13.41;2022;0 Km;60;47469.71;1.07;4920.0;1927.0;22;S;N;EF;747;3.0;A4;RUIM;C3;S;-1;0.0
obs7511;45;PR;SUL;30;0.0;2015;>= 3 anos;48;21785.01;1.51;2624.0;2665.0;24;N;N;EF;672;;;;;N;6;0.0
obs6949;25;AL;NORDESTE;30;47.92;2022;0 Km;37;24240.98;1.13;4920.0;3198.0;0;S;N;EF;642;1.0;A2;RUIM;A2;S;-1;0.0
obs3054;42;SC;SUL;30;35.94;2019;2 anos;60;34450.62;1.09;5740.0;4182.0;14;N;N;EF;704;;;;;S;2;0.0
obs4578;59;SP;SULDESTE;30;61.16;2021;0 Km;37;26309.11;1.01;8200.0;8487.0;11;N;N;EF;760;3.0;A4;BOM;A2;S;0;0.0
obs1040;45;RS;SUL;30;20.17;2021;0 Km;60;39386.45;1.67;3116.0;1968.0;0;N;N;EF;691;3.0;A4;PESS;B3;S;0;0.0
obs3717;31;RJ;SULDESTE;30;56.43;2021;0 Km;36;19045.18;0.83;8200.0;1435.0;7;N;N;EF;693;1.0;A1;RUIM;A1;;0;0.0
obs134;23;DF;CENTRO-OESTE;30;72.33;2021;0 Km;24;15502.65;0.54;1640.0;8323.0;42;N;N;EF;604;1.0;A0;BOM;A1;N;0;0.0
obs145;48;MA;NORDESTE;30;40.69;2021;0 Km;60;42717.61;1.25;4100.0;1845.0;25;N;N;EF;668;1.0;A2;BOM;A3;;0;0.0
obs505;41;SP;SULDESTE;30;60.36;2021;0 Km;18;25669.3;0.14;4100.0;1394.0;37;N;N;EF;737;3.0;A4;BOM;A1;N;0;0.0
obs2626;55;PE;NORDESTE;30;72.54;2020;2 anos;36;16439.27;1.16;4920.0;11726.0;11;N;N;EF;665;;;;;S;1;0.0
obs1763;66;RN;NORDESTE;30;0.0;2021;0 Km;60;45125.44;1.44;4756.0;1640.0;0;N;N;EF;709;3.0;A1;BOM;C3;N;0;1.0
obs295;62;SP;SULDESTE;30;0.0;2017;>= 3 anos;60;30912.45;1.55;3239.0;3362.0;24;N;N;EF;671;;;;;S;4;0.0
obs3927;43;SP;SULDESTE;30;36.27;2021;0 Km;37;59120.67;0.98;7380.0;8446.0;29;N;N;EF;706;3.0;A2;PESS;B2;S;0;0.0
obs4109;37;SC;SUL;30;25.05;2021;0 Km;60;30304.77;1.5;2870.0;820.0;0;N;N;EF;682;1.0;A1;BOM;B3;S;0;0.0
obs2098;62;SC;SUL;60;57.64;2014;>= 3 anos;48;15110.79;1.19;10707.56;1558.0;4;N;N;EF;678;;;;;S;7;0.0
obs4147;60;SP;SULDESTE;30;69.77;2018;>= 3 anos;24;15062.61;0.84;2624.0;1312.0;27;N;N;EF;684;;;;;;3;0.0
obs3017;27;MG;SULDESTE;30;43.74;2021;0 Km;36;33076.51;0.67;4100.0;861.0;26;N;N;EF;738;3.0;A1;BOM;A1;N;0;0.0
obs1411;70;DF;CENTRO-OESTE;30;32.53;2021;0 Km;49;62350.43;1.19;7298.0;779.0;25;N;N;EF;707;1.0;A4;BOM;B3;;0;0.0
obs3102;32;SP;SULDESTE;30;11.27;2018;>= 3 anos;48;33712.71;1.35;4510.0;1927.0;22;N;N;EF;694;;;;;;3;0.0
obs1143;48;RS;SUL;30;45.03;2021;0 Km;60;29163.34;1.14;5535.0;1353.0;12;N;N;EF;702;3.0;A4;BOM;A3;S;0;0.0
obs7667;62;RS;SUL;30;0.0;2022;0 Km;60;43697.28;1.23;4346.0;656.0;24;N;N;EF;747;3.0;A4;BOM;C3;S;-1;0.0
obs2204;52;PR;SUL;30;58.49;2021;0 Km;37;36299.11;1.19;5740.0;2583.0;0;N;N;EF;719;3.0;A4;BOM;A2;S;0;0.0
obs7168;49;SP;SULDESTE;30;20.1;2017;>= 3 anos;36;49437.89;1.56;7527.6;4346.0;24;N;N;EF;685;;;;;S;4;0.0
obs442;65;GO;CENTRO-OESTE;30;26.7;2021;0 Km;60;72692.56;1.39;19680.0;20869.0;9;N;N;EF;692;2.0;A4;RUIM;B3;S;0;0.0
obs2167;52;MG;SULDESTE;30;66.73;2021;0 Km;12;19256.18;0.58;8200.0;1353.0;0;N;N;EF;719;1.0;A2;BOM;A1;;0;0.0
obs5567;49;CE;NORDESTE;30;55.36;2022;0 Km;24;20208.01;0.87;9840.0;1804.0;10;N;N;EF;674;3.0;A1;BOM;A1;S;-1;0.0
obs5678;41;SP;SULDESTE;30;7.12;2022;0 Km;48;40468.91;0.88;3690.0;861.0;28;N;N;EF;746;3.0;A2;BOM;C2;S;-1;0.0
obs6169;66;SP;SULDESTE;30;32.93;2017;>= 3 anos;60;27587.31;1.04;2624.0;861.0;24;N;N;EF;673;;;;;N;4;0.0
obs856;39;SP;SULDESTE;30;30.17;2021;0 Km;49;48813.89;0.93;4920.0;15826.0;28;N;N;EF;669;3.0;A2;RUIM;B3;N;0;0.0
obs6885;64;MT;CENTRO-OESTE;30;27.19;2022;0 Km;48;60076.23;1.1;5028.81;2583.0;33;N;N;EF;707;2.0;A4;BOM;B2;N;-1;0.0
obs6029;43;DF;CENTRO-OESTE;30;30.17;2022;0 Km;49;59880.35;0.83;8803.67;8446.0;0;N;N;EF;706;2.0;A2;RUIM;B3;S;-1;0.0
obs3657;48;MT;CENTRO-OESTE;30;41.24;2021;0 Km;36;48235.45;1.03;8200.0;4346.0;19;N;N;EF;678;3.0;A4;RUIM;A1;S;0;0.0
obs4725;42;SC;SUL;30;74.23;2021;0 Km;24;23885.55;0.11;8200.0;6068.0;0;N;N;EF;763;3.0;A4;BOM;A1;S;0;0.0
obs3629;59;PR;SUL;30;66.96;2021;0 Km;36;31070.94;0.72;12300.0;3034.0;0;N;N;EF;764;3.0;A4;BOM;A1;S;0;0.0
obs8856;54;SC;SUL;30;42.33;2015;>= 3 anos;48;24610.14;2.1;3116.0;1066.0;0;N;N;EF;664;;;;;S;6;0.0
obs2075;35;MA;NORDESTE;30;11.41;2021;0 Km;60;45639.33;1.18;4592.0;1886.0;24;N;N;EF;733;3.0;A1;BOM;C3;S;0;0.0
obs2434;38;PI;NORDESTE;30;30.0;2021;0 Km;48;58956.81;1.09;5002.0;779.0;33;N;N;EF;697;3.0;A2;BOM;B2;N;0;0.0
obs5653;39;SP;SULDESTE;30;57.14;2021;0 Km;48;31913.27;0.92;4100.0;2583.0;0;N;N;EF;754;3.0;A2;BOM;A2;N;0;0.0
obs1600;43;RS;SUL;30;0.0;2021;0 Km;60;88352.18;1.44;5929.17;4305.0;37;N;N;EF;693;3.0;A2;BOM;C3;S;0;0.0
obs4800;52;PR;SUL;30;25.13;2022;0 Km;60;62848.32;1.44;12300.0;1066.0;13;N;N;EF;663;3.0;A2;RUIM;B3;N;-1;0.0
obs7488;45;PE;NORDESTE;30;58.5;2015;>= 3 anos;48;24728.48;1.06;5494.0;6027.0;12;N;N;EF;662;;;;;S;6;0.0
obs6424;39;RO;NORTE;30;81.3;2022;0 Km;60;13608.47;0.91;4920.0;902.0;6;N;N;EF;733;3.0;A2;BOM;A3;S;-1;0.0
obs2769;42;SP;SULDESTE;30;11.5;2021;0 Km;60;37590.47;1.3;3198.0;861.0;0;N;N;EF;714;3.0;A2;BOM;C3;N;0;0.0
obs403;55;PR;SUL;30;66.44;2021;0 Km;24;50405.9;1.09;24600.0;1927.0;9;N;N;EF;751;2.0;A4;BOM;A1;N;0;0.0
obs3593;38;PR;SUL;30;59.76;2022;0 Km;12;18792.75;0.78;5740.0;1189.0;30;N;N;EF;678;1.0;A1;BOM;A1;;-1;0.0
obs7657;56;MG;SULDESTE;30;1.8;2022;0 Km;60;43077.18;1.39;4100.0;1845.0;25;N;N;EF;692;3.0;A4;RUIM;C3;N;-1;0.0
obs6661;57;PB;NORDESTE;30;0.0;2022;0 Km;60;46054.1;1.13;6560.0;2009.0;16;N;N;EF;751;3.0;A2;BOM;C3;N;-1;0.0
obs838;51;MT;CENTRO-OESTE;30;48.17;2021;0 Km;48;34835.76;0.97;5330.0;2624.0;17;N;N;EF;663;3.0;A4;PESS;A2;S;0;0.0
obs6297;52;BA;NORDESTE;30;50.01;2022;0 Km;24;29794.48;1.0;5740.0;1886.0;24;N;N;EF;678;3.0;A2;RUIM;A1;S;-1;0.0
obs6582;66;PE;NORDESTE;30;49.51;2022;0 Km;36;39011.12;0.69;16400.0;3034.0;0;N;N;EF;711;3.0;A2;BOM;A1;N;-1;0.0
obs8008;46;RJ;SULDESTE;30;19.95;2015;>= 3 anos;48;27884.68;1.76;3280.0;2501.0;27;N;N;EF;685;;;;;S;6;0.0
obs8648;46;SC;SUL;30;35.13;2018;>= 3 anos;60;37105.79;1.44;3116.0;1353.0;0;N;N;EF;657;;;;;;3;0.0
obs926;35;RJ;SULDESTE;30;16.18;2017;>= 3 anos;48;30790.51;2.01;4100.0;1394.0;25;N;N;EF;657;;;;;N;4;0.0
obs479;55;RS;SUL;30;27.05;2021;0 Km;48;45473.05;1.08;4920.0;1845.0;26;N;N;EF;660;3.0;A4;RUIM;B2;S;0;0.0
obs1464;47;SC;SUL;30;42.99;2021;0 Km;49;41188.57;0.88;6150.0;8323.0;18;N;N;EF;746;3.0;A4;BOM;A3;S;0;0.0
obs3741;28;PE;NORDESTE;30;21.88;2022;0 Km;60;33220.21;1.35;4100.0;1271.0;20;N;N;EF;678;3.0;A4;RUIM;B3;S;-1;1.0
obs1451;86;AL;NORDESTE;30;73.19;2021;0 Km;48;12827.03;1.2;16400.0;8323.0;2;N;N;EF;707;3.0;A4;BOM;A2;S;0;0.0
obs1406;22;RS;SUL;30;40.01;2021;0 Km;49;55049.26;0.93;3444.0;738.0;46;N;N;EF;650;1.0;A2;BOM;A3;;0;0.0
obs786;51;AM;NORTE;30;12.4;2020;2 anos;48;30768.37;1.68;5566.98;1804.0;17;N;N;EF;662;;;;;S;1;0.0
obs8679;67;GO;CENTRO-OESTE;30;56.7;2022;0 Km;48;34605.46;1.0;12300.0;18532.0;7;N;N;EF;707;3.0;A4;RUIM;A2;S;-1;0.0
obs4599;65;MG;SULDESTE;30;63.06;2022;0 Km;24;25145.7;0.44;6970.0;1804.0;16;N;N;EF;660;3.0;A4;RUIM;A1;S;-1;0.0
obs7419;56;SP;SULDESTE;30;53.49;2021;0 Km;37;83788.27;1.18;16400.0;1476.0;18;N;N;EF;720;2.0;A4;BOM;A2;S;0;0.0
obs688;43;RS;SUL;30;70.97;2021;0 Km;18;26429.2;0.0;15546.13;1845.0;0;N;N;EF;763;1.0;A2;BOM;A1;;0;0.0
obs391;55;SC;SUL;30;56.81;2021;0 Km;48;22846.08;1.0;11480.0;8405.0;0;N;N;EF;724;3.0;A4;RUIM;A2;S;0;0.0
obs8356;59;SC;SUL;30;49.1;2020;2 anos;48;22165.79;0.98;2870.0;1640.0;21;N;N;EF;665;;;;;S;1;0.0
obs9373;66;GO;CENTRO-OESTE;30;38.26;2022;0 Km;60;27403.55;1.27;2460.0;1640.0;26;N;N;EF;692;3.0;A2;BOM;B3;S;-1;0.0
obs6501;36;MA;NORDESTE;30;32.0;2017;>= 3 anos;48;36427.87;1.29;4920.0;1353.0;21;N;N;EF;671;;;;;N;4;0.0
obs5528;29;DF;CENTRO-OESTE;30;73.57;2022;0 Km;24;11212.47;0.25;3280.0;1189.0;14;N;N;EF;746;1.0;A1;BOM;A1;;-1;0.0
obs5573;42;SC;SUL;30;20.75;2022;0 Km;60;49962.49;1.19;2870.0;1271.0;42;N;N;EF;697;1.0;A2;BOM;B3;S;-1;1.0
obs6824;58;AL;NORDESTE;30;35.89;2021;0 Km;60;45150.34;1.29;8200.0;1189.0;13;N;N;EF;711;3.0;A2;PESS;B3;;0;0.0
obs9205;50;CE;NORDESTE;30;92.39;2022;0 Km;12;5440.02;0.88;4100.0;1927.0;0;N;S;EF;723;3.0;A2;RUIM;A1;N;-1;0.0
obs8465;28;SP;SULDESTE;30;20.29;2013;>= 3 anos;48;21300.56;2.0;2460.0;1312.0;28;N;N;EF;657;;;;;S;8;0.0
obs1511;47;SP;SULDESTE;30;0.0;2021;0 Km;60;73305.37;1.52;6396.0;1886.0;0;N;N;EF;687;3.0;A4;BOM;C3;S;0;0.0
obs2649;48;RJ;SULDESTE;30;29.26;2021;0 Km;37;46810.34;1.04;5740.0;4387.0;30;N;N;EF;700;3.0;A2;BOM;B2;N;0;0.0
obs3821;53;RJ;SULDESTE;30;28.0;2022;0 Km;49;29526.05;1.16;4510.0;3280.0;0;N;N;EF;706;3.0;A2;BOM;B3;S;-1;0.0
obs105;45;PI;NORDESTE;30;26.11;2021;0 Km;60;47765.67;1.09;3690.0;1968.0;0;N;N;EF;704;3.0;A2;BOM;B3;S;0;0.0
obs9649;43;SP;SULDESTE;30;31.49;2022;0 Km;49;29613.18;1.22;3280.0;1886.0;0;N;N;EF;658;2.0;A1;RUIM;B3;S;-1;0.0
obs5162;57;DF;CENTRO-OESTE;30;36.71;2021;0 Km;48;64378.12;0.78;8200.0;8323.0;0;N;N;EF;760;3.0;A2;BOM;B2;S;0;0.0
obs9759;23;SP;SULDESTE;30;39.68;2021;0 Km;48;26038.11;1.02;3034.0;4346.0;22;N;N;EF;604;1.0;A0;BOM;B2;S;0;0.0
obs1538;63;PB;NORDESTE;30;54.89;2021;0 Km;36;21242.41;0.96;3116.0;1968.0;22;N;N;EF;720;1.0;A2;BOM;A1;;0;0.0
obs7675;56;SC;SUL;30;48.29;2017;>= 3 anos;48;18414.19;1.2;2870.0;1394.0;18;N;N;EF;678;;;;;S;4;0.0
obs9582;53;SE;NORDESTE;30;74.97;2021;0 Km;36;45292.92;0.82;5740.0;1845.0;26;N;N;EF;655;3.0;A2;PESS;A1;S;0;0.0
obs4896;52;GO;CENTRO-OESTE;30;66.14;2019;2 anos;48;22330.26;1.01;4100.0;2378.0;0;S;N;EF;714;;;;;S;2;0.0
obs9623;63;SP;SULDESTE;30;64.95;2022;0 Km;36;29024.71;0.97;4395.2;4346.0;22;N;N;EF;751;3.0;A4;BOM;A1;S;-1;0.0
obs1119;56;SP;SULDESTE;30;15.91;2016;>= 3 anos;60;31082.44;1.45;4100.0;4346.0;19;N;N;EF;692;;;;;S;5;0.0
obs6535;58;SP;SULDESTE;30;40.07;2021;0 Km;37;54406.27;1.11;4086.88;6068.0;48;N;N;EF;683;3.0;A4;PESS;A2;N;0;0.0
obs5057;46;PE;NORDESTE;30;0.0;2022;0 Km;60;43511.38;1.39;4018.0;2665.0;27;N;N;EF;702;3.0;A1;BOM;C3;N;-1;0.0
obs264;46;MG;SULDESTE;30;54.22;2021;0 Km;60;32283.89;1.12;2952.0;1845.0;25;N;N;EF;755;1.0;A2;BOM;A3;;0;0.0
obs6827;63;RJ;SULDESTE;30;75.49;2021;0 Km;24;21663.0;0.0;6560.0;15949.0;13;N;N;EF;760;2.0;A4;RUIM;A1;S;0;0.0
obs1555;31;SP;SULDESTE;30;45.76;2021;0 Km;49;24400.11;1.16;5494.0;2542.0;13;N;N;EF;682;3.0;A1;BOM;A3;S;0;0.0
obs1919;40;PI;NORDESTE;30;0.0;2022;0 Km;60;44858.18;1.5;2870.0;1517.0;41;S;N;EF;697;3.0;A2;RUIM;C3;S;-1;0.0
obs4328;38;PA;NORTE;30;47.33;2022;0 Km;48;33302.88;1.41;3280.0;820.0;30;N;S;EF;646;3.0;A2;RUIM;A2;N;-1;0.0
obs1266;63;PR;SUL;30;52.02;2018;>= 3 anos;36;31899.28;1.11;9840.0;2583.0;11;N;N;EF;701;;;;;S;3;0.0
obs7674;43;PA;NORTE;30;80.06;2022;0 Km;12;17020.25;1.27;16400.0;15908.0;9;N;N;EF;733;3.0;A2;BOM;A1;N;-1;0.0
obs7106;41;PE;NORDESTE;30;18.21;2022;0 Km;48;35867.08;1.04;12300.0;2706.0;8;N;N;EF;691;3.0;A2;RUIM;C2;S;-1;0.0
obs7235;61;SP;SULDESTE;30;4.89;2016;>= 3 anos;60;32242.78;1.96;3690.0;2542.0;25;N;S;EF;665;;;;;N;5;0.0
obs400;40;SP;SULDESTE;30;25.0;2019;2 anos;60;33900.45;1.94;3280.0;2542.0;0;N;N;EF;663;;;;;S;2;0.0
obs2091;42;SC;SUL;60;42.0;2013;>= 3 anos;48;20580.49;1.94;4018.0;2624.0;17;N;N;EF;629;;;;;S;8;0.0
obs6855;56;SP;SULDESTE;30;49.3;2022;0 Km;24;22125.08;0.46;12300.0;15990.0;8;N;N;EF;760;3.0;A4;BOM;A1;S;-1;0.0
obs7322;21;RS;SUL;30;28.26;2022;0 Km;49;33679.18;1.16;2460.0;738.0;42;N;N;EF;661;1.0;A2;BOM;B3;;-1;0.0
obs1582;23;CE;NORDESTE;30;72.39;2021;0 Km;36;13324.2;1.16;3280.0;1845.0;13;N;N;EF;608;1.0;A0;BOM;A1;N;0;0.0
obs8429;35;MG;SULDESTE;30;70.45;2022;0 Km;12;13363.18;1.25;6560.0;1394.0;18;N;N;EF;693;1.0;A2;BOM;A1;S;-1;0.0
obs524;57;MA;NORDESTE;30;52.97;2021;0 Km;48;37665.4;1.05;7380.0;1353.0;14;N;N;EF;692;3.0;A1;RUIM;A2;S;0;0.0
obs6321;59;PB;NORDESTE;30;51.65;2022;0 Km;36;39043.09;0.86;8200.0;6109.0;15;N;N;EF;760;2.0;A2;BOM;A1;S;-1;0.0
obs8729;50;PR;SUL;30;12.75;2022;0 Km;60;43538.48;1.5;4920.0;1312.0;0;S;N;EF;759;2.0;A1;BOM;C3;N;-1;0.0
obs422;52;BA;NORDESTE;30;51.74;2021;0 Km;60;21494.32;1.07;2624.0;1312.0;0;N;N;EF;719;1.0;A1;BOM;A3;;0;0.0
obs2988;68;PE;NORDESTE;30;40.1;2021;0 Km;60;51722.57;1.12;11480.0;4346.0;10;N;N;EF;747;3.0;A2;BOM;A3;S;0;0.0
obs9284;27;AP;NORTE;30;0.0;2022;0 Km;48;46476.68;1.3;4100.0;984.0;33;N;N;EF;729;1.0;A2;BOM;C2;;-1;0.0
obs1811;41;BA;NORDESTE;30;19.98;2021;0 Km;60;72218.94;1.25;7380.0;8610.0;0;N;N;EF;763;1.0;A2;RUIM;C3;S;0;0.0
obs2520;47;SP;SULDESTE;30;59.16;2021;0 Km;36;26567.82;0.54;4100.0;2706.0;20;N;N;EF;687;2.0;A2;BOM;A1;N;0;0.0
obs1598;47;MG;SULDESTE;30;55.07;2021;0 Km;60;34689.62;0.96;2870.0;1353.0;0;N;N;EF;732;2.0;A1;RUIM;A3;N;0;0.0
obs5803;33;SC;SUL;30;65.14;2018;>= 3 anos;36;12189.19;1.41;2296.0;1353.0;0;N;N;EF;668;;;;;S;3;0.0
obs2230;55;RS;SUL;30;41.53;2021;0 Km;49;38948.24;1.16;26095.05;15826.0;4;N;N;EF;683;3.0;A4;PESS;A3;S;0;0.0
obs9015;39;CE;NORDESTE;30;21.57;2022;0 Km;60;61024.92;1.12;5330.0;861.0;27;N;N;EF;733;3.0;A2;BOM;B3;S;-1;0.0
obs1802;29;PE;NORDESTE;30;51.53;2021;0 Km;37;42426.57;0.98;6150.0;1066.0;24;N;N;EF;746;2.0;A4;BOM;A2;S;0;0.0
obs5818;71;PR;SUL;30;42.27;2021;2 anos;60;44278.01;1.01;5740.0;1394.0;17;N;N;EF;717;;;;;S;0;0.0
obs1267;51;PE;NORDESTE;30;20.54;2021;0 Km;60;32796.91;1.41;3936.0;2542.0;21;N;N;EF;687;3.0;A1;RUIM;B3;N;0;0.0
obs5067;35;SP;SULDESTE;30;58.79;2021;0 Km;12;73828.27;1.04;20500.0;1312.0;32;N;N;EF;667;2.0;A1;RUIM;A1;N;0;0.0
obs6624;34;AM;NORTE;60;59.88;2018;>= 3 anos;36;17903.37;1.04;4920.0;2501.0;12;N;N;EF;658;;;;;S;3;0.0
obs7321;33;GO;CENTRO-OESTE;30;26.18;2022;0 Km;60;59338.63;1.18;4920.0;820.0;28;N;N;EF;693;1.0;A2;BOM;B3;;-1;0.0
obs905;21;RS;SUL;30;84.71;2021;0 Km;18;7733.66;1.09;4920.0;5945.0;9;N;N;EF;604;1.0;A0;BOM;A1;S;0;0.0
obs7731;33;PI;NORDESTE;30;29.44;2022;0 Km;48;53544.38;1.29;8200.0;8323.0;19;N;N;EF;697;3.0;A2;RUIM;B2;S;-1;0.0
obs371;39;PA;NORTE;30;30.25;2021;0 Km;49;60216.61;1.03;4920.0;1148.0;36;N;N;EF;697;3.0;A2;BOM;B3;S;0;0.0
obs6051;43;BA;NORDESTE;30;22.66;2022;0 Km;37;33798.11;1.13;3690.0;2501.0;34;N;N;EF;697;1.0;A1;BOM;B2;;-1;1.0
obs1892;40;SP;SULDESTE;30;30.67;2021;0 Km;48;28931.91;0.78;7686.68;8446.0;9;N;N;EF;746;3.0;A2;BOM;B2;N;0;0.0
obs8545;53;SP;SULDESTE;30;1.58;2015;>= 3 anos;48;31088.92;1.59;6560.0;1640.0;0;N;S;EF;697;;;;;S;6;0.0
obs1771;71;SP;SULDESTE;30;69.63;2021;0 Km;18;30369.47;0.0;6560.0;1968.0;26;N;N;EF;760;3.0;A4;BOM;A1;N;0;0.0
obs3411;34;SC;SUL;30;33.05;2017;>= 3 anos;60;33868.79;1.13;4100.0;1886.0;19;N;N;EF;700;;;;;S;4;0.0
obs3825;39;MG;SULDESTE;30;42.51;2021;0 Km;60;45726.54;1.12;12300.0;8405.0;0;N;N;EF;714;3.0;A2;BOM;A3;S;0;0.0
obs583;48;PA;NORTE;30;19.57;2021;0 Km;49;33817.79;1.16;4510.0;492.0;23;N;N;EF;678;3.0;A2;RUIM;C3;N;0;0.0
obs2227;43;CE;NORDESTE;30;0.52;2022;0 Km;60;46196.35;1.46;11480.0;8323.0;10;N;N;EF;682;3.0;A2;BOM;C3;S;-1;0.0
obs8753;59;GO;CENTRO-OESTE;30;28.08;2022;0 Km;37;31452.29;1.32;3526.0;1148.0;34;N;N;EF;683;3.0;A1;BOM;B2;N;-1;0.0
obs9428;73;AM;NORTE;30;40.86;2022;0 Km;36;45129.03;1.38;8200.0;2542.0;19;N;N;EF;707;3.0;A2;BOM;A1;S;-1;0.0
obs8030;61;RS;SUL;30;63.08;2021;0 Km;24;33553.02;0.0;4920.0;11726.0;30;N;N;EF;760;3.0;A4;BOM;A1;N;0;0.0
obs3627;44;MG;SULDESTE;30;24.54;2021;0 Km;49;32671.47;1.21;3280.0;1025.0;31;N;N;EF;682;1.0;A2;RUIM;B3;S;0;0.0
obs8977;50;SP;SULDESTE;30;55.71;2014;>= 3 anos;48;14249.05;1.17;2460.0;6068.0;16;S;N;EF;704;;;;;N;7;0.0
obs8656;23;BA;NORDESTE;30;73.03;2022;0 Km;24;11983.91;0.57;3936.0;943.0;14;N;N;EF;674;3.0;A2;BOM;A1;S;-1;0.0
obs1849;52;SP;SULDESTE;30;51.26;2021;0 Km;60;21544.91;0.88;2296.0;4346.0;20;N;N;EF;755;3.0;A2;BOM;A3;S;0;0.0
obs8028;65;SP;SULDESTE;30;49.64;2022;0 Km;36;21840.02;0.77;4100.0;1886.0;17;N;S;EF;720;3.0;A4;RUIM;A1;N;-1;0.0
obs9671;61;BA;NORDESTE;30;35.05;2022;0 Km;60;31695.58;1.07;11020.8;4797.0;0;N;N;EF;764;3.0;A2;BOM;B3;S;-1;0.0
obs5991;30;ES;SULDESTE;30;41.77;2016;>= 3 anos;60;22278.52;1.06;2050.0;1312.0;25;N;N;EF;694;;;;;S;5;0.0
obs9261;46;PE;NORDESTE;30;43.08;2022;0 Km;36;46758.34;0.96;9840.0;2583.0;15;N;N;EF;715;3.0;A2;BOM;A1;S;-1;0.0
obs3457;57;PE;NORDESTE;30;36.43;2022;0 Km;36;26330.38;1.14;2378.0;1886.0;39;N;N;EF;679;3.0;A2;RUIM;B1;S;-1;0.0
obs1277;54;SP;SULDESTE;30;0.0;2019;2 anos;48;32409.61;1.9;4510.0;1804.0;23;N;N;EF;654;;;;;;2;0.0
obs76;53;BA;NORDESTE;30;63.37;2021;0 Km;18;31991.85;0.0;10660.0;4346.0;16;N;N;EF;715;3.0;A2;BOM;A1;S;0;0.0
obs1502;40;DF;CENTRO-OESTE;30;8.81;2021;0 Km;60;38335.22;1.42;4287.78;1845.0;23;N;N;EF;691;2.0;A2;RUIM;C3;S;0;0.0
obs3522;26;RJ;SULDESTE;30;54.74;2021;0 Km;36;18508.17;0.88;4100.0;738.0;14;N;N;EF;738;3.0;A2;BOM;A1;N;0;0.0
obs6231;63;PB;NORDESTE;30;42.27;2022;0 Km;48;34787.12;0.92;5740.0;1927.0;16;N;N;EF;760;3.0;A2;BOM;A2;S;-1;0.0
obs4141;45;GO;CENTRO-OESTE;30;63.62;2022;0 Km;24;16023.09;0.45;6560.0;1271.0;11;N;N;EF;746;2.0;A4;BOM;A1;N;-1;1.0
obs8238;57;PR;SUL;30;11.18;2022;0 Km;60;42169.81;1.61;4756.0;1312.0;24;N;S;EF;683;3.0;A4;RUIM;C3;S;-1;0.0
obs2534;58;SP;SULDESTE;30;10.68;2019;2 anos;36;35752.52;1.53;6560.0;1886.0;19;N;N;EF;660;;;;;S;2;0.0
obs726;30;SP;SULDESTE;30;56.27;2019;2 anos;48;16803.28;1.08;4100.0;1312.0;11;N;N;EF;694;;;;;S;2;0.0
obs3860;54;SC;SUL;30;29.72;2022;0 Km;48;37362.8;1.05;4920.0;15949.0;21;N;N;EF;706;2.0;A4;BOM;B2;S;-1;0.0
obs2897;36;PB;NORDESTE;30;36.38;2022;0 Km;48;27619.69;1.2;4920.0;1599.0;16;N;N;EF;659;2.0;A2;RUIM;B2;N;-1;0.0
obs3307;56;SC;SUL;30;11.87;2020;2 anos;60;40508.79;1.73;4100.0;1927.0;27;S;N;EF;660;;;;;S;1;1.0
obs4516;47;SC;SUL;30;21.14;2022;0 Km;60;31793.79;0.98;4838.0;1845.0;15;N;N;EF;746;3.0;A4;BOM;B3;S;-1;0.0
obs992;35;PR;SUL;90;53.52;2019;2 anos;48;15689.38;1.28;3444.0;1312.0;13;N;N;EF;646;;;;;N;2;0.0
obs8881;63;SC;SUL;90;67.1;2012;>= 3 anos;36;9549.79;1.03;2870.0;1148.0;11;N;N;EF;707;;;;;N;9;0.0
obs6012;57;MG;SULDESTE;30;48.32;2022;0 Km;60;24228.71;0.97;5330.0;1353.0;10;N;N;EF;747;3.0;A4;BOM;A3;S;-1;0.0
obs2832;59;SP;SULDESTE;30;54.2;2022;0 Km;36;35189.28;0.72;12300.0;8405.0;9;N;N;EF;747;3.0;A4;BOM;A1;S;-1;0.0
obs1842;53;PA;NORTE;30;59.21;2021;0 Km;48;33041.74;0.78;4100.0;984.0;21;N;N;EF;702;1.0;A2;BOM;A2;;0;0.0
obs2051;56;PB;NORDESTE;30;51.92;2022;0 Km;37;38688.8;0.74;14760.0;11767.0;9;N;N;EF;760;3.0;A1;BOM;A2;S;-1;0.0
obs5155;38;SP;SULDESTE;30;0.0;2021;0 Km;60;90419.97;1.19;8364.0;5945.0;25;N;N;EF;737;3.0;A2;BOM;C3;S;0;0.0
obs2083;45;SC;SUL;30;40.29;2021;0 Km;60;43544.93;1.12;6232.0;3321.0;0;N;N;EF;719;3.0;A1;RUIM;A3;S;0;0.0
obs839;38;BA;NORDESTE;30;50.8;2019;2 anos;48;33456.28;1.16;4920.0;4223.0;19;S;N;EF;664;;;;;S;2;0.0
obs2333;55;BA;NORDESTE;30;64.43;2022;0 Km;24;19082.88;0.57;4100.0;1845.0;0;S;N;EF;768;1.0;A2;BOM;A1;;-1;0.0
obs857;61;BA;NORDESTE;30;58.82;2021;0 Km;36;34453.94;0.57;8200.0;8528.0;13;N;N;EF;720;3.0;A4;BOM;A1;S;0;0.0
obs8275;45;BA;NORDESTE;30;29.44;2021;0 Km;49;40418.88;1.22;5412.0;3198.0;23;N;N;EF;678;1.0;A2;RUIM;B3;;0;0.0
obs3867;31;SC;SUL;30;87.15;2015;>= 3 anos;12;5233.79;0.99;3690.0;1107.0;13;S;N;EF;677;;;;;;6;0.0
obs7936;52;BA;NORDESTE;30;0.63;2022;0 Km;60;43698.21;1.25;5576.0;2542.0;19;N;N;EF;715;3.0;A2;BOM;C3;S;-1;0.0
obs7944;61;RS;SUL;30;56.37;2021;0 Km;48;65045.71;0.96;4551.0;1968.0;0;N;N;EF;764;3.0;A4;BOM;A2;N;0;0.0
obs7458;28;RJ;SULDESTE;30;0.0;2022;0 Km;60;42549.12;1.3;4920.0;943.0;20;N;N;EF;746;1.0;A1;BOM;C3;;-1;0.0
obs9548;75;BA;NORDESTE;30;81.42;2021;0 Km;24;34146.57;0.3;7380.0;1927.0;20;N;N;EF;720;3.0;A2;RUIM;A1;S;0;0.0
obs490;71;SP;SULDESTE;30;49.96;2021;0 Km;48;42437.07;1.23;4920.0;1804.0;24;S;N;EF;681;3.0;A2;RUIM;A2;S;0;0.0
obs5193;36;SP;SULDESTE;30;61.48;2021;0 Km;18;25488.24;0.0;5576.0;1312.0;26;N;N;EF;706;3.0;A2;BOM;A1;N;0;0.0
obs8855;49;PA;NORTE;30;0.0;2022;0 Km;60;46431.3;1.5;3854.0;1189.0;31;N;N;EF;702;1.0;A2;BOM;C3;;-1;0.0
obs620;30;SC;SUL;30;53.33;2021;0 Km;48;47238.0;0.88;4920.0;1230.0;24;N;N;EF;737;3.0;A2;BOM;A2;S;0;0.0
obs7180;51;PA;NORTE;30;70.45;2022;0 Km;36;18376.74;1.08;2460.0;3198.0;0;N;N;EF;759;3.0;A2;BOM;A1;S;-1;0.0
obs6536;60;RJ;SULDESTE;30;85.0;2022;0 Km;36;9423.26;0.0;10660.0;11849.0;2;N;N;EF;760;2.0;A2;BOM;A1;N;-1;0.0
obs1345;57;PR;SUL;30;21.72;2021;0 Km;60;32437.95;1.12;2689.6;1353.0;29;N;N;EF;747;3.0;A2;BOM;B3;S;0;0.0
obs3015;45;SC;SUL;30;57.5;2018;>= 3 anos;36;29303.79;0.99;3015.96;2665.0;33;N;N;EF;681;;;;;S;3;0.0
obs3247;56;PR;SUL;30;11.55;2015;>= 3 anos;48;30157.11;1.73;2952.0;2665.0;0;N;N;EF;674;;;;;S;6;0.0
obs3755;46;GO;CENTRO-OESTE;30;40.01;2022;0 Km;49;49163.06;1.03;2633.84;820.0;53;N;N;EF;641;3.0;A1;RUIM;A3;;-1;0.0
obs7163;51;SP;SULDESTE;30;89.47;2022;0 Km;12;5778.04;1.19;7363.6;4387.0;7;N;N;EF;742;1.0;A4;PESS;A1;S;-1;0.0
obs405;53;SP;SULDESTE;30;10.78;2021;0 Km;60;35039.21;1.65;6150.0;6027.0;15;N;N;EF;674;3.0;A2;RUIM;C3;N;0;0.0
obs2671;51;BA;NORDESTE;30;34.47;2022;0 Km;48;28402.41;0.88;4920.0;3280.0;14;N;N;EF;755;3.0;A2;BOM;B2;N;-1;0.0
obs5572;48;SP;SULDESTE;30;32.57;2021;0 Km;48;47185.27;0.88;4920.0;3526.0;24;N;N;EF;715;3.0;A2;BOM;B2;S;0;0.0
obs2957;23;PR;SUL;30;33.47;2021;0 Km;60;52169.54;1.5;3854.0;779.0;35;N;N;EF;661;1.0;A2;BOM;B3;;0;0.0
obs9660;42;PR;SUL;30;32.14;2022;0 Km;60;67069.62;1.27;6560.0;1353.0;0;N;N;EF;754;2.0;A2;BOM;B3;S;-1;0.0
obs2512;44;SE;NORDESTE;30;28.53;2015;>= 3 anos;48;24445.97;1.63;2624.0;2378.0;28;N;N;EF;663;;;;;S;6;0.0
obs2571;51;RS;SUL;30;43.9;2017;>= 3 anos;36;21198.54;1.13;4100.0;1886.0;18;N;N;EF;685;;;;;N;4;0.0
obs6886;46;PE;NORDESTE;30;1.99;2022;0 Km;60;41843.08;1.25;3690.0;1804.0;27;N;N;EF;715;3.0;A1;BOM;C3;S;-1;0.0
obs536;66;PA;NORTE;30;38.24;2021;0 Km;48;41104.7;1.0;4838.0;3239.0;23;N;N;EF;707;3.0;A2;BOM;B2;S;0;0.0
obs5801;68;PE;NORDESTE;30;74.23;2021;0 Km;24;22611.77;0.45;24600.0;574.0;4;N;N;EF;711;3.0;A2;BOM;A1;N;0;0.0
obs4465;32;BA;NORDESTE;30;29.24;2022;0 Km;49;30884.11;1.1;3116.0;1025.0;30;S;N;EF;697;1.0;A2;BOM;B3;;-1;0.0
obs8390;45;MA;NORDESTE;30;22.56;2022;0 Km;49;36386.37;1.22;2460.0;1312.0;46;N;N;EF;678;3.0;A1;BOM;B3;S;-1;0.0
obs5845;55;MG;SULDESTE;30;0.0;2021;2 anos;60;88312.18;1.41;16667.16;2911.0;0;N;N;EF;678;;;;;S;0;0.0
obs6067;56;AL;NORDESTE;30;0.0;2012;>= 3 anos;48;16017.34;1.96;3936.0;2665.0;13;N;N;EF;654;;;;;S;9;0.0
obs6887;74;BA;NORDESTE;30;27.81;2022;0 Km;49;59665.52;0.93;3690.0;1845.0;45;N;N;EF;683;1.0;A1;BOM;B3;;-1;0.0
obs1605;78;PE;NORDESTE;30;65.65;2021;0 Km;24;17606.38;0.71;4920.0;1312.0;16;N;N;EF;707;3.0;A1;BOM;A1;S;0;0.0
obs5646;28;RJ;SULDESTE;30;39.21;2022;0 Km;60;39261.59;1.08;7380.0;984.0;12;N;N;EF;697;1.0;A2;BOM;B3;;-1;0.0
obs9560;75;DF;CENTRO-OESTE;30;58.85;2021;0 Km;12;74775.53;0.0;24600.0;1886.0;25;N;N;EF;692;3.0;A1;PESS;A1;S;0;0.0
obs9656;35;SP;SULDESTE;30;28.91;2022;0 Km;37;57315.26;0.8;4920.0;1927.0;40;N;N;EF;678;3.0;A4;RUIM;B2;S;-1;0.0
obs8117;39;SC;SUL;30;40.29;2022;0 Km;60;49466.15;1.32;5740.0;4305.0;21;N;N;EF;678;2.0;A2;RUIM;A3;S;-1;0.0
obs9447;59;SP;SULDESTE;30;21.48;2022;0 Km;60;43291.58;1.49;3608.0;2665.0;31;N;N;EF;707;3.0;A4;RUIM;B3;S;-1;0.0
obs3786;42;PE;NORDESTE;30;28.3;2022;0 Km;37;63612.32;0.74;5740.0;4305.0;38;N;N;EF;706;3.0;A2;BOM;B2;S;-1;0.0
obs7204;40;SC;SUL;30;67.27;2017;>= 3 anos;60;16023.79;1.1;5817.9;1394.0;6;N;N;EF;658;;;;;S;4;0.0
obs2628;71;PE;NORDESTE;30;28.41;2022;0 Km;36;31634.08;0.99;4100.0;6109.0;0;N;N;EF;764;3.0;A1;BOM;B1;S;-1;0.0
obs584;42;MG;SULDESTE;30;28.0;2021;0 Km;49;59666.65;1.07;6560.0;1886.0;0;N;N;EF;699;3.0;A2;BOM;B3;S;0;0.0
obs1051;59;SP;SULDESTE;30;75.64;2021;0 Km;24;14956.37;0.8;6560.0;6273.0;11;N;N;EF;711;3.0;A4;BOM;A1;S;0;0.0
obs7740;45;PE;NORDESTE;30;2.86;2022;0 Km;60;42714.58;1.25;3444.0;1845.0;30;N;N;EF;715;1.0;A1;BOM;C3;;-1;0.0
obs7879;39;MA;NORDESTE;30;36.67;2022;0 Km;49;52914.99;0.93;14760.0;1066.0;10;N;N;EF;669;3.0;A1;BOM;B3;N;-1;0.0
obs9561;40;PE;NORDESTE;30;45.9;2021;0 Km;48;31253.11;1.22;3280.0;1804.0;27;N;N;EF;693;3.0;A1;BOM;A2;N;0;0.0
obs8702;62;RS;SUL;30;35.62;2022;0 Km;36;56370.45;0.85;8200.0;8446.0;23;N;N;EF;751;3.0;A4;BOM;B1;S;-1;0.0
obs8546;31;MA;NORDESTE;30;16.67;2022;0 Km;60;36753.23;1.71;3813.42;1271.0;26;N;N;EF;678;2.0;A2;BOM;C3;S;-1;0.0
obs9709;47;MT;CENTRO-OESTE;30;50.21;2022;0 Km;60;21682.92;1.23;6560.0;3403.0;0;N;N;EF;704;3.0;A4;BOM;A3;S;-1;0.0
obs1220;73;SC;SUL;30;36.36;2019;2 anos;60;44667.93;1.59;4756.0;902.0;25;N;N;EF;684;;;;;S;2;0.0
obs5123;42;SP;SULDESTE;30;66.31;2021;0 Km;18;21872.76;0.0;8610.0;1353.0;14;N;N;EF;746;2.0;A2;BOM;A1;N;0;0.0
obs4804;37;MS;CENTRO-OESTE;30;53.81;2022;0 Km;48;31519.34;0.97;8200.0;1353.0;10;N;N;EF;733;3.0;A2;BOM;A2;N;-1;0.0
obs6045;63;SP;SULDESTE;30;60.11;2022;0 Km;12;23426.78;0.0;6478.0;1845.0;30;N;N;EF;760;3.0;A4;BOM;A1;S;-1;0.0
obs2543;22;SE;NORDESTE;30;21.14;2022;0 Km;24;31915.97;1.14;4920.0;943.0;32;N;N;EF;685;1.0;A2;BOM;B1;;-1;0.0
obs4796;51;SP;SULDESTE;30;70.57;2015;>= 3 anos;36;10373.11;0.88;3116.0;2501.0;10;S;N;EF;657;;;;;;6;0.0
obs9194;87;SC;SUL;30;54.67;2022;0 Km;48;32867.1;1.34;4100.0;1845.0;22;N;N;EF;668;3.0;A4;RUIM;A2;S;-1;0.0
obs3906;56;SP;SULDESTE;30;35.48;2016;>= 3 anos;60;23678.01;1.17;3280.0;2624.0;17;N;N;EF;707;;;;;S;5;0.0
obs3357;54;SC;SUL;30;3.83;2022;0 Km;60;42259.26;1.29;4100.0;4264.0;25;N;N;EF;691;3.0;A4;BOM;C3;N;-1;0.0
obs3347;49;SP;SULDESTE;30;60.23;2022;0 Km;24;17228.91;0.41;2296.0;1394.0;0;S;N;EF;717;3.0;A1;RUIM;A1;N;-1;0.0
obs7307;52;RJ;SULDESTE;30;64.06;2022;0 Km;60;27211.55;0.98;2870.0;1271.0;21;N;N;EF;706;2.0;A4;BOM;A3;N;-1;0.0
obs4321;56;PI;NORDESTE;30;21.56;2021;0 Km;60;43837.53;1.28;2460.0;1640.0;44;N;N;EF;707;3.0;A2;RUIM;B3;S;0;0.0
obs1359;60;SC;SUL;30;31.89;2021;0 Km;49;65947.47;0.93;4100.0;1353.0;46;N;N;EF;683;3.0;A1;BOM;B3;N;0;0.0
obs2228;37;SP;SULDESTE;30;73.14;2020;2 anos;36;12315.31;0.72;3189.8;1476.0;12;N;N;EF;708;;;;;N;1;0.0
obs4911;42;CE;NORDESTE;30;11.96;2022;0 Km;60;39587.68;1.23;4100.0;1271.0;23;N;N;EF;693;3.0;A4;BOM;C3;N;-1;0.0
obs1640;54;PR;SUL;30;28.0;2021;0 Km;49;33294.31;1.16;4009.8;1845.0;25;N;N;EF;751;2.0;A4;RUIM;B3;S;0;0.0
obs2622;56;MA;NORDESTE;30;25.86;2022;0 Km;49;59370.73;1.03;4182.0;492.0;42;N;N;EF;683;2.0;A2;BOM;B3;S;-1;0.0
obs9260;46;SP;SULDESTE;30;66.1;2022;0 Km;49;31659.96;1.01;2460.0;1845.0;38;N;N;EF;746;3.0;A2;BOM;A3;S;-1;0.0
obs7518;44;RS;SUL;30;55.16;2022;0 Km;60;29147.48;0.92;3690.0;2542.0;0;N;N;EF;763;3.0;A2;BOM;A3;N;-1;0.0
obs9363;25;AM;NORTE;30;49.68;2022;0 Km;24;24026.28;0.87;3280.0;779.0;35;N;N;EF;685;1.0;A2;BOM;A1;;-1;0.0
obs3352;45;PI;NORDESTE;30;92.08;2022;0 Km;18;5860.22;0.4;2624.0;1353.0;13;N;N;EF;742;3.0;A2;BOM;A1;S;-1;0.0
obs8101;34;MT;CENTRO-OESTE;30;70.68;2018;>= 3 anos;24;19424.49;1.13;5412.0;1804.0;18;N;N;EF;694;;;;;;3;0.0
obs9517;40;SP;SULDESTE;30;56.67;2021;0 Km;48;34245.41;1.08;4510.0;1886.0;20;N;N;EF;746;3.0;A2;BOM;A2;S;0;0.0
obs9883;50;BA;NORDESTE;30;50.59;2022;0 Km;36;28509.21;0.93;4100.0;1517.0;24;N;N;EF;742;3.0;A2;BOM;A1;N;-1;0.0
obs5686;35;BA;NORDESTE;30;6.73;2022;0 Km;60;39941.77;1.24;5740.0;4264.0;16;N;N;EF;737;1.0;A2;BOM;C3;S;-1;0.0
obs8549;51;PE;NORDESTE;30;24.47;2022;0 Km;49;62947.49;1.07;8200.0;8528.0;23;N;N;EF;746;1.0;A2;BOM;B3;S;-1;0.0
obs7199;41;CE;NORDESTE;30;10.83;2022;0 Km;36;38757.68;1.19;7380.0;1312.0;18;N;N;EF;697;3.0;A2;RUIM;C1;N;-1;0.0
obs111;38;PA;NORTE;30;18.7;2021;0 Km;36;34174.69;0.93;3690.0;492.0;31;N;N;EF;733;3.0;A1;BOM;C1;N;0;0.0
obs6818;46;MA;NORDESTE;30;7.12;2022;0 Km;48;40585.34;1.21;3526.0;1271.0;0;N;N;EF;719;3.0;A2;BOM;C2;S;-1;0.0
obs4116;44;PR;SUL;30;60.0;2021;0 Km;60;15931.74;1.17;3690.0;1886.0;10;S;N;EF;733;1.0;A2;BOM;A3;;0;0.0
obs5117;46;PR;SUL;30;61.64;2019;2 anos;24;24512.28;1.09;4346.0;1886.0;28;N;N;EF;698;;;;;S;2;0.0
obs7966;59;RJ;SULDESTE;30;84.32;2022;0 Km;12;12243.33;0.0;8200.0;8364.0;0;N;N;EF;720;3.0;A4;RUIM;A1;S;-1;0.0
obs647;42;RJ;SULDESTE;30;31.0;2019;2 anos;48;30232.75;1.74;2774.06;2624.0;33;N;N;EF;646;;;;;N;2;0.0
obs4619;44;SP;SULDESTE;30;65.51;2021;0 Km;48;30287.92;0.99;8200.0;8364.0;9;N;N;EF;737;3.0;A2;BOM;A2;S;0;0.0
obs5240;79;MG;SULDESTE;30;63.03;2022;0 Km;24;34552.25;0.0;4920.0;1927.0;29;N;N;EF;760;3.0;A4;BOM;A1;S;-1;0.0
obs380;41;DF;CENTRO-OESTE;30;45.23;2021;0 Km;49;50117.06;1.07;6560.0;1435.0;22;N;N;EF;669;3.0;A2;PESS;A3;S;0;0.0
obs4969;35;RN;NORDESTE;30;27.41;2022;0 Km;49;31615.53;1.16;2050.0;2583.0;47;N;N;EF;658;3.0;A2;BOM;B3;S;-1;0.0
obs2411;46;MA;NORDESTE;30;26.23;2022;0 Km;49;32028.87;1.1;3280.0;779.0;29;N;N;EF;678;3.0;A2;BOM;B3;S;-1;0.0
obs9129;82;RS;SUL;30;37.02;2022;0 Km;36;36175.43;1.04;4920.0;1517.0;24;N;N;EF;747;3.0;A2;BOM;B1;S;-1;0.0
obs3283;53;SP;SULDESTE;30;20.01;2021;0 Km;48;56557.3;1.71;8200.0;1312.0;0;N;N;EF;691;2.0;A1;RUIM;B2;N;0;0.0
obs3475;35;SP;SULDESTE;30;67.3;2021;0 Km;18;26999.67;0.0;12300.0;8282.0;12;N;N;EF;746;3.0;A1;BOM;A1;S;0;0.0
obs1439;37;SP;SULDESTE;30;29.31;2021;0 Km;60;30152.84;1.23;5740.0;4264.0;12;N;N;EF;693;3.0;A2;BOM;B3;S;0;0.0
obs8934;51;AC;NORTE;30;37.2;2021;0 Km;49;41027.71;1.22;9840.0;6109.0;0;N;N;EF;746;2.0;A2;BOM;B3;S;0;0.0
obs4441;54;RS;SUL;30;22.73;2022;0 Km;60;34662.8;1.62;3280.0;1312.0;27;N;N;EF;679;3.0;A2;RUIM;B3;S;-1;0.0
obs1441;21;RO;NORTE;30;55.07;2021;0 Km;48;21616.37;1.4;820.0;1886.0;79;S;N;EF;604;1.0;A0;BOM;A2;S;0;0.0
obs1652;64;MS;CENTRO-OESTE;30;13.79;2018;>= 3 anos;48;40055.22;2.01;5330.0;1394.0;25;N;S;EF;665;;;;;N;3;1.0
obs7097;30;PB;NORDESTE;30;52.29;2015;>= 3 anos;24;16548.43;1.21;2788.0;1066.0;28;N;N;EF;661;;;;;S;6;0.0
obs1398;53;MS;CENTRO-OESTE;30;16.54;2021;0 Km;60;34344.82;1.39;3690.0;6027.0;23;N;N;EF;702;2.0;A1;RUIM;C3;S;0;0.0
obs4100;41;SP;SULDESTE;30;57.17;2022;0 Km;48;23587.66;0.88;5084.0;4387.0;12;N;N;EF;733;3.0;A2;BOM;A2;S;-1;0.0
obs5143;64;SP;SULDESTE;30;54.69;2021;0 Km;36;24858.27;1.27;5740.0;4305.0;15;N;N;EF;707;3.0;A4;PESS;A1;N;0;0.0
obs8680;75;RS;SUL;30;44.28;2021;0 Km;37;50652.58;0.93;6560.0;2173.0;26;N;N;EF;751;3.0;A4;RUIM;A2;S;0;0.0
obs6905;51;PI;NORDESTE;30;42.76;2022;0 Km;60;26781.03;1.19;4920.0;4223.0;13;N;N;EF;667;2.0;A2;RUIM;A3;S;-1;0.0
obs3240;70;MG;SULDESTE;30;53.17;2022;0 Km;36;21341.97;0.9;4920.0;2583.0;14;N;N;EF;760;3.0;A4;BOM;A1;N;-1;0.0
obs1759;45;RJ;SULDESTE;30;28.06;2021;0 Km;37;30457.68;1.0;3280.0;8405.0;33;S;N;EF;715;1.0;A4;BOM;B2;;0;0.0
obs5075;35;GO;CENTRO-OESTE;30;21.31;2022;0 Km;60;34196.83;1.42;2624.0;1804.0;33;N;N;EF;678;1.0;A1;BOM;B3;;-1;0.0
obs5892;36;MG;SULDESTE;30;30.0;2022;0 Km;60;32113.13;1.26;12300.0;2009.0;6;N;N;EF;693;3.0;A2;RUIM;B3;N;-1;0.0
obs3013;45;RJ;SULDESTE;30;0.0;2022;0 Km;60;54603.21;0.99;8200.0;2460.0;0;N;N;EF;772;3.0;A2;BOM;C3;N;-1;0.0
obs611;42;RS;SUL;30;29.43;2021;0 Km;60;60422.47;1.42;5740.0;1394.0;27;N;N;EF;693;3.0;A4;PESS;B3;N;0;0.0
obs292;72;PE;NORDESTE;30;77.52;2021;0 Km;24;19748.05;0.0;4100.0;5986.0;21;N;N;EF;760;3.0;A2;BOM;A1;S;0;0.0
obs3575;56;RN;NORDESTE;30;38.72;2022;0 Km;49;46526.48;0.93;4100.0;3198.0;33;N;N;EF;672;3.0;A2;RUIM;B3;S;-1;0.0
obs5205;21;AP;NORTE;30;26.97;2021;0 Km;60;34406.2;1.5;4100.0;3034.0;22;N;N;EF;608;1.0;A0;BOM;B3;S;0;0.0
obs8926;43;GO;CENTRO-OESTE;30;61.58;2021;0 Km;24;34163.68;0.0;4428.0;2624.0;32;N;N;EF;678;2.0;A1;BOM;A1;N;0;0.0
obs5039;74;SP;SULDESTE;30;37.21;2021;0 Km;49;100703.67;1.23;16400.0;2665.0;17;N;N;EF;747;3.0;A2;BOM;B3;N;0;0.0
obs4396;41;BA;NORDESTE;30;27.64;2022;0 Km;49;64635.23;0.88;4920.0;5945.0;37;N;N;EF;682;3.0;A2;RUIM;B3;S;-1;0.0
obs8969;34;MS;CENTRO-OESTE;90;54.61;2018;>= 3 anos;36;32243.01;1.33;6560.0;1189.0;18;N;N;EF;704;;;;;;3;0.0
obs843;49;SC;SUL;30;26.77;2021;0 Km;48;31723.64;0.93;6560.0;6109.0;13;N;N;EF;746;2.0;A4;BOM;B2;S;0;0.0
obs9632;47;PR;SUL;30;39.63;2020;2 anos;60;22034.84;1.16;2296.0;1312.0;23;N;N;EF;708;;;;;S;1;0.0
obs2657;49;MA;NORDESTE;30;39.7;2021;0 Km;49;56507.23;1.03;3782.81;5986.0;44;N;N;EF;667;3.0;A2;RUIM;B3;S;0;0.0
obs5186;41;SP;SULDESTE;30;60.31;2021;0 Km;36;29738.67;0.72;4920.0;1599.0;19;S;N;EF;665;3.0;A2;BOM;A1;S;0;0.0
obs8181;39;SC;SUL;30;11.67;2020;2 anos;60;67068.79;1.41;20500.0;2542.0;0;N;N;EF;710;;;;;S;1;0.0
obs7452;26;AM;NORTE;30;30.75;2022;0 Km;48;57484.41;1.1;5330.0;943.0;30;N;N;EF;685;1.0;A1;BOM;B2;;-1;0.0
obs9044;40;PE;NORDESTE;30;78.74;2022;0 Km;24;20015.74;1.04;8200.0;2788.0;11;N;N;EF;746;3.0;A2;RUIM;A1;S;-1;0.0
obs2291;28;PI;NORDESTE;30;27.89;2021;0 Km;37;115063.98;1.39;11480.0;1271.0;39;N;N;EF;693;1.0;A2;BOM;B2;;0;0.0
obs1766;66;RJ;SULDESTE;30;47.57;2021;0 Km;48;27136.97;1.05;4100.0;2542.0;18;N;S;EF;707;3.0;A4;BOM;A2;S;0;0.0
obs951;56;BA;NORDESTE;30;31.93;2021;0 Km;49;39913.68;1.1;3116.0;6150.0;0;N;N;EF;751;3.0;A2;BOM;B3;;0;0.0
obs3208;63;PE;NORDESTE;30;45.2;2021;0 Km;60;24911.91;0.83;2460.0;1845.0;22;N;N;EF;760;3.0;A2;BOM;A3;N;0;0.0
obs390;67;SC;SUL;30;42.0;2016;>= 3 anos;48;15771.04;1.77;4920.0;2009.0;10;N;N;EF;660;;;;;S;5;0.0
obs6422;53;SP;SULDESTE;30;21.7;2022;0 Km;60;45702.77;1.47;4360.57;1353.0;26;N;N;EF;687;2.0;A2;RUIM;B3;S;-1;0.0
obs1157;56;SP;SULDESTE;30;0.0;2021;0 Km;60;39789.97;1.09;3198.0;1394.0;28;N;N;EF;760;3.0;A4;RUIM;C3;N;0;0.0
obs8697;50;SP;SULDESTE;30;39.86;2022;0 Km;37;28675.28;1.11;10069.6;3362.0;10;N;N;EF;746;3.0;A2;BOM;B2;S;-1;0.0
obs1960;35;PE;NORDESTE;30;40.71;2021;0 Km;36;24538.41;0.72;5740.0;1353.0;14;N;N;EF;746;3.0;A1;BOM;A1;S;0;0.0
obs683;72;BA;NORDESTE;30;75.02;2015;>= 3 anos;36;9295.81;0.99;4100.0;1148.0;7;N;N;EF;671;;;;;S;6;0.0
obs7876;30;PA;NORTE;30;69.28;2022;0 Km;24;17529.17;0.87;2870.0;820.0;29;N;N;EF;678;3.0;A2;BOM;A1;N;-1;0.0
obs7968;75;MS;CENTRO-OESTE;30;64.97;2022;0 Km;24;32352.04;1.23;16400.0;3731.0;0;N;N;EF;764;3.0;A2;BOM;A1;S;-1;0.0
obs7939;39;DF;CENTRO-OESTE;30;44.45;2021;0 Km;60;23820.17;0.93;2050.0;1804.0;25;N;N;EF;746;3.0;A2;BOM;A3;N;0;0.0
obs3743;43;AL;NORDESTE;30;36.97;2021;0 Km;36;44535.31;0.88;9020.0;3444.0;16;N;N;EF;733;1.0;A2;BOM;B1;S;0;0.0
obs5598;62;MG;SULDESTE;30;76.55;2022;0 Km;24;10444.07;0.68;2870.0;1804.0;17;N;S;EF;760;3.0;A4;BOM;A1;S;-1;0.0
obs8434;45;DF;CENTRO-OESTE;30;65.0;2021;0 Km;18;23340.43;0.0;4920.0;1148.0;27;N;N;EF;700;3.0;A2;BOM;A1;N;0;0.0
obs9169;72;MG;SULDESTE;30;28.36;2022;0 Km;36;30968.31;1.47;10114.37;1271.0;11;N;N;EF;668;2.0;A4;BOM;B1;N;-1;0.0
obs3846;45;SP;SULDESTE;30;23.08;2021;0 Km;49;62196.65;0.93;5740.0;11726.0;31;N;N;EF;706;3.0;A2;PESS;B3;S;0;0.0
obs6914;27;SC;SUL;30;20.08;2022;0 Km;60;50377.49;1.55;3362.0;615.0;40;N;N;EF;669;1.0;A1;RUIM;B3;;-1;1.0
obs9167;40;SC;SUL;30;0.0;2022;0 Km;60;42982.19;1.23;5084.0;1927.0;20;S;N;EF;733;3.0;A2;BOM;C3;S;-1;0.0
obs6008;57;SP;SULDESTE;30;65.55;2021;0 Km;18;24343.67;0.0;7626.0;8446.0;18;N;N;EF;760;3.0;A4;BOM;A1;N;0;0.0
obs3057;49;SP;SULDESTE;30;0.0;2017;>= 3 anos;60;32567.31;1.67;2870.0;1845.0;30;N;N;EF;659;;;;;S;4;0.0
obs7470;42;PA;NORTE;30;52.97;2021;0 Km;36;74010.88;1.04;16400.0;1845.0;15;N;N;EF;737;2.0;A2;BOM;A1;S;0;0.0
obs5811;38;SP;SULDESTE;30;43.38;2013;>= 3 anos;48;20532.31;1.33;3690.0;1271.0;16;N;N;EF;664;;;;;S;8;0.0
obs8286;41;SP;SULDESTE;30;46.39;2022;0 Km;48;25727.28;1.04;12218.0;1886.0;5;N;N;EF;691;3.0;A2;BOM;A2;S;-1;0.0
obs3381;43;PR;SUL;30;36.82;2021;0 Km;37;53055.15;0.81;4100.0;1886.0;45;N;N;EF;737;3.0;A2;BOM;B2;S;0;0.0
obs7010;57;SP;SULDESTE;30;13.28;2021;0 Km;48;82104.2;1.3;9840.0;1230.0;24;N;N;EF;720;1.0;A4;BOM;C2;;0;0.0
obs185;28;MS;CENTRO-OESTE;30;34.88;2021;0 Km;37;50472.73;0.88;4920.0;1230.0;0;N;N;EF;737;3.0;A1;BOM;B2;S;0;0.0
obs1396;36;MA;NORDESTE;30;46.19;2018;>= 3 anos;48;20491.87;1.3;2460.0;1312.0;24;N;N;EF;658;;;;;;3;0.0
obs413;23;SP;SULDESTE;30;0.0;2021;0 Km;60;45106.28;1.56;4510.0;820.0;0;N;N;EF;742;1.0;A1;BOM;C3;;0;0.0
obs867;52;AL;NORDESTE;30;82.86;2018;>= 3 anos;36;13360.51;1.06;2870.0;1927.0;15;N;S;EF;675;;;;;S;3;0.0
obs202;53;SC;SUL;30;31.0;2012;>= 3 anos;48;14885.86;1.98;1886.0;492.0;26;N;N;EF;662;;;;;S;9;0.0
obs1805;33;SP;SULDESTE;30;79.86;2015;>= 3 anos;24;5849.61;0.88;1476.0;984.0;19;N;N;EF;664;;;;;S;6;0.0
obs8443;56;GO;CENTRO-OESTE;30;41.35;2020;2 anos;60;51720.89;1.44;8200.0;2255.0;15;N;N;EF;654;;;;;S;1;0.0
obs8963;53;SP;SULDESTE;30;41.73;2022;0 Km;60;31504.19;1.04;5740.0;1271.0;12;N;N;EF;715;3.0;A4;BOM;A3;N;-1;0.0
obs3829;56;RJ;SULDESTE;30;40.38;2021;2 anos;24;37089.38;1.56;16400.0;2747.0;11;N;N;EF;643;;;;;S;0;0.0
obs1800;29;PE;NORDESTE;30;3.79;2022;0 Km;60;40855.38;1.38;3690.0;902.0;28;N;N;EF;737;1.0;A1;BOM;C3;;-1;0.0
obs5650;44;RJ;SULDESTE;30;84.0;2021;0 Km;24;13810.37;0.0;16400.0;8446.0;0;N;N;EF;763;3.0;A2;BOM;A1;S;0;0.0
obs8240;43;MT;CENTRO-OESTE;30;30.13;2022;0 Km;60;54505.1;1.0;4920.0;2747.0;24;N;N;EF;678;3.0;A4;RUIM;B3;S;-1;0.0
obs5930;40;SP;SULDESTE;30;13.51;2022;0 Km;60;36661.14;1.29;5330.0;2583.0;17;N;N;EF;697;1.0;A2;BOM;C3;S;-1;0.0
obs1704;23;RJ;SULDESTE;30;29.79;2021;0 Km;48;28044.87;1.58;3444.0;1148.0;25;S;N;EF;657;3.0;A1;RUIM;B2;N;0;0.0
obs1788;36;AM;NORTE;30;31.05;2019;2 anos;48;26079.7;1.51;3280.0;820.0;24;N;N;EF;658;;;;;S;2;0.0
obs4654;66;SP;SULDESTE;30;34.74;2021;0 Km;37;52239.97;1.19;4141.0;16031.0;48;N;N;EF;707;1.0;A4;RUIM;B2;;0;0.0
obs4436;37;RJ;SULDESTE;30;8.42;2016;>= 3 anos;60;37014.68;1.98;3444.0;820.0;32;N;N;EF;668;;;;;N;5;0.0
obs684;31;DF;CENTRO-OESTE;30;32.73;2015;>= 3 anos;36;31937.57;1.44;4100.0;1230.0;28;N;N;EF;642;;;;;S;6;0.0
obs3262;43;SP;SULDESTE;30;57.11;2022;0 Km;48;18882.27;0.99;3485.0;1968.0;14;N;N;EF;706;3.0;A4;RUIM;A2;S;-1;0.0
obs6300;31;PB;NORDESTE;30;10.25;2021;0 Km;36;33238.9;0.99;4920.0;1271.0;23;N;N;EF;733;3.0;A2;BOM;C1;S;0;0.0
obs4958;42;RJ;SULDESTE;30;63.57;2021;0 Km;24;32058.75;0.0;16400.0;451.0;0;N;N;EF;763;2.0;A4;BOM;A1;N;0;0.0
obs6124;52;TO;NORTE;30;47.0;2022;0 Km;48;44133.39;0.83;13776.0;5986.0;8;N;N;EF;650;3.0;A2;RUIM;A2;S;-1;0.0
obs1174;44;GO;CENTRO-OESTE;30;63.24;2014;>= 3 anos;36;11458.09;1.21;3690.0;3280.0;10;N;N;EF;651;;;;;N;7;0.0
obs6517;55;BA;NORDESTE;30;42.04;2022;0 Km;60;32132.84;0.92;4100.0;2624.0;17;N;N;EF;751;3.0;A2;BOM;A3;S;-1;0.0
obs637;65;MG;SULDESTE;30;61.94;2021;0 Km;24;29782.27;0.0;4920.0;3034.0;25;N;N;EF;760;3.0;A2;BOM;A1;N;0;0.0
obs8523;22;SP;SULDESTE;30;63.42;2022;0 Km;36;27850.26;0.0;2870.0;779.0;28;N;N;EF;698;1.0;A2;BOM;A1;;-1;0.0
obs1621;65;ES;SULDESTE;30;85.99;2021;0 Km;12;7319.64;0.0;3198.0;1599.0;19;N;N;EF;760;3.0;A4;BOM;A1;S;0;0.0
obs9022;29;PA;NORTE;30;25.87;2022;0 Km;49;36064.6;1.22;4100.0;1804.0;27;N;N;EF;697;1.0;A2;BOM;B3;;-1;0.0
obs4519;46;BA;NORDESTE;30;4.0;2022;0 Km;60;41259.11;1.23;3280.0;4264.0;29;N;N;EF;687;3.0;A2;RUIM;C3;N;-1;0.0
obs90;69;SP;SULDESTE;30;62.44;2021;2 anos;24;17242.35;0.88;9840.0;3403.0;8;N;N;EF;671;;;;;S;0;0.0
obs1607;53;MA;NORDESTE;30;33.81;2021;0 Km;60;59388.99;1.18;4510.0;1271.0;0;N;N;EF;759;3.0;A2;BOM;B3;S;0;0.0
obs404;44;SP;SULDESTE;30;74.1;2012;>= 3 anos;24;6834.15;0.58;2870.0;1845.0;0;N;N;EF;686;;;;;;9;0.0
obs1484;48;PE;NORDESTE;30;26.35;2021;0 Km;49;37453.21;1.16;6150.0;5699.0;18;N;N;EF;691;1.0;A2;BOM;B3;S;0;0.0
obs5387;35;RJ;SULDESTE;30;76.58;2022;0 Km;36;12692.07;1.14;5904.0;1353.0;7;N;N;EF;665;3.0;A2;RUIM;A1;S;-1;0.0
obs6558;48;PE;NORDESTE;30;14.48;2022;0 Km;60;37462.39;1.55;5330.0;1025.0;18;N;N;EF;674;3.0;A1;RUIM;C3;S;-1;1.0
obs8710;39;DF;CENTRO-OESTE;30;64.83;2022;0 Km;24;27960.21;0.0;24600.0;1394.0;4;N;N;EF;746;3.0;A4;BOM;A1;N;-1;0.0
obs4606;29;SC;SUL;30;43.92;2022;0 Km;49;30514.47;1.1;2296.0;1271.0;40;N;N;EF;658;1.0;A2;PESS;A3;N;-1;0.0
obs1496;40;SC;SUL;30;40.0;2015;>= 3 anos;36;17277.1;1.08;4100.0;2624.0;14;N;N;EF;653;;;;;N;6;0.0
obs6544;49;SP;SULDESTE;30;55.44;2022;0 Km;24;20797.91;0.77;5740.0;2501.0;16;N;N;EF;687;3.0;A4;BOM;A1;S;-1;0.0
obs362;27;AP;NORTE;30;22.09;2021;0 Km;60;42818.04;1.24;4510.0;984.0;23;S;N;EF;689;3.0;A2;BOM;B3;S;0;0.0
obs7768;59;AP;NORTE;30;11.77;2022;0 Km;60;63122.33;1.66;9430.0;5986.0;18;N;N;EF;679;3.0;A2;BOM;C3;S;-1;0.0
obs3142;53;PA;NORTE;30;47.33;2022;0 Km;24;22528.13;0.66;8200.0;2665.0;13;N;N;EF;742;3.0;A2;BOM;A1;S;-1;0.0
obs7096;71;MG;SULDESTE;30;52.48;2022;0 Km;49;31210.77;1.05;8200.0;2337.0;10;N;N;EF;760;3.0;A4;BOM;A3;S;-1;0.0
obs4806;65;SC;SUL;30;63.0;2022;0 Km;24;32598.06;0.0;8200.0;2952.0;16;N;N;EF;760;3.0;A4;BOM;A1;S;-1;0.0
obs9776;50;SC;SUL;60;55.17;2017;>= 3 anos;60;23410.79;1.01;2542.0;3321.0;20;N;N;EF;646;;;;;S;4;0.0
obs9930;26;ES;SULDESTE;30;28.07;2022;0 Km;49;41378.19;1.22;2952.0;1312.0;43;S;N;EF;674;3.0;A1;BOM;B3;S;-1;0.0
obs8306;65;SP;SULDESTE;30;66.69;2012;>= 3 anos;48;9327.31;0.89;4100.0;3116.0;6;N;N;EF;692;;;;;N;9;0.0
obs5540;52;MA;NORDESTE;30;0.0;2022;0 Km;60;44664.79;1.03;3280.0;2624.0;31;N;N;EF;746;3.0;A2;BOM;C3;N;-1;0.0
obs2147;29;RJ;SULDESTE;30;11.53;2021;0 Km;60;51590.02;1.46;5740.0;1353.0;22;N;N;EF;691;2.0;A1;RUIM;C3;S;0;0.0
obs7461;44;MA;NORDESTE;30;75.48;2022;0 Km;24;22477.23;0.11;4920.0;1845.0;19;N;N;EF;706;3.0;A2;BOM;A1;S;-1;0.0
obs3193;50;SP;SULDESTE;30;86.3;2021;0 Km;18;11691.15;0.0;7790.0;8446.0;0;N;N;EF;772;3.0;A4;BOM;A1;S;0;0.0
obs761;37;SP;SULDESTE;30;0.0;2014;>= 3 anos;48;32564.15;2.35;4838.0;2911.0;24;N;N;EF;658;;;;;;7;0.0
obs4419;45;PR;SUL;30;43.41;2020;2 anos;48;31567.28;1.28;3198.0;1886.0;28;N;N;EF;662;;;;;S;1;0.0
obs1404;53;PI;NORDESTE;30;63.34;2021;0 Km;36;17012.97;1.22;4797.0;1927.0;0;N;N;EF;676;3.0;A2;RUIM;A1;S;0;0.0
obs9894;71;SP;SULDESTE;30;34.78;2020;2 anos;48;30932.05;1.13;2706.0;2050.0;31;N;N;EF;713;;;;;S;1;0.0
obs7147;65;SC;SUL;30;8.11;2022;0 Km;60;45596.69;1.03;6478.0;6068.0;0;N;N;EF;768;3.0;A4;BOM;C3;S;-1;0.0
obs3726;29;PR;SUL;30;20.08;2012;>= 3 anos;48;17789.28;2.07;1968.0;820.0;31;N;N;EF;681;;;;;N;9;0.0
obs2388;43;SP;SULDESTE;30;30.69;2014;>= 3 anos;48;22532.61;1.18;5740.0;2583.0;10;N;N;EF;704;;;;;S;7;0.0
obs4181;35;PR;SUL;30;58.33;2018;>= 3 anos;48;22022.28;0.86;3444.0;1927.0;16;N;N;EF;704;;;;;S;3;0.0
obs3922;63;MG;SULDESTE;30;36.48;2022;0 Km;48;28287.41;1.16;6560.0;8815.0;12;N;N;EF;711;3.0;A4;PESS;B2;S;-1;0.0
obs8322;48;PI;NORDESTE;30;25.62;2022;0 Km;60;58708.81;1.12;4100.0;3280.0;34;N;N;EF;678;2.0;A2;BOM;B3;S;-1;0.0
obs9848;26;SC;SUL;30;38.05;2021;0 Km;49;58948.9;1.01;3690.0;1025.0;47;N;N;EF;661;3.0;A1;RUIM;B3;S;0;0.0
obs7605;74;SP;SULDESTE;30;46.37;2021;0 Km;60;98719.97;1.03;9020.0;3567.0;24;N;N;EF;760;3.0;A4;BOM;A3;S;0;0.0
obs8971;47;MS;CENTRO-OESTE;30;36.66;2018;>= 3 anos;48;25519.48;1.34;2870.0;1804.0;26;N;N;EF;662;;;;;N;3;0.0
obs729;57;RJ;SULDESTE;30;0.0;2018;>= 3 anos;60;38252.21;2.0;3300.5;3198.0;0;N;N;EF;653;;;;;;3;0.0
obs1046;46;PB;NORDESTE;30;35.71;2016;>= 3 anos;48;16285.5;0.97;4100.0;2665.0;0;N;N;EF;686;;;;;S;5;0.0
obs7816;56;RS;SUL;30;19.46;2022;0 Km;48;35148.28;1.31;3280.0;820.0;31;S;N;EF;692;1.0;A2;BOM;C2;;-1;0.0
obs8968;36;CE;NORDESTE;30;65.81;2018;>= 3 anos;48;20747.51;1.1;9840.0;4346.0;0;N;N;EF;714;;;;;S;3;0.0
obs2219;41;SE;NORDESTE;30;37.27;2018;>= 3 anos;60;23450.8;1.19;2050.0;902.0;26;S;N;EF;685;;;;;S;3;0.0
obs32;59;BA;NORDESTE;30;15.47;2021;0 Km;60;42396.33;1.44;4920.0;1845.0;0;N;N;EF;677;2.0;A2;RUIM;C3;S;0;0.0
obs9460;58;MG;SULDESTE;30;10.76;2022;0 Km;60;39225.98;1.7;3690.0;1394.0;28;N;N;EF;679;2.0;A4;RUIM;C3;N;-1;0.0
obs1688;42;TO;NORTE;30;56.08;2021;0 Km;60;26909.43;1.41;3280.0;1886.0;20;N;N;EF;665;3.0;A2;PESS;A3;N;0;0.0
obs8218;53;SC;SUL;30;40.26;2022;0 Km;24;25469.19;0.87;4100.0;3321.0;30;N;N;EF;742;3.0;A4;RUIM;A1;N;-1;0.0
obs4282;32;MS;CENTRO-OESTE;30;0.0;2016;>= 3 anos;60;32902.29;1.8;3690.0;2501.0;25;N;N;EF;694;;;;;N;5;0.0
obs2482;61;BA;NORDESTE;30;27.66;2022;0 Km;37;57599.32;1.14;11480.0;8405.0;18;N;N;EF;711;3.0;A2;BOM;B2;S;-1;0.0
obs158;41;SP;SULDESTE;30;0.0;2016;>= 3 anos;60;39211.62;1.6;3280.0;1886.0;31;N;N;EF;672;;;;;N;5;0.0
obs6092;39;SP;SULDESTE;30;31.09;2022;0 Km;48;41254.35;1.14;12300.0;2706.0;9;N;N;EF;733;3.0;A2;BOM;B2;S;-1;0.0
obs8684;31;SP;SULDESTE;30;39.6;2022;0 Km;36;28276.88;1.42;3280.0;2501.0;32;N;N;EF;665;1.0;A1;BOM;B1;;-1;0.0
obs863;43;SC;SUL;30;67.75;2015;>= 3 anos;48;10965.34;1.1;2050.0;1394.0;14;N;N;EF;663;;;;;N;6;0.0
obs509;60;SP;SULDESTE;30;51.95;2021;0 Km;36;16055.37;0.62;2870.0;1230.0;0;N;N;EF;709;1.0;A4;RUIM;A1;;0;0.0
obs4839;50;RJ;SULDESTE;30;38.54;2022;0 Km;37;27137.68;1.0;9840.0;2624.0;10;N;N;EF;755;1.0;A2;BOM;B2;;-1;0.0
obs8009;52;TO;NORTE;30;56.58;2022;0 Km;48;24528.03;1.05;8200.0;4387.0;8;N;N;EF;702;3.0;A2;RUIM;A2;S;-1;0.0
obs6168;37;RN;NORDESTE;30;40.8;2021;0 Km;49;38331.89;1.3;5330.0;2501.0;21;N;N;EF;691;2.0;A2;PESS;A3;N;0;0.0
obs6230;62;SP;SULDESTE;30;55.45;2019;2 anos;48;17709.48;1.17;2050.0;1353.0;24;N;N;EF;675;;;;;S;2;0.0
obs5450;40;SC;SUL;30;54.64;2014;>= 3 anos;48;21750.79;1.28;3362.0;1312.0;18;N;N;EF;664;;;;;N;7;0.0
obs3721;48;PA;NORTE;30;21.76;2022;0 Km;49;33977.82;1.16;5740.0;5986.0;18;N;N;EF;746;2.0;A2;BOM;B3;S;-1;0.0
obs5167;53;RS;SUL;30;51.6;2021;0 Km;49;44372.28;0.93;4592.0;2542.0;27;N;N;EF;667;1.0;A4;PESS;A3;;0;0.0
obs7754;38;SC;SUL;30;39.01;2022;0 Km;48;33541.89;1.05;6396.0;4387.0;14;N;N;EF;733;3.0;A2;BOM;B2;S;-1;0.0
obs6323;46;SC;SUL;30;59.39;2022;0 Km;36;54758.64;0.6;8118.0;1394.0;22;N;N;EF;706;3.0;A2;RUIM;A1;N;-1;0.0
obs4934;55;PE;NORDESTE;30;72.38;2021;0 Km;24;17684.27;0.3;3444.0;1845.0;22;S;N;EF;720;2.0;A2;RUIM;A1;N;0;0.0
obs1291;67;SP;SULDESTE;30;60.01;2021;0 Km;12;18928.13;0.0;5658.0;2624.0;28;N;N;EF;760;3.0;A4;BOM;A1;N;0;0.0
obs1069;29;MT;CENTRO-OESTE;30;51.59;2021;0 Km;49;38994.23;0.93;4018.0;1353.0;28;N;N;EF;650;3.0;A1;RUIM;A3;N;0;1.0
obs1923;53;PB;NORDESTE;30;49.0;2020;2 anos;60;30905.89;1.01;10660.0;6847.0;0;N;N;EF;699;;;;;S;1;0.0
obs3722;27;SP;SULDESTE;30;32.56;2021;0 Km;48;34651.44;1.17;4592.0;1066.0;21;N;N;EF;698;3.0;A1;RUIM;B2;S;0;0.0
obs2011;40;SC;SUL;30;60.0;2021;0 Km;48;40676.45;0.88;4100.0;8405.0;26;N;N;EF;733;3.0;A4;BOM;A2;S;0;0.0
obs8918;32;GO;CENTRO-OESTE;30;49.6;2020;2 anos;48;25990.89;1.02;3280.0;1927.0;21;N;N;EF;677;;;;;S;1;0.0
obs1044;35;SP;SULDESTE;30;28.0;2021;0 Km;49;52958.75;1.03;4100.0;1271.0;37;N;N;EF;697;3.0;A1;RUIM;B3;S;0;0.0
obs3831;39;PA;NORTE;30;27.85;2022;0 Km;49;33989.6;1.16;4100.0;492.0;25;N;N;EF;669;3.0;A1;PESS;B3;S;-1;0.0
obs4598;61;SP;SULDESTE;30;55.13;2019;2 anos;36;14548.01;0.99;4100.0;1886.0;12;S;N;EF;707;;;;;N;2;0.0
obs4437;47;SC;SUL;30;55.4;2022;0 Km;48;24888.31;0.83;2378.0;1066.0;27;N;N;EF;746;3.0;A2;BOM;A2;N;-1;0.0
obs8637;73;RJ;SULDESTE;30;25.4;2018;>= 3 anos;60;39912.21;1.45;4264.0;2050.0;24;N;N;EF;688;;;;;S;3;0.0
obs9085;43;RJ;SULDESTE;30;43.17;2019;2 anos;48;33694.68;2.02;8200.0;1886.0;13;N;N;EF;661;;;;;;2;0.0
obs5699;50;RS;SUL;30;87.53;2020;2 anos;12;9601.71;0.3;4100.0;6068.0;20;N;N;EF;676;;;;;S;1;0.0
obs9012;73;SP;SULDESTE;30;44.38;2020;2 anos;36;34749.22;0.83;6560.0;1107.0;17;N;N;EF;679;;;;;N;1;0.0
obs5783;54;RJ;SULDESTE;30;27.27;2016;>= 3 anos;48;27470.51;1.56;7298.0;5125.0;11;N;N;EF;688;;;;;S;5;0.0
obs8929;29;MA;NORDESTE;30;7.62;2022;0 Km;60;43227.23;1.61;3690.0;1025.0;31;N;N;EF;693;1.0;A1;BOM;C3;;-1;0.0
obs1371;72;PR;SUL;30;46.08;2021;0 Km;37;35012.61;1.34;8200.0;2542.0;16;N;N;EF;751;3.0;A2;BOM;A2;S;0;0.0
obs9740;37;BA;NORDESTE;30;20.33;2022;0 Km;60;35090.28;1.44;4100.0;820.0;22;N;N;EF;733;1.0;A2;BOM;B3;S;-1;1.0
obs6132;75;PE;NORDESTE;30;79.25;2022;0 Km;24;9881.44;0.66;3280.0;1476.0;13;N;N;EF;760;3.0;A1;BOM;A1;S;-1;0.0
obs9609;44;AC;NORTE;30;47.49;2022;0 Km;48;44180.88;1.26;7625.08;2665.0;16;N;N;EF;687;2.0;A2;BOM;A2;N;-1;0.0
obs9045;23;MA;NORDESTE;30;30.44;2022;0 Km;49;38836.65;1.22;3280.0;2501.0;37;N;N;EF;674;1.0;A2;BOM;B3;S;-1;0.0
obs6572;65;SP;SULDESTE;30;58.0;2022;0 Km;12;25316.93;0.0;3198.0;2009.0;0;N;N;EF;720;3.0;A4;RUIM;A1;N;-1;0.0
obs3931;64;MT;CENTRO-OESTE;30;28.22;2022;0 Km;37;39358.31;1.14;4920.0;2501.0;29;N;S;EF;683;2.0;A2;BOM;B2;S;-1;0.0
obs6362;72;SP;SULDESTE;30;28.42;2022;0 Km;60;42589.85;1.2;3034.0;4305.0;34;N;N;EF;747;1.0;A4;BOM;B3;;-1;0.0
obs1383;80;SP;SULDESTE;30;0.0;2021;0 Km;48;41191.01;1.31;50840.0;2296.0;0;N;N;EF;737;3.0;A4;BOM;C2;S;0;0.0
obs8187;53;MA;NORDESTE;30;14.45;2020;2 anos;60;50280.57;1.5;12300.0;15908.0;10;N;N;EF;651;;;;;S;1;0.0
obs2920;65;PI;NORDESTE;30;20.15;2021;0 Km;36;40999.76;1.14;2460.0;1804.0;59;N;N;EF;692;1.0;A2;BOM;B1;;0;0.0
obs3774;65;SP;SULDESTE;60;0.0;2020;2 anos;48;34227.31;1.47;2486.57;2501.0;0;N;N;EF;666;;;;;S;1;0.0
obs7117;61;AL;NORDESTE;30;48.39;2022;0 Km;60;21910.34;1.22;4920.0;1804.0;11;S;N;EF;672;1.0;A2;RUIM;A3;;-1;0.0
obs7225;53;MG;SULDESTE;30;30.0;2021;0 Km;60;46951.62;1.33;3690.0;1312.0;0;S;N;EF;674;3.0;A2;RUIM;B3;S;0;0.0
obs4374;25;PA;NORTE;30;14.02;2022;0 Km;60;37245.69;1.55;3608.0;820.0;0;N;N;EF;674;1.0;A2;BOM;C3;;-1;0.0
obs8819;54;PB;NORDESTE;30;30.06;2022;0 Km;36;29744.15;1.37;8200.0;1353.0;0;N;N;EF;691;3.0;A1;BOM;B1;S;-1;0.0
obs8541;57;SP;SULDESTE;30;16.27;2022;0 Km;60;36826.71;1.54;3280.0;1353.0;30;N;N;EF;692;1.0;A4;RUIM;C3;;-1;1.0
obs8006;58;RS;SUL;30;60.22;2022;0 Km;18;53822.45;0.0;23370.0;1886.0;12;N;N;EF;760;3.0;A4;RUIM;A1;S;-1;0.0
obs6301;55;PE;NORDESTE;30;30.79;2022;0 Km;49;52041.29;0.93;4920.0;1394.0;30;N;N;EF;683;3.0;A2;PESS;B3;S;-1;0.0
obs7451;61;PE;NORDESTE;30;6.61;2022;0 Km;48;76122.91;1.37;10660.0;1722.0;20;N;N;EF;760;1.0;A2;BOM;C2;S;-1;0.0
obs2138;32;RJ;SULDESTE;30;22.79;2022;0 Km;60;61545.33;1.23;5740.0;1312.0;26;S;N;EF;733;1.0;A1;BOM;B3;;-1;0.0
obs7911;46;SP;SULDESTE;30;55.49;2017;>= 3 anos;24;12897.14;0.72;6560.0;2747.0;9;N;N;EF;689;;;;;S;4;0.0
obs2985;50;RS;SUL;30;73.87;2021;0 Km;36;19880.5;0.88;2050.0;820.0;31;N;N;EF;715;3.0;A2;BOM;A1;N;0;0.0
obs799;42;SE;NORDESTE;30;37.77;2012;>= 3 anos;36;19463.34;1.37;2460.0;1804.0;28;N;N;EF;664;;;;;S;9;0.0
obs8602;76;PR;SUL;30;0.0;2022;0 Km;60;51739.71;1.23;22960.0;2050.0;5;N;N;EF;747;2.0;A4;BOM;C3;S;-1;0.0
obs515;79;BA;NORDESTE;30;38.81;2021;0 Km;60;25727.32;1.09;9020.0;820.0;6;N;N;EF;692;3.0;A2;BOM;B3;;0;0.0
obs7310;43;CE;NORDESTE;30;31.72;2022;0 Km;60;55641.54;1.31;7380.0;11726.0;19;N;N;EF;678;3.0;A1;RUIM;B3;N;-1;0.0
obs9502;66;SC;SUL;30;80.16;2022;0 Km;24;15798.03;0.0;2460.0;1353.0;28;N;N;EF;720;3.0;A4;BOM;A1;N;-1;0.0
obs7137;36;SC;SUL;60;71.99;2017;>= 3 anos;12;20173.79;1.38;5986.0;2624.0;32;N;N;EF;671;;;;;N;4;0.0
obs8512;21;BA;NORDESTE;30;24.63;2022;0 Km;49;46417.29;1.22;4838.0;902.0;30;N;N;EF;674;1.0;A2;BOM;B3;;-1;0.0
obs1402;35;SP;SULDESTE;30;69.16;2015;>= 3 anos;36;10760.72;1.22;2460.0;1804.0;15;N;N;EF;636;;;;;S;6;0.0
obs468;41;PE;NORDESTE;30;70.0;2015;>= 3 anos;48;7883.2;1.38;984.0;820.0;24;N;N;EF;671;;;;;;6;0.0
obs895;66;MT;CENTRO-OESTE;30;45.25;2021;0 Km;48;26036.48;1.28;6150.0;1517.0;0;N;N;EF;764;3.0;A4;BOM;A2;S;0;0.0
obs3407;47;RJ;SULDESTE;30;0.0;2021;0 Km;60;88892.17;1.41;14760.0;8528.0;14;N;N;EF;715;3.0;A4;BOM;C3;S;0;0.0
obs2509;47;SP;SULDESTE;30;36.89;2020;2 anos;48;34983.44;1.19;4510.0;3321.0;21;N;N;EF;698;;;;;S;1;0.0
obs1360;40;SC;SUL;30;34.16;2021;0 Km;36;29636.63;0.99;3936.0;861.0;26;N;N;EF;733;1.0;A2;BOM;B1;S;0;0.0
obs1663;53;SC;SUL;30;44.23;2014;>= 3 anos;36;12464.76;1.02;2214.0;2542.0;0;N;S;EF;652;;;;;S;7;0.0
obs4511;30;SP;SULDESTE;30;46.54;2021;0 Km;24;48463.47;0.77;8200.0;1312.0;28;N;N;EF;733;3.0;A2;BOM;A1;S;0;0.0
obs3896;43;PR;SUL;30;13.38;2021;0 Km;60;81601.34;1.34;6560.0;8487.0;0;N;N;EF;754;3.0;A2;RUIM;C3;S;0;0.0
obs5812;67;MG;SULDESTE;30;88.29;2021;0 Km;24;10993.53;0.09;4920.0;2009.0;9;N;N;EF;760;3.0;A2;BOM;A1;S;0;0.0
obs8029;41;DF;CENTRO-OESTE;30;24.72;2022;0 Km;49;45751.26;1.32;14175.34;1394.0;0;N;N;EF;682;1.0;A2;PESS;B3;S;-1;0.0
obs69;40;SP;SULDESTE;30;31.55;2014;>= 3 anos;48;18047.45;1.53;2460.0;3280.0;22;N;N;EF;657;;;;;S;7;0.0
obs9093;38;MG;SULDESTE;30;50.33;2021;0 Km;37;21304.62;1.04;2296.0;2583.0;32;N;N;EF;678;3.0;A2;PESS;A2;S;0;0.0
obs1911;31;SP;SULDESTE;30;30.0;2014;>= 3 anos;48;20435.2;2.26;3936.0;1804.0;18;N;N;EF;629;;;;;N;7;0.0
obs8391;86;PB;NORDESTE;30;29.33;2021;0 Km;49;48786.84;1.08;4920.0;1148.0;28;N;N;EF;720;3.0;A2;RUIM;B3;;0;0.0
obs4812;38;PI;NORDESTE;30;28.05;2022;0 Km;60;31221.53;1.02;2132.0;1312.0;34;N;N;EF;733;3.0;A2;BOM;B3;S;-1;0.0
obs2060;29;MS;CENTRO-OESTE;30;29.94;2021;0 Km;49;35836.08;1.16;2460.0;820.0;44;N;N;EF;697;3.0;A1;BOM;B3;S;0;0.0
obs8528;67;PE;NORDESTE;30;39.37;2020;2 anos;48;33128.08;1.27;4100.0;3034.0;23;N;N;EF;675;;;;;S;1;0.0
obs8661;50;SP;SULDESTE;30;73.82;2022;0 Km;12;11343.22;0.58;2624.0;2542.0;37;N;S;EF;687;1.0;A2;BOM;A1;;-1;0.0
obs8622;64;RJ;SULDESTE;30;9.23;2022;0 Km;48;39537.05;1.52;3280.0;2583.0;37;N;N;EF;707;1.0;A4;RUIM;C2;S;-1;0.0
obs3306;62;SP;SULDESTE;30;0.0;2013;>= 3 anos;48;24765.31;1.64;12300.0;15908.0;6;N;N;EF;707;;;;;S;8;0.0
obs4090;62;ES;SULDESTE;30;4.12;2013;>= 3 anos;48;28769.95;1.73;3198.0;1763.0;28;N;N;EF;662;;;;;S;8;0.0
obs2315;34;MA;NORDESTE;30;0.0;2022;0 Km;48;42320.04;1.42;4100.0;779.0;31;N;N;EF;693;3.0;A2;BOM;C2;S;-1;0.0
obs4274;66;CE;NORDESTE;30;28.77;2021;0 Km;49;61781.47;0.83;3837.6;1271.0;45;N;N;EF;720;3.0;A1;RUIM;B3;N;0;0.0
obs3379;54;CE;NORDESTE;30;77.35;2016;>= 3 anos;36;11569.62;1.27;2050.0;1845.0;20;N;S;EF;615;;;;;N;5;0.0
obs1534;46;MT;CENTRO-OESTE;30;46.96;2021;0 Km;48;26238.91;1.16;8200.0;1886.0;9;N;N;EF;702;3.0;A2;PESS;A2;S;0;0.0
obs1231;48;MG;SULDESTE;30;39.53;2021;0 Km;37;36983.82;1.14;1722.0;1845.0;81;N;N;EF;746;3.0;A1;BOM;B2;S;0;0.0
obs6171;22;GO;CENTRO-OESTE;30;29.84;2022;0 Km;60;41824.24;1.39;820.0;2501.0;26;N;N;EF;617;1.0;A0;BOM;B3;S;-1;0.0
obs6237;47;SP;SULDESTE;30;85.26;2022;0 Km;24;9398.95;0.62;16400.0;16072.0;2;N;N;EF;755;3.0;A2;BOM;A1;S;-1;0.0
obs4476;46;RJ;SULDESTE;30;0.0;2022;0 Km;60;87294.42;1.09;14760.0;2050.0;14;N;N;EF;755;3.0;A2;BOM;C3;S;-1;0.0
obs7700;35;RJ;SULDESTE;30;51.57;2021;0 Km;60;32618.17;1.25;5740.0;2542.0;13;N;N;EF;678;3.0;A1;PESS;A3;N;0;0.0
obs2309;41;RS;SUL;30;52.56;2021;0 Km;36;45977.48;0.88;5740.0;4264.0;27;N;N;EF;733;3.0;A1;BOM;A1;S;0;0.0
obs2730;58;PR;SUL;30;67.51;2021;0 Km;24;22359.97;0.11;6597.72;2952.0;14;N;N;EF;705;3.0;A4;RUIM;A1;N;0;0.0
obs7169;29;RJ;SULDESTE;30;3.29;2018;>= 3 anos;48;39679.81;1.5;4920.0;820.0;24;N;N;EF;676;;;;;N;3;0.0
obs7684;44;AM;NORTE;30;28.19;2021;0 Km;49;53417.48;1.19;4633.0;3280.0;34;N;N;EF;665;2.0;A2;PESS;B3;S;0;0.0
obs6593;54;PE;NORDESTE;30;34.14;2022;0 Km;49;48307.95;1.05;7626.0;2665.0;18;N;N;EF;720;2.0;A2;BOM;B3;S;-1;0.0
obs9450;36;SP;SULDESTE;30;71.87;2019;2 anos;36;20142.05;1.01;5740.0;2665.0;11;N;N;EF;700;;;;;;2;0.0
obs1861;37;MG;SULDESTE;30;60.64;2021;0 Km;60;24268.65;0.97;4510.0;1353.0;12;N;N;EF;697;3.0;A2;BOM;A3;S;0;0.0
obs5956;75;SP;SULDESTE;30;49.31;2022;0 Km;48;30646.12;1.21;2870.0;1517.0;29;N;N;EF;707;3.0;A4;BOM;A2;S;-1;0.0
obs5389;67;SC;SUL;30;84.0;2016;>= 3 anos;24;7723.79;0.84;5740.0;6027.0;6;N;N;EF;671;;;;;S;5;0.0
obs7932;61;BA;NORDESTE;30;51.83;2022;0 Km;49;37874.93;0.93;8200000.0;15826.0;0;N;N;EF;711;3.0;A1;BOM;A3;S;-1;0.0
obs2823;40;MG;SULDESTE;30;1.0;2021;0 Km;48;42599.93;0.99;3444.0;1640.0;32;N;N;EF;746;3.0;A2;BOM;C2;S;0;0.0
obs3163;57;RN;NORDESTE;30;62.99;2022;0 Km;24;30175.48;0.0;4920.0;2501.0;27;N;N;EF;692;3.0;A1;RUIM;A1;N;-1;0.0
obs1004;67;DF;CENTRO-OESTE;30;32.71;2021;0 Km;49;68023.48;0.83;13940.0;8364.0;0;N;N;EF;722;3.0;A1;RUIM;B3;N;0;0.0
obs5680;39;SE;NORDESTE;30;30.13;2022;0 Km;24;32335.71;0.88;8200.0;2501.0;19;N;N;EF;737;2.0;A2;BOM;B1;N;-1;0.0
obs5175;64;SP;SULDESTE;30;39.02;2021;0 Km;49;49011.27;1.42;4182.0;1025.0;0;N;N;EF;681;3.0;A4;PESS;B3;;0;0.0
obs2960;44;CE;NORDESTE;30;37.65;2018;>= 3 anos;60;23734.68;1.23;2378.0;820.0;23;N;N;EF;708;;;;;S;3;0.0
obs7158;33;RJ;SULDESTE;30;0.0;2022;0 Km;60;43240.51;1.39;12300.0;2542.0;9;N;N;EF;693;3.0;A1;BOM;C3;S;-1;0.0
obs6700;21;SP;SULDESTE;30;40.86;2022;0 Km;48;35626.12;1.4;820.0;8487.0;25;N;N;EF;608;1.0;A0;BOM;A2;S;-1;0.0
obs2997;42;PR;SUL;30;66.09;2022;0 Km;18;15630.45;0.7;4292.7;1886.0;22;N;N;EF;693;3.0;A2;PESS;A1;N;-1;0.0
obs1926;42;SC;SUL;30;55.75;2021;0 Km;48;33115.14;1.17;3280.0;4346.0;0;N;N;EF;750;3.0;A2;BOM;A2;S;0;0.0
obs2759;58;SP;SULDESTE;30;25.26;2016;>= 3 anos;48;25105.61;1.53;2870.0;1394.0;27;N;N;EF;661;;;;;;5;0.0
obs8077;48;MA;NORDESTE;30;67.53;2022;0 Km;24;27050.53;1.04;6150.0;4428.0;21;N;N;EF;715;1.0;A1;PESS;A1;;-1;0.0
obs8158;72;PE;NORDESTE;30;56.76;2022;0 Km;48;39500.82;0.93;8200.0;5945.0;12;N;N;EF;720;3.0;A1;BOM;A2;S;-1;0.0
obs2374;75;PR;SUL;30;58.12;2022;0 Km;48;18370.28;0.88;3116.0;1886.0;15;N;N;EF;751;2.0;A4;BOM;A2;S;-1;0.0
obs4400;44;RJ;SULDESTE;30;84.81;2021;0 Km;18;10623.17;0.0;5740.0;3362.0;10;S;N;EF;746;1.0;A2;BOM;A1;;0;0.0
obs2145;34;PE;NORDESTE;30;52.38;2019;2 anos;48;17598.78;1.18;2460.0;1845.0;20;N;N;EF;657;;;;;S;2;0.0
obs5596;45;AL;NORDESTE;30;64.03;2019;2 anos;36;20497.68;1.44;3690.0;3280.0;20;N;N;EF;662;;;;;S;2;0.0
obs8447;56;PB;NORDESTE;30;28.04;2022;0 Km;49;64277.96;0.9;4100.0;820.0;0;N;N;EF;681;3.0;A2;BOM;B3;N;-1;0.0
obs8581;22;PE;NORDESTE;30;45.39;2022;0 Km;37;45104.73;1.12;4920.0;779.0;0;N;N;EF;674;1.0;A1;BOM;A2;;-1;1.0
obs8368;41;MA;NORDESTE;30;81.65;2022;0 Km;18;12470.12;1.27;4510.0;1312.0;17;N;S;EF;733;3.0;A2;BOM;A1;S;-1;0.0
obs9354;55;BA;NORDESTE;30;30.13;2022;0 Km;48;47149.36;1.21;6560.0;1722.0;20;N;S;EF;668;3.0;A1;PESS;B2;S;-1;0.0
obs972;46;PB;NORDESTE;30;56.94;2021;0 Km;36;22522.06;0.67;9840.0;1804.0;0;N;N;EF;772;3.0;A4;BOM;A1;;0;0.0
obs1490;65;MS;CENTRO-OESTE;30;45.43;2021;0 Km;48;25810.14;1.34;8036.0;1312.0;9;N;N;EF;707;1.0;A4;BOM;A2;;0;0.0
obs2947;69;SP;SULDESTE;30;45.74;2021;0 Km;36;25402.13;1.27;3034.0;2009.0;29;N;N;EF;747;3.0;A4;BOM;A1;S;0;0.0
obs6645;29;PR;SUL;30;14.45;2022;0 Km;60;39291.37;1.33;3690.0;1066.0;27;N;N;EF;737;1.0;A2;BOM;C3;;-1;1.0
obs1164;43;SP;SULDESTE;30;36.59;2021;0 Km;36;29552.13;1.48;8875.81;3239.0;12;N;N;EF;665;3.0;A2;RUIM;B1;S;0;0.0
obs2696;46;RJ;SULDESTE;30;67.06;2021;0 Km;36;23903.17;1.14;6150.0;4469.0;13;N;N;EF;742;3.0;A2;RUIM;A1;S;0;0.0
obs3913;37;SP;SULDESTE;30;59.34;2016;>= 3 anos;36;12971.01;0.78;3936.0;2583.0;0;N;N;EF;710;;;;;N;5;0.0
obs6944;68;DF;CENTRO-OESTE;30;24.88;2022;0 Km;36;32933.84;1.42;6560.0;1722.0;18;N;N;EF;660;2.0;A4;RUIM;B1;S;-1;0.0
obs2010;37;RJ;SULDESTE;30;29.9;2021;0 Km;37;64863.67;1.11;14760.0;8282.0;15;N;N;EF;737;3.0;A4;BOM;B2;S;0;0.0
obs4127;48;RJ;SULDESTE;30;0.0;2017;>= 3 anos;48;29047.51;1.59;3690.0;1845.0;24;N;N;EF;661;;;;;S;4;1.0
obs2070;41;MA;NORDESTE;30;28.04;2021;0 Km;49;36286.52;1.16;4920.0;943.0;22;N;N;EF;669;3.0;A1;RUIM;B3;S;0;0.0
obs1457;58;MA;NORDESTE;30;66.39;2021;0 Km;18;30319.9;0.0;20500.0;2788.0;8;N;N;EF;760;3.0;A4;BOM;A1;S;0;0.0
obs1052;59;RJ;SULDESTE;30;58.65;2021;0 Km;37;35195.32;0.74;5570.26;11726.0;0;N;N;EF;777;3.0;A4;BOM;A2;N;0;0.0
obs9047;30;AL;NORDESTE;30;31.72;2021;0 Km;49;54272.04;1.49;4100.0;820.0;45;N;N;EF;737;2.0;A2;BOM;B3;S;0;0.0
obs3234;41;PE;NORDESTE;30;37.52;2022;0 Km;49;27886.63;1.16;4100.0;1845.0;21;N;N;EF;669;3.0;A2;PESS;B3;S;-1;0.0
obs1823;45;SP;SULDESTE;30;73.76;2016;>= 3 anos;24;10912.61;0.58;4100.0;1968.0;12;N;N;EF;706;;;;;S;5;0.0
obs1323;46;RS;SUL;30;15.16;2021;0 Km;60;37197.62;1.33;3280.0;1968.0;0;N;N;EF;706;1.0;A2;BOM;C3;S;0;0.0
obs6854;33;MG;SULDESTE;30;40.61;2014;>= 3 anos;48;25722.71;1.12;9840.0;2337.0;7;N;N;EF;679;;;;;N;7;0.0
obs7726;31;PR;SUL;30;44.87;2022;0 Km;36;35621.21;1.42;4100.0;1230.0;0;N;N;EF;665;3.0;A4;RUIM;A1;N;-1;0.0
obs4999;49;RJ;SULDESTE;30;51.81;2021;0 Km;36;33863.17;1.14;4920.0;1476.0;24;N;N;EF;702;2.0;A2;BOM;A1;S;0;0.0
obs4883;68;SP;SULDESTE;30;75.86;2021;0 Km;18;20600.37;0.0;7954.0;8364.0;14;N;N;EF;760;3.0;A4;BOM;A1;N;0;0.0
obs7963;50;SP;SULDESTE;30;70.66;2022;0 Km;24;12851.16;0.49;2870.0;2583.0;20;N;N;EF;702;3.0;A4;BOM;A1;N;-1;0.0
obs7761;34;CE;NORDESTE;30;39.71;2021;0 Km;48;103344.31;1.31;9576.62;820.0;0;N;N;EF;750;3.0;A1;BOM;B2;S;0;0.0
obs9224;57;PR;SUL;30;48.01;2022;0 Km;48;38698.75;1.2;4756.0;3280.0;23;N;N;EF;683;3.0;A4;RUIM;A2;S;-1;0.0
obs1131;35;RJ;SULDESTE;30;67.86;2014;>= 3 anos;36;8380.51;1.1;3280.0;1353.0;9;N;N;EF;681;;;;;S;7;0.0
obs6406;57;AM;NORTE;30;1.73;2022;0 Km;60;70943.4;1.41;4100.0;1886.0;0;N;N;EF;728;3.0;A2;BOM;C3;;-1;0.0
obs3964;78;MG;SULDESTE;30;84.14;2022;0 Km;24;14444.67;0.11;12300.0;2665.0;5;N;N;EF;760;3.0;A4;BOM;A1;N;-1;0.0
obs4392;50;ES;SULDESTE;30;38.57;2022;0 Km;49;26885.02;1.16;2460.0;2542.0;0;N;N;EF;684;1.0;A1;RUIM;B3;;-1;0.0
obs2679;22;SP;SULDESTE;30;0.0;2021;0 Km;60;42802.87;1.42;4510.0;4387.0;23;N;N;EF;698;1.0;A2;BOM;C3;S;0;0.0
obs9407;60;MA;NORDESTE;30;6.82;2022;0 Km;48;40992.87;1.35;4264.0;4223.0;28;N;N;EF;711;1.0;A2;BOM;C2;;-1;0.0
obs1272;35;RS;SUL;30;74.89;2021;0 Km;24;24453.8;0.0;13940.0;1845.0;7;N;N;EF;678;3.0;A4;RUIM;A1;N;0;0.0
obs5690;70;ES;SULDESTE;30;47.51;2022;0 Km;60;18587.51;1.08;4920.0;3403.0;0;N;N;EF;764;1.0;A4;BOM;A3;;-1;0.0
obs3290;39;SC;SUL;30;30.31;2022;0 Km;49;58081.55;0.93;4756.0;1886.0;35;N;N;EF;697;1.0;A4;PESS;B3;S;-1;0.0
obs8802;36;GO;CENTRO-OESTE;30;28.0;2022;0 Km;49;43267.18;1.32;3198.0;1271.0;43;N;N;EF;682;3.0;A1;BOM;B3;N;-1;0.0
obs1427;54;MA;NORDESTE;30;47.22;2020;2 anos;60;32692.87;1.14;10250.0;5904.0;7;N;N;EF;678;;;;;S;1;0.0
obs5242;25;DF;CENTRO-OESTE;30;28.41;2022;0 Km;48;31579.84;1.25;3198.0;1271.0;27;N;N;EF;729;1.0;A2;BOM;B2;;-1;0.0
obs7572;34;SC;SUL;30;22.74;2022;0 Km;60;31853.55;1.32;3772.0;861.0;21;N;N;EF;693;1.0;A1;RUIM;B3;;-1;0.0
obs893;49;SC;SUL;30;27.07;2021;0 Km;49;33420.9;1.16;4510.0;1722.0;22;N;N;EF;706;3.0;A4;BOM;B3;N;0;1.0
obs9696;39;ES;SULDESTE;30;75.05;2022;0 Km;24;23367.48;1.04;5740.0;1435.0;19;N;N;EF;678;3.0;A2;RUIM;A1;N;-1;0.0
obs1390;66;SP;SULDESTE;30;0.0;2021;0 Km;60;52499.88;1.2;3690.0;2009.0;33;N;N;EF;760;3.0;A4;BOM;C3;S;0;0.0
obs8831;59;PE;NORDESTE;30;79.22;2020;2 anos;48;14453.08;1.17;4920.0;8528.0;8;N;N;EF;671;;;;;N;1;0.0
obs913;36;ES;SULDESTE;30;23.56;2021;0 Km;49;32263.42;1.05;2870.0;2542.0;0;N;N;EF;708;1.0;A1;BOM;B3;S;0;0.0
obs6826;68;RJ;SULDESTE;30;57.76;2022;0 Km;48;18264.98;0.83;4920.0;2009.0;9;N;N;EF;760;3.0;A4;BOM;A2;S;-1;0.0
obs694;47;SC;SUL;30;41.81;2021;0 Km;37;50530.44;0.81;4756.0;2624.0;37;N;N;EF;706;3.0;A4;RUIM;A2;S;0;0.0
obs5192;52;DF;CENTRO-OESTE;30;78.95;2021;0 Km;18;20916.83;0.26;8200.0;1230.0;14;N;N;EF;659;1.0;A2;PESS;A1;;0;0.0
obs4455;44;SP;SULDESTE;30;58.09;2021;0 Km;36;33490.27;0.67;6150.0;1312.0;17;N;N;EF;691;3.0;A2;RUIM;A1;S;0;0.0
obs6329;66;SP;SULDESTE;30;78.15;2022;0 Km;36;13548.95;0.87;2624.0;1025.0;17;N;N;EF;639;1.0;A2;BOM;A1;;-1;0.0
obs6151;59;RJ;SULDESTE;30;28.05;2022;0 Km;49;53016.25;0.83;6560.0;4346.0;0;N;N;EF;722;3.0;A4;RUIM;B3;S;-1;0.0
obs3434;38;SP;SULDESTE;30;36.12;2022;0 Km;36;27028.72;0.92;3198.0;861.0;29;S;N;EF;697;1.0;A2;BOM;B1;;-1;0.0
obs4859;45;CE;NORDESTE;30;0.0;2021;0 Km;60;79180.34;1.55;41000.0;2214.0;0;N;N;EF;719;3.0;A2;RUIM;C3;S;0;0.0
obs5775;49;TO;NORTE;30;54.11;2022;0 Km;48;19992.37;1.05;2214.0;820.0;25;N;N;EF;663;1.0;A2;BOM;A2;;-1;0.0
obs3739;54;PR;SUL;30;36.83;2022;0 Km;60;45872.46;0.88;5330.0;8282.0;18;N;N;EF;755;2.0;A4;BOM;B3;S;-1;0.0
obs2224;42;SP;SULDESTE;30;11.7;2022;0 Km;60;38385.61;1.04;5740.0;5986.0;15;N;N;EF;746;3.0;A2;BOM;C3;S;-1;0.0
obs4667;33;BA;NORDESTE;30;27.91;2022;0 Km;49;54173.08;1.16;4920.0;1353.0;34;N;N;EF;669;1.0;A2;BOM;B3;S;-1;1.0
obs7019;46;SP;SULDESTE;30;39.53;2018;>= 3 anos;60;23221.51;1.14;4510.0;3239.0;11;N;N;EF;674;;;;;S;3;0.0
obs1901;39;CE;NORDESTE;30;26.05;2021;0 Km;49;33937.04;1.16;4756.0;1886.0;22;N;N;EF;737;3.0;A2;BOM;B3;S;0;0.0
obs296;46;SP;SULDESTE;30;26.84;2021;0 Km;37;65737.59;0.88;7790.0;6027.0;0;N;N;EF;695;3.0;A2;BOM;B2;S;0;0.0
obs6690;48;SP;SULDESTE;30;83.0;2022;0 Km;36;10802.6;0.0;4100.0;2665.0;7;N;N;EF;687;3.0;A4;PESS;A1;S;-1;0.0
obs7150;69;MG;SULDESTE;30;40.57;2022;0 Km;60;25150.01;1.23;3280.0;2501.0;18;N;N;EF;692;3.0;A4;RUIM;A3;N;-1;0.0
obs834;43;SC;SUL;30;30.72;2021;0 Km;60;42388.41;1.08;3546.5;1845.0;28;N;S;EF;733;3.0;A4;BOM;B3;S;0;0.0
obs2568;36;PE;NORDESTE;30;7.39;2019;2 anos;60;36282.08;1.72;4920.0;1886.0;20;N;N;EF;664;;;;;S;2;0.0
obs2229;65;PE;NORDESTE;30;50.21;2021;0 Km;36;40923.14;0.99;8200.0;2542.0;16;N;N;EF;660;1.0;A1;RUIM;A1;;0;0.0
obs1841;29;SP;SULDESTE;30;12.47;2015;>= 3 anos;48;21370.61;1.54;3280.0;1312.0;20;N;N;EF;679;;;;;S;6;0.0
obs4009;35;BA;NORDESTE;30;7.01;2022;0 Km;48;39274.58;1.37;4346.0;820.0;26;N;N;EF;693;1.0;A2;BOM;C2;;-1;0.0
obs2540;31;SC;SUL;30;20.01;2020;0 Km;60;47768.75;1.75;4018.0;2501.0;0;S;N;EF;682;3.0;A2;BOM;B3;N;1;1.0
obs2281;61;PE;NORDESTE;30;54.76;2021;0 Km;36;68819.74;1.06;14760.0;1845.0;15;N;N;EF;696;3.0;A2;RUIM;A1;S;0;0.0
obs6185;84;MG;SULDESTE;30;43.84;2022;0 Km;60;36850.69;0.92;6560.0;3198.0;12;N;N;EF;720;3.0;A4;BOM;A3;N;-1;0.0
obs3891;64;PE;NORDESTE;30;0.0;2021;0 Km;48;66329.74;1.42;16400.0;3444.0;0;N;N;EF;724;3.0;A2;BOM;C2;S;0;0.0
obs9772;54;DF;CENTRO-OESTE;30;19.65;2021;0 Km;60;54739.53;1.66;5412.0;1271.0;27;N;N;EF;692;3.0;A2;BOM;C3;N;0;0.0
obs8640;35;SP;SULDESTE;30;26.83;2022;0 Km;37;34326.75;1.18;2870.0;820.0;45;N;N;EF;697;1.0;A1;BOM;B2;;-1;0.0
obs8050;62;RJ;SULDESTE;30;28.0;2021;0 Km;49;35806.83;1.11;3936.0;3362.0;27;N;N;EF;705;3.0;A4;PESS;B3;S;0;0.0
obs7236;42;PE;NORDESTE;30;1.88;2022;0 Km;48;44167.08;1.3;3444.0;820.0;0;N;N;EF;754;1.0;A1;BOM;C2;;-1;0.0
obs9543;67;SP;SULDESTE;30;15.42;2022;0 Km;60;36576.05;1.09;5740.0;4428.0;15;N;N;EF;720;2.0;A4;RUIM;C3;S;-1;0.0
obs9464;53;SC;SUL;60;30.3;2019;2 anos;60;25900.79;1.1;2952.0;1845.0;21;N;N;EF;657;;;;;S;2;0.0
obs9736;47;PR;SUL;30;27.52;2017;>= 3 anos;60;33986.01;1.44;4428.0;11808.0;20;N;N;EF;640;;;;;N;4;0.0
obs9575;53;RJ;SULDESTE;30;60.12;2022;0 Km;36;17177.68;0.62;3690.0;8610.0;15;N;N;EF;715;3.0;A4;RUIM;A1;S;-1;0.0
obs6108;40;MT;CENTRO-OESTE;30;37.8;2022;0 Km;37;35000.81;1.14;3877.78;3321.0;32;N;N;EF;682;3.0;A2;BOM;B2;S;-1;0.0
obs1456;58;SP;SULDESTE;30;48.98;2013;>= 3 anos;48;11410.61;1.2;4264.0;2624.0;7;N;N;EF;707;;;;;S;8;0.0
obs2839;54;RJ;SULDESTE;30;45.66;2021;0 Km;60;21404.87;1.05;4920.0;4346.0;9;N;N;EF;687;1.0;A4;RUIM;A3;;0;0.0
obs5971;49;SP;SULDESTE;30;52.63;2019;2 anos;36;21433.69;0.96;8200.0;8569.0;8;N;N;EF;704;;;;;N;2;0.0
obs4874;26;SP;SULDESTE;30;31.0;2014;>= 3 anos;48;23370.91;2.11;2870.0;984.0;28;N;N;EF;640;;;;;S;7;0.0
obs823;64;PE;NORDESTE;30;38.68;2021;0 Km;48;40497.22;1.37;5576.0;5986.0;0;N;N;EF;679;3.0;A2;PESS;B2;S;0;0.0
obs1844;46;GO;CENTRO-OESTE;30;23.53;2021;0 Km;60;33205.75;1.62;3198.0;492.0;27;N;N;EF;674;1.0;A1;BOM;B3;;0;1.0
obs7416;56;GO;CENTRO-OESTE;30;16.72;2022;0 Km;60;39936.55;1.42;4510.0;1271.0;22;N;N;EF;751;3.0;A1;BOM;C3;N;-1;0.0
obs8601;47;SP;SULDESTE;30;42.98;2021;0 Km;48;49692.54;1.2;6560.0;2542.0;20;N;N;EF;742;3.0;A4;BOM;A2;N;0;0.0
obs6416;32;SP;SULDESTE;30;85.96;2022;0 Km;18;8258.97;0.18;6970.0;1353.0;6;N;S;EF;706;3.0;A1;RUIM;A1;S;-1;0.0
obs9461;37;SC;SUL;30;36.45;2016;>= 3 anos;60;27129.19;1.58;2624.0;1927.0;27;N;N;EF;664;;;;;S;5;0.0
obs4970;41;RO;NORTE;30;33.15;2021;0 Km;24;51212.95;0.51;6560.0;1599.0;35;N;N;EF;746;3.0;A2;BOM;B1;S;0;0.0
obs426;62;AL;NORDESTE;30;79.05;2021;0 Km;48;13776.34;0.83;2870.0;8405.0;12;N;N;EF;711;3.0;A1;BOM;A2;N;0;0.0
obs3422;40;SP;SULDESTE;30;63.22;2021;0 Km;24;45489.99;0.81;24600.0;12095.0;0;N;N;EF;708;3.0;A1;BOM;A1;N;0;0.0
obs5256;32;PA;NORTE;30;25.23;2022;0 Km;49;34819.6;1.16;2870.0;2460.0;0;N;N;EF;686;3.0;A4;RUIM;B3;S;-1;0.0
obs167;47;RS;SUL;30;28.29;2021;0 Km;49;39217.84;1.16;4264.0;1394.0;28;N;N;EF;706;2.0;A2;RUIM;B3;N;0;0.0
obs8144;73;PE;NORDESTE;30;89.22;2022;0 Km;36;6658.55;0.83;2870.0;1558.0;7;N;N;EF;707;3.0;A1;BOM;A1;S;-1;0.0
obs1452;49;SC;SUL;30;0.0;2016;>= 3 anos;60;37944.93;1.91;3444.0;1353.0;32;N;N;EF;668;;;;;S;5;0.0
obs4739;65;RS;SUL;30;49.3;2021;0 Km;48;44526.45;0.95;8200.0;1271.0;14;N;N;EF;747;3.0;A4;BOM;A2;S;0;0.0
obs5061;31;RJ;SULDESTE;30;4.53;2018;>= 3 anos;60;53200.51;1.89;5740.0;820.0;25;N;N;EF;681;;;;;S;3;0.0
obs5712;53;PR;SUL;30;44.21;2022;0 Km;37;36036.21;1.14;4100.0;697.0;0;N;N;EF;706;1.0;A2;RUIM;A2;;-1;0.0
obs9098;41;SP;SULDESTE;30;32.26;2018;>= 3 anos;48;35903.75;1.27;4510.0;820.0;23;N;N;EF;694;;;;;S;3;0.0
obs4676;37;PR;SUL;30;59.79;2022;0 Km;24;21680.86;0.41;4100.0;492.0;23;N;N;EF;746;3.0;A1;BOM;A1;S;-1;0.0
obs615;64;PR;SUL;30;17.5;2013;>= 3 anos;48;28591.01;1.64;2624.0;1312.0;0;N;N;EF;717;;;;;S;8;0.0
obs3460;31;PA;NORTE;30;26.47;2022;0 Km;60;43111.3;1.44;4100.0;1066.0;0;S;N;EF;695;1.0;A2;BOM;B3;;-1;0.0
obs9629;52;PE;NORDESTE;30;0.0;2021;0 Km;60;52203.27;1.19;8200.0;3362.0;0;N;N;EF;763;3.0;A2;BOM;C3;S;0;0.0
obs1366;68;SP;SULDESTE;30;37.5;2019;2 anos;24;23860.61;1.13;3690.0;2542.0;32;N;N;EF;642;;;;;S;2;1.0
obs8857;33;SP;SULDESTE;30;53.61;2015;>= 3 anos;36;13419.05;1.7;2952.0;820.0;17;S;N;EF;623;;;;;S;6;0.0
obs1548;38;CE;NORDESTE;30;36.44;2021;0 Km;49;38499.22;1.05;2870.0;1845.0;0;N;N;EF;695;3.0;A1;RUIM;B3;S;0;0.0
obs1994;34;PA;NORTE;30;0.32;2022;0 Km;60;43022.49;1.46;4100.0;1312.0;27;N;N;EF;693;2.0;A2;RUIM;C3;N;-1;0.0
obs8815;53;SP;SULDESTE;30;55.4;2020;2 anos;36;36809.28;0.92;3690.0;3321.0;0;N;N;EF;697;;;;;S;1;0.0
obs5804;79;PE;NORDESTE;30;47.61;2022;0 Km;60;28160.46;1.19;6560.0;1230.0;10;N;N;EF;664;3.0;A1;RUIM;A3;S;-1;0.0
obs8983;42;TO;NORTE;30;51.97;2022;0 Km;36;39656.73;1.14;9840.0;2665.0;0;N;N;EF;754;3.0;A2;BOM;A1;N;-1;0.0
obs9191;56;SP;SULDESTE;30;83.0;2022;0 Km;36;10734.52;0.0;4510.0;4346.0;0;N;N;EF;777;3.0;A4;BOM;A1;S;-1;0.0
obs9089;65;SP;SULDESTE;30;0.0;2022;0 Km;60;45063.86;1.23;5740.0;6068.0;19;N;N;EF;747;2.0;A4;BOM;C3;S;-1;0.0
obs6943;53;CE;NORDESTE;30;32.8;2022;0 Km;37;55518.99;0.87;19272.75;8528.0;0;N;N;EF;723;1.0;A1;BOM;B2;;-1;0.0
obs7709;49;RS;SUL;30;50.82;2022;0 Km;49;36127.8;1.16;4346.0;1763.0;25;N;N;EF;746;1.0;A2;BOM;A3;;-1;0.0
obs6760;65;MA;NORDESTE;30;35.62;2022;0 Km;60;38414.38;1.29;1845.0;1148.0;52;N;N;EF;707;1.0;A1;BOM;B3;;-1;0.0
obs4979;40;MT;CENTRO-OESTE;30;26.53;2022;0 Km;49;65836.76;0.93;9266.0;1394.0;20;N;N;EF;658;3.0;A2;BOM;B3;N;-1;0.0
obs8615;42;PI;NORDESTE;30;28.0;2022;0 Km;49;59202.24;1.07;6949.58;2337.0;25;N;N;EF;669;3.0;A2;BOM;B3;N;-1;0.0
obs3175;60;SC;SUL;30;81.52;2021;0 Km;24;17270.45;0.0;3280.0;1886.0;0;S;N;EF;760;3.0;A4;BOM;A1;S;0;0.0
obs1034;59;MG;SULDESTE;30;82.59;2021;0 Km;12;10218.31;0.39;12300.0;2952.0;7;N;N;EF;751;1.0;A4;BOM;A1;;0;0.0
obs7658;52;PA;NORTE;30;30.18;2022;0 Km;37;58309.43;0.87;6332.65;5904.0;0;N;N;EF;678;3.0;A2;RUIM;B2;N;-1;0.0
obs3324;24;RS;SUL;30;10.12;2021;0 Km;60;39128.2;1.49;5108.6;1804.0;0;N;N;EF;685;1.0;A1;BOM;C3;N;0;0.0
obs4871;80;MG;SULDESTE;30;48.99;2021;0 Km;36;44197.68;0.92;4920.0;2091.0;0;N;N;EF;777;2.0;A4;BOM;A1;S;0;0.0
obs9165;38;PB;NORDESTE;30;32.88;2021;0 Km;49;51608.84;1.38;4920.0;1886.0;31;N;N;EF;678;2.0;A2;RUIM;B3;S;0;0.0
obs4834;59;SP;SULDESTE;30;27.49;2022;0 Km;60;29248.97;1.19;3116.0;1804.0;22;N;N;EF;681;3.0;A4;RUIM;B3;;-1;0.0
obs8410;42;SP;SULDESTE;30;0.0;2021;0 Km;60;48936.41;1.72;4510.0;4469.0;30;N;N;EF;693;3.0;A2;RUIM;C3;S;0;0.0
obs1829;64;RS;SUL;30;54.48;2021;0 Km;36;34227.88;0.62;4920.0;1640.0;0;N;N;EF;777;2.0;A4;BOM;A1;N;0;0.0
obs2692;37;DF;CENTRO-OESTE;30;26.61;2022;0 Km;60;31962.47;1.14;2870.0;1107.0;25;N;N;EF;706;3.0;A1;BOM;B3;N;-1;0.0
obs1023;55;BA;NORDESTE;30;26.85;2021;0 Km;37;39516.11;1.14;4920.0;4223.0;29;N;N;EF;672;3.0;A2;PESS;B2;S;0;0.0
obs8115;46;MG;SULDESTE;30;42.71;2022;0 Km;36;32838.84;0.67;6560.0;1353.0;16;N;N;EF;755;2.0;A4;BOM;A1;S;-1;0.0
obs8104;53;PA;NORTE;30;0.0;2022;0 Km;60;54879.17;1.55;4920.0;492.0;29;N;N;EF;687;1.0;A2;BOM;C3;;-1;0.0
obs3800;28;CE;NORDESTE;30;24.66;2021;0 Km;36;64066.04;1.47;16400.0;1230.0;14;N;N;EF;678;1.0;A4;BOM;B1;;0;0.0
obs4214;63;RJ;SULDESTE;30;8.39;2022;0 Km;48;46017.4;1.27;8200.0;738.0;16;N;N;EF;747;3.0;A4;BOM;C2;N;-1;0.0
obs2082;26;RJ;SULDESTE;30;64.11;2021;0 Km;24;31975.09;0.0;4920.0;861.0;27;N;N;EF;659;3.0;A1;RUIM;A1;S;0;0.0
obs4376;27;MG;SULDESTE;30;50.65;2013;>= 3 anos;36;12700.01;1.2;3189.8;902.0;14;N;N;EF;664;;;;;S;8;0.0
obs3322;53;PR;SUL;30;39.03;2022;0 Km;60;52880.02;0.87;5740.0;2665.0;0;N;N;EF;723;3.0;A4;BOM;B3;N;-1;0.0
obs5713;66;RJ;SULDESTE;30;0.0;2020;2 anos;60;41247.68;1.59;3690.0;1353.0;0;N;N;EF;685;;;;;N;1;0.0
obs7372;71;PR;SUL;30;44.09;2020;2 anos;60;24358.01;1.11;3198.0;1968.0;0;N;N;EF;688;;;;;N;1;0.0
obs6121;59;DF;CENTRO-OESTE;30;38.65;2022;0 Km;49;58053.52;0.93;16154.0;8487.0;10;N;N;EF;711;2.0;A2;RUIM;B3;S;-1;0.0
obs4759;57;RS;SUL;30;0.0;2018;>= 3 anos;60;33737.28;1.51;3444.0;5986.0;26;N;N;EF;711;;;;;S;3;0.0
obs6023;47;SC;SUL;30;41.6;2020;2 anos;60;35976.99;0.85;3936.0;1353.0;20;N;N;EF;706;;;;;S;1;0.0
obs4897;28;SP;SULDESTE;30;48.48;2015;>= 3 anos;36;15145.61;1.25;2870.0;861.0;19;N;N;EF;664;;;;;;6;0.0
obs8970;49;MA;NORDESTE;30;26.02;2022;0 Km;48;48111.05;1.1;3690.0;2501.0;36;N;N;EF;742;1.0;A1;BOM;B2;;-1;0.0
obs6564;80;GO;CENTRO-OESTE;30;30.37;2022;0 Km;48;41513.55;1.16;3690.0;1230.0;30;N;N;EF;711;3.0;A1;BOM;B2;S;-1;0.0
obs1192;35;SP;SULDESTE;30;63.06;2021;0 Km;18;31564.67;0.0;16400.0;2583.0;11;N;N;EF;746;3.0;A2;BOM;A1;N;0;0.0
obs8224;52;RJ;SULDESTE;30;38.09;2022;0 Km;48;27304.51;1.31;2624.0;1845.0;29;N;N;EF;663;1.0;A4;BOM;B2;;-1;0.0
obs2881;51;SP;SULDESTE;30;68.07;2021;0 Km;24;12581.74;0.61;2870.0;1927.0;19;S;N;EF;678;3.0;A4;BOM;A1;S;0;0.0
obs2023;83;BA;NORDESTE;30;60.57;2022;0 Km;36;35596.85;0.57;6560.0;1394.0;16;N;N;EF;760;3.0;A2;BOM;A1;S;-1;0.0
obs3287;43;RN;NORDESTE;30;11.56;2022;0 Km;48;39085.53;1.31;3690.0;2501.0;31;N;N;EF;693;1.0;A1;BOM;C2;;-1;0.0
obs4362;39;SC;SUL;30;20.52;2022;0 Km;48;41661.37;1.16;4264.0;1804.0;27;N;N;EF;697;1.0;A4;BOM;B2;;-1;0.0
obs827;64;RS;SUL;30;47.68;2021;0 Km;36;22677.47;1.09;9840.0;2091.0;7;N;N;EF;747;3.0;A4;BOM;A1;S;0;0.0
obs2220;60;BA;NORDESTE;30;23.04;2022;0 Km;49;34784.28;1.16;3034.0;1025.0;35;S;N;EF;683;1.0;A2;RUIM;B3;;-1;0.0
obs1831;39;SP;SULDESTE;30;28.1;2021;0 Km;49;45951.89;1.05;9594.0;5945.0;13;N;N;EF;746;3.0;A2;BOM;B3;S;0;0.0
obs9378;44;SC;SUL;30;69.15;2022;0 Km;12;18955.35;0.0;9655.5;6109.0;17;N;N;EF;625;3.0;A0;BOM;A1;N;-1;0.0
obs65;32;SP;SULDESTE;30;42.72;2021;0 Km;49;49660.49;0.93;4100.0;2542.0;33;N;N;EF;669;3.0;A1;PESS;A3;N;0;0.0
obs7215;63;BA;NORDESTE;30;54.42;2022;0 Km;36;37457.24;1.03;15580.0;15867.0;8;N;N;EF;747;3.0;A2;BOM;A1;S;-1;0.0
obs8149;27;SP;SULDESTE;30;20.28;2022;0 Km;24;33413.91;1.2;5494.0;861.0;29;N;N;EF;729;1.0;A2;BOM;B1;;-1;0.0
obs8790;43;RJ;SULDESTE;30;18.48;2022;0 Km;60;38013.17;1.18;6150.0;1927.0;15;N;N;EF;746;3.0;A2;BOM;C3;S;-1;0.0
obs2408;63;SP;SULDESTE;30;28.21;2021;0 Km;36;43035.27;1.17;5567.8;1394.0;26;N;N;EF;692;3.0;A4;RUIM;B1;S;0;0.0
obs8328;50;PE;NORDESTE;30;0.0;2017;>= 3 anos;60;41013.08;2.03;10250.0;1927.0;11;N;N;EF;661;;;;;S;4;1.0
obs1149;74;BA;NORDESTE;30;0.0;2021;0 Km;60;43508.41;1.23;4920.0;6027.0;21;N;N;EF;747;3.0;A2;BOM;C3;S;0;0.0
obs3808;41;PR;SUL;30;28.35;2022;0 Km;49;32487.75;1.16;3690.0;1845.0;27;N;N;EF;697;3.0;A2;BOM;B3;N;-1;0.0
obs2099;48;CE;NORDESTE;30;21.3;2022;0 Km;60;36682.68;1.33;4920.0;1271.0;18;N;N;EF;674;3.0;A1;BOM;B3;N;-1;0.0
obs934;47;SP;SULDESTE;30;58.73;2021;0 Km;12;19509.13;0.0;4674.0;2542.0;35;N;N;EF;715;3.0;A2;RUIM;A1;S;0;0.0
obs709;69;PE;NORDESTE;30;51.61;2016;>= 3 anos;48;19177.01;1.16;1804.0;1353.0;29;N;N;EF;660;;;;;;5;0.0
obs4204;48;GO;CENTRO-OESTE;30;0.0;2016;>= 3 anos;48;31793.09;1.73;4100.0;4305.0;24;N;N;EF;668;;;;;;5;1.0
obs8670;39;SC;SUL;30;48.81;2016;>= 3 anos;36;16754.19;1.45;5330.0;1845.0;11;N;N;EF;653;;;;;N;5;0.0
obs1481;55;SP;SULDESTE;30;63.41;2021;0 Km;12;17388.27;0.0;4920.0;1886.0;29;N;N;EF;760;3.0;A4;BOM;A1;N;0;0.0
obs4264;73;RJ;SULDESTE;30;49.44;2017;>= 3 anos;48;19585.51;1.05;2624.0;1763.0;20;N;N;EF;664;;;;;S;4;0.0
obs5083;39;AP;NORTE;30;23.32;2022;0 Km;48;62821.04;1.44;6150.0;1517.0;30;N;N;EF;678;3.0;A2;BOM;B2;S;-1;0.0
obs4810;48;SC;SUL;30;36.35;2019;2 anos;48;33785.79;1.12;8200.0;2419.0;11;N;N;EF;681;;;;;S;2;0.0
obs8885;36;CE;NORDESTE;30;10.02;2022;0 Km;60;38683.81;1.3;4592.0;1066.0;20;N;N;EF;706;2.0;A2;BOM;C3;N;-1;0.0
obs7417;64;PA;NORTE;30;23.7;2022;0 Km;37;33566.3;1.13;2706.0;861.0;46;N;N;EF;711;1.0;A2;RUIM;B2;S;-1;0.0
obs3476;27;SC;SUL;30;31.59;2021;0 Km;49;34989.41;1.16;5740.0;1066.0;18;N;N;EF;674;3.0;A1;RUIM;B3;N;0;0.0
obs4670;47;BA;NORDESTE;30;61.24;2019;2 anos;36;16765.81;0.92;2624.0;1353.0;22;N;N;EF;675;;;;;;2;0.0
obs3139;74;SE;NORDESTE;30;20.08;2021;0 Km;48;71338.35;1.37;5330.0;2583.0;38;N;N;EF;707;2.0;A2;RUIM;B2;S;0;0.0
obs2349;35;PE;NORDESTE;30;3.2;2022;0 Km;60;41104.38;1.44;5740.0;1845.0;18;N;N;EF;693;3.0;A2;BOM;C3;S;-1;0.0
obs1089;45;CE;NORDESTE;30;54.79;2021;0 Km;48;27398.3;1.03;4100.0;1886.0;17;N;N;EF;706;1.0;A2;BOM;A2;;0;0.0
obs3403;49;SP;SULDESTE;30;21.98;2022;0 Km;48;30253.27;1.19;4100.0;1394.0;20;N;N;EF;715;2.0;A4;BOM;B2;S;-1;0.0
obs9365;31;RN;NORDESTE;30;23.34;2022;0 Km;49;69830.39;1.49;16400.0;1476.0;14;N;N;EF;697;1.0;A2;BOM;B3;;-1;0.0
obs7154;37;SP;SULDESTE;30;48.89;2018;>= 3 anos;60;37472.61;1.26;3280.0;1599.0;0;N;N;EF;674;;;;;S;3;0.0
obs2243;61;SC;SUL;30;72.1;2021;0 Km;24;25728.15;0.0;24600.0;15908.0;4;N;N;EF;760;2.0;A4;BOM;A1;S;0;0.0
obs4251;61;RR;NORTE;30;51.14;2021;0 Km;48;36684.95;0.88;4223.0;1230.0;22;N;N;EF;705;3.0;A1;BOM;A2;N;0;0.0
obs435;48;DF;CENTRO-OESTE;30;36.05;2021;0 Km;60;57740.61;1.19;5740.0;1968.0;23;N;N;EF;678;3.0;A4;RUIM;B3;S;0;0.0
obs9400;50;SC;SUL;30;51.52;2021;2 anos;24;40923.79;1.0;6560.0;1845.0;29;N;N;EF;681;;;;;N;0;0.0
obs1028;44;GO;CENTRO-OESTE;30;0.0;2021;0 Km;60;73045.75;1.2;8200.0;1066.0;21;N;N;EF;737;3.0;A4;BOM;C3;S;0;0.0
obs5060;47;MG;SULDESTE;30;0.0;2017;>= 3 anos;60;36587.41;1.8;2870.0;1845.0;34;N;N;EF;661;;;;;S;4;0.0
obs2868;43;SP;SULDESTE;30;0.0;2021;0 Km;36;41449.97;1.18;7380.0;1886.0;20;N;N;EF;737;3.0;A2;BOM;C1;N;0;0.0
obs7473;67;SC;SUL;30;40.01;2022;0 Km;60;27961.48;1.39;2050.0;1517.0;35;N;N;EF;642;1.0;A1;PESS;A3;N;-1;0.0
obs2652;46;PE;NORDESTE;30;49.81;2021;0 Km;49;22845.21;1.16;4920.0;4305.0;13;N;N;EF;746;3.0;A2;BOM;A3;S;0;0.0
obs8243;43;RS;SUL;30;28.0;2022;0 Km;49;46691.63;1.22;3690.0;3321.0;38;N;N;EF;737;3.0;A2;BOM;B3;N;-1;0.0
obs3189;45;TO;NORTE;30;50.0;2021;0 Km;49;78422.29;1.23;9840.0;3034.0;23;N;N;EF;674;3.0;A2;BOM;A3;N;0;0.0
obs4587;36;PI;NORDESTE;30;0.0;2022;0 Km;48;57117.53;1.37;5945.0;1312.0;28;N;N;EF;733;1.0;A2;BOM;C2;;-1;0.0
obs8930;24;SP;SULDESTE;30;40.01;2018;>= 3 anos;48;25943.75;1.38;2460.0;984.0;31;N;N;EF;664;;;;;S;3;0.0
obs1113;41;SE;NORDESTE;60;59.29;2020;2 anos;48;18303.14;1.08;2296.0;820.0;22;N;N;EF;664;;;;;N;1;0.0
obs341;51;BA;NORDESTE;30;63.09;2021;0 Km;18;32036.15;0.0;6232.0;4346.0;28;N;N;EF;755;3.0;A2;BOM;A1;N;0;0.0
obs6317;47;ES;SULDESTE;30;28.42;2022;0 Km;49;40675.47;1.05;2460.0;1312.0;47;N;N;EF;687;1.0;A1;RUIM;B3;;-1;0.0
obs1832;59;SP;SULDESTE;30;30.14;2021;0 Km;36;29642.85;1.04;4920.0;1968.0;21;N;S;EF;760;3.0;A4;RUIM;B1;S;0;0.0
obs8638;35;PR;SUL;30;10.0;2014;>= 3 anos;48;29469.79;1.89;3116.0;5945.0;31;N;N;EF;658;;;;;S;7;0.0
obs3128;60;SP;SULDESTE;30;25.81;2022;0 Km;60;31805.37;0.96;4100.0;1476.0;17;N;N;EF;760;3.0;A4;BOM;B3;S;-1;0.0
obs4590;30;DF;CENTRO-OESTE;30;21.33;2022;0 Km;60;34027.45;1.39;3690.0;1189.0;0;N;N;EF;706;1.0;A1;BOM;B3;;-1;0.0
obs9395;48;PA;NORTE;30;48.51;2022;0 Km;48;47207.35;1.19;4510.0;1927.0;30;N;N;EF;742;3.0;A2;BOM;A2;S;-1;0.0
obs736;26;AL;NORDESTE;30;12.43;2021;0 Km;48;36518.34;1.43;4018.0;1025.0;27;N;N;EF;685;3.0;A2;RUIM;C2;N;0;1.0
obs2342;41;RS;SUL;30;35.98;2022;0 Km;36;30336.84;1.04;4920.0;1845.0;21;N;N;EF;693;3.0;A2;BOM;B1;N;-1;0.0
obs9843;31;AL;NORDESTE;30;57.97;2022;0 Km;24;19916.68;0.77;3444.0;861.0;27;N;N;EF;733;3.0;A1;BOM;A1;N;-1;0.0
obs5058;52;SP;SULDESTE;30;62.58;2021;0 Km;18;28613.19;0.0;16400.0;15785.0;10;N;N;EF;755;3.0;A4;BOM;A1;N;0;0.0
obs7661;63;SC;SUL;30;64.81;2020;2 anos;48;16853.79;1.06;6560.0;1927.0;7;N;N;EF;678;;;;;S;1;0.0
obs9116;32;BA;NORDESTE;30;12.86;2022;0 Km;60;46858.97;1.28;4100.0;1927.0;0;N;N;EF;750;3.0;A2;BOM;C3;S;-1;0.0
obs2668;56;DF;CENTRO-OESTE;30;52.49;2022;0 Km;48;21339.3;0.88;6560.0;5658.0;8;N;N;EF;707;3.0;A2;BOM;A2;S;-1;0.0
obs988;54;RJ;SULDESTE;30;35.1;2021;0 Km;49;32897.63;1.16;2952.0;1312.0;0;S;N;EF;695;1.0;A4;BOM;B3;;0;0.0
obs7298;43;RS;SUL;30;30.15;2021;0 Km;60;46280.24;1.12;6560.0;4551.0;16;N;N;EF;733;1.0;A2;BOM;B3;;0;0.0
obs5110;55;CE;NORDESTE;30;31.89;2017;>= 3 anos;48;20414.68;1.22;4198.4;1435.0;14;S;N;EF;664;;;;;N;4;0.0
obs24;44;PA;NORTE;30;24.79;2021;0 Km;49;60025.58;0.93;4920.0;1312.0;0;S;N;EF;714;3.0;A1;BOM;B3;N;0;0.0
obs3546;54;DF;CENTRO-OESTE;30;0.0;2022;0 Km;48;38505.36;1.3;3936.0;3239.0;27;N;N;EF;755;1.0;A2;BOM;C2;S;-1;0.0
obs6693;74;AL;NORDESTE;30;40.0;2021;0 Km;37;120183.17;1.25;24600.0;7831.0;18;N;N;EF;664;3.0;A2;PESS;B2;S;0;0.0
obs6114;38;MG;SULDESTE;30;28.0;2022;0 Km;49;39390.86;1.16;5740.0;4305.0;21;N;N;EF;737;3.0;A2;BOM;B3;S;-1;0.0
obs4695;38;MG;SULDESTE;30;47.73;2021;0 Km;36;28103.15;0.81;5330.0;4182.0;17;N;N;EF;697;1.0;A1;BOM;A1;;0;0.0
obs5693;69;SP;SULDESTE;30;48.87;2021;0 Km;48;35732.1;0.83;3280.0;2009.0;0;N;N;EF;728;3.0;A4;BOM;A2;S;0;0.0
obs7598;26;DF;CENTRO-OESTE;30;14.25;2022;0 Km;60;41251.83;1.51;4018.0;1476.0;27;N;N;EF;685;3.0;A2;RUIM;C3;S;-1;0.0
obs7351;20;SE;NORDESTE;30;60.11;2022;0 Km;48;17487.01;1.1;2460.0;861.0;19;N;N;EF;657;1.0;A2;BOM;A2;;-1;0.0
obs1388;40;RJ;SULDESTE;30;46.3;2019;2 anos;48;34607.68;1.25;6396.0;4346.0;15;N;N;EF;668;;;;;N;2;0.0
obs3677;29;GO;CENTRO-OESTE;30;0.0;2022;0 Km;60;40093.09;1.39;3280.0;1271.0;30;N;N;EF;693;3.0;A1;BOM;C3;N;-1;0.0
obs5957;37;RJ;SULDESTE;30;72.69;2021;0 Km;24;17810.97;0.0;2870.0;2542.0;27;N;N;EF;746;1.0;A2;BOM;A1;;0;0.0
obs4377;53;ES;SULDESTE;30;20.2;2021;0 Km;37;34633.37;1.13;5740.0;5986.0;0;N;N;EF;684;1.0;A4;RUIM;B2;;0;0.0
obs4412;51;PI;NORDESTE;30;45.4;2022;0 Km;37;30143.48;1.14;4510.0;2993.0;0;N;N;EF;684;3.0;A2;RUIM;A2;S;-1;0.0
obs1399;50;PA;NORTE;30;18.87;2021;0 Km;48;71677.41;1.3;12300.0;2214.0;16;N;N;EF;746;1.0;A2;BOM;C2;S;0;0.0
obs6795;64;PE;NORDESTE;30;79.76;2022;0 Km;18;13905.45;0.0;4100.0;1845.0;0;N;N;EF;709;1.0;A1;BOM;A1;;-1;0.0
obs1583;55;PE;NORDESTE;30;62.66;2021;0 Km;12;20048.82;0.0;4100.0;1558.0;42;N;N;EF;705;1.0;A2;BOM;A1;;0;0.0
obs6009;50;PA;NORTE;30;36.8;2021;0 Km;37;55785.4;0.87;3280.0;1804.0;0;N;N;EF;763;2.0;A2;BOM;B2;S;0;0.0
obs9151;54;PA;NORTE;30;0.0;2018;>= 3 anos;60;33668.39;1.82;4100.0;4223.0;23;N;N;EF;654;;;;;S;3;0.0
obs5927;37;BA;NORDESTE;30;43.01;2022;0 Km;48;51907.05;0.83;5740.0;2542.0;23;N;N;EF;691;3.0;A2;RUIM;A2;N;-1;0.0
obs452;49;SP;SULDESTE;30;0.0;2019;2 anos;48;32564.15;1.59;5330.0;4346.0;0;N;N;EF;678;;;;;N;2;0.0
obs3431;67;RJ;SULDESTE;30;30.55;2022;0 Km;49;30376.34;1.16;4100.0;2583.0;0;N;N;EF;689;3.0;A2;RUIM;B3;;-1;0.0
obs9880;43;SP;SULDESTE;30;41.76;2013;>= 3 anos;48;19419.95;1.47;8200.0;6068.0;7;N;N;EF;675;;;;;N;8;1.0
obs8343;41;AL;NORDESTE;30;88.88;2022;0 Km;24;8963.17;1.03;3280.0;4510.0;13;N;N;EF;693;3.0;A2;BOM;A1;S;-1;0.0
obs8002;63;SC;SUL;30;68.94;2022;0 Km;36;23270.64;0.81;8200.0;11808.0;9;N;N;EF;751;3.0;A4;BOM;A1;S;-1;0.0
obs920;26;PE;NORDESTE;30;14.88;2021;0 Km;60;35115.93;1.14;2870.0;1107.0;28;N;N;EF;698;3.0;A1;BOM;C3;N;0;0.0
obs3901;60;SC;SUL;30;50.56;2021;0 Km;36;37356.45;0.72;6560.0;4387.0;18;N;N;EF;707;3.0;A4;BOM;A1;S;0;0.0
obs5158;40;PE;NORDESTE;30;83.68;2021;0 Km;18;13209.74;0.0;7380.0;5986.0;10;N;N;EF;678;3.0;A1;BOM;A1;N;0;0.0
obs7100;49;SP;SULDESTE;30;56.82;2018;>= 3 anos;48;32567.31;1.14;9840.0;1558.0;9;N;N;EF;668;;;;;S;3;0.0
obs6852;41;AM;NORTE;30;42.0;2015;>= 3 anos;48;20477.2;2.01;2624.0;1394.0;26;N;N;EF;612;;;;;S;6;0.0
obs3643;59;BA;NORDESTE;30;25.98;2021;0 Km;49;64960.22;0.83;16400.0;8364.0;11;N;N;EF;720;3.0;A2;BOM;B3;S;0;0.0
obs7993;68;DF;CENTRO-OESTE;30;48.72;2020;2 anos;36;34444.17;1.27;9020.0;7011.0;13;N;N;EF;654;;;;;S;1;0.0
obs573;46;PR;SUL;30;33.19;2021;0 Km;36;50991.05;0.96;5494.0;861.0;32;N;N;EF;746;2.0;A1;BOM;B1;S;0;0.0
obs66;23;GO;CENTRO-OESTE;30;35.15;2021;0 Km;49;27304.45;1.21;1640.0;984.0;49;S;N;EF;674;1.0;A1;BOM;B3;;0;0.0
obs2477;27;AL;NORDESTE;30;47.65;2016;>= 3 anos;48;15021.34;0.89;3198.0;820.0;12;N;N;EF;672;;;;;S;5;0.0
obs5922;46;PE;NORDESTE;30;20.92;2022;0 Km;49;36726.16;1.16;3198.0;861.0;35;N;N;EF;691;3.0;A2;PESS;B3;S;-1;1.0
obs8685;41;AM;NORTE;30;27.94;2022;0 Km;48;33986.28;1.42;2870.0;1312.0;34;N;N;EF;665;3.0;A1;BOM;B2;N;-1;0.0
obs635;31;MG;SULDESTE;30;0.0;2021;2 anos;48;41826.4;1.28;3690.0;1886.0;33;N;N;EF;702;;;;;;0;0.0
obs5916;55;GO;CENTRO-OESTE;30;19.44;2022;0 Km;48;52414.11;0.95;4756.0;2542.0;28;N;N;EF;705;3.0;A2;BOM;C2;S;-1;0.0
obs9541;51;PE;NORDESTE;30;30.0;2021;0 Km;48;46055.11;1.6;5740.0;1845.0;24;N;S;EF;674;1.0;A1;BOM;B2;;0;0.0
obs8174;54;SE;NORDESTE;30;37.48;2022;0 Km;48;21735.39;1.24;2460.0;1435.0;25;N;S;EF;678;3.0;A2;RUIM;B2;S;-1;0.0
obs3096;28;PR;SUL;30;27.23;2022;0 Km;60;33641.12;0.98;4797.0;1312.0;16;N;N;EF;678;3.0;A2;PESS;B3;S;-1;0.0
obs8799;58;SP;SULDESTE;30;57.99;2021;0 Km;30;25096.32;0.0;4100.0;1845.0;21;N;N;EF;692;3.0;A4;BOM;A1;S;0;0.0
obs7071;45;PE;NORDESTE;30;29.64;2022;0 Km;49;56100.82;0.83;6560.0;4387.0;23;N;N;EF;755;2.0;A2;BOM;B3;S;-1;0.0
obs1088;47;PB;NORDESTE;30;43.9;2016;>= 3 anos;36;29743.06;1.19;4100.0;1845.0;26;N;N;EF;674;;;;;S;5;0.0
obs4919;43;MG;SULDESTE;30;55.38;2017;>= 3 anos;60;49227.32;0.91;4920.0;3198.0;22;N;N;EF;669;;;;;;4;0.0
obs8552;42;BA;NORDESTE;30;45.54;2022;0 Km;48;41604.12;1.22;5740.0;3362.0;20;N;N;EF;693;3.0;A2;BOM;A2;S;-1;0.0
obs2322;64;PR;SUL;30;64.5;2021;0 Km;36;35292.32;0.69;18040.0;8569.0;6;N;N;EF;683;2.0;A4;RUIM;A1;S;0;0.0
obs2170;33;PR;SUL;30;73.55;2021;0 Km;24;21476.14;0.0;4100.0;2501.0;22;N;N;EF;746;3.0;A4;BOM;A1;S;0;0.0
obs3040;39;SC;SUL;30;57.07;2021;0 Km;48;17692.09;0.78;2460.0;3321.0;0;N;N;EF;710;3.0;A4;BOM;A2;S;0;0.0
obs9287;54;BA;NORDESTE;30;62.21;2021;0 Km;24;33056.78;0.36;5740.0;8364.0;25;N;N;EF;755;3.0;A2;BOM;A1;S;0;0.0
obs7133;55;BA;NORDESTE;30;76.63;2022;0 Km;24;15118.62;0.55;4182.0;2050.0;16;N;N;EF;747;3.0;A2;BOM;A1;S;-1;0.0
obs298;52;DF;CENTRO-OESTE;30;33.71;2021;0 Km;48;49858.93;1.05;2870.0;1476.0;46;N;N;EF;755;1.0;A2;BOM;B2;;0;0.0
obs5228;55;SP;SULDESTE;30;13.04;2018;>= 3 anos;60;39125.14;1.48;4100.0;3198.0;25;N;N;EF;657;;;;;S;3;0.0
obs9923;33;SP;SULDESTE;30;53.54;2022;0 Km;24;38212.81;1.04;9840.0;1353.0;18;N;N;EF;746;2.0;A1;BOM;A1;N;-1;0.0
obs7771;72;MG;SULDESTE;30;34.75;2021;0 Km;60;53528.54;1.27;24600.0;1189.0;0;N;N;EF;747;2.0;A4;BOM;B3;N;0;0.0
obs4237;42;PE;NORDESTE;30;34.49;2022;0 Km;48;27899.91;1.25;3034.0;1353.0;26;N;N;EF;678;3.0;A2;PESS;B2;S;-1;0.0
obs49;68;SC;SUL;30;47.5;2014;>= 3 anos;48;18518.34;1.72;2378.0;1107.0;25;N;N;EF;671;;;;;;7;0.0
obs1102;40;SP;SULDESTE;30;50.2;2013;>= 3 anos;24;12894.32;1.34;3280.0;1435.0;19;N;N;EF;653;;;;;S;8;0.0
obs19;33;PR;SUL;30;21.0;2021;0 Km;60;34704.79;1.61;3198.0;1517.0;29;N;N;EF;678;1.0;A1;RUIM;B3;;0;0.0
obs7086;43;BA;NORDESTE;30;41.4;2022;0 Km;48;24253.94;1.21;4100.0;5986.0;0;N;N;EF;682;3.0;A2;RUIM;A2;S;-1;0.0
obs9234;39;DF;CENTRO-OESTE;30;0.0;2022;0 Km;60;41914.17;1.07;5330.0;1804.0;17;N;N;EF;746;3.0;A2;BOM;C3;S;-1;0.0
obs7852;69;MG;SULDESTE;30;50.68;2022;0 Km;36;33146.23;0.88;5617.0;4223.0;20;N;N;EF;747;3.0;A4;BOM;A1;S;-1;0.0
obs1241;33;SC;SUL;30;10.01;2021;0 Km;60;40139.4;1.48;3690.0;1107.0;28;N;N;EF;697;2.0;A4;BOM;C3;N;0;0.0
obs7033;50;BA;NORDESTE;30;43.44;2022;0 Km;36;43980.55;0.93;8200.0;1886.0;18;N;N;EF;702;3.0;A2;BOM;A1;S;-1;0.0
obs8472;35;RS;SUL;30;40.22;2021;0 Km;49;46512.54;1.49;4100.0;2624.0;36;N;N;EF;697;3.0;A2;BOM;A3;S;0;0.0
obs7621;47;RO;NORTE;30;28.26;2021;0 Km;37;69484.57;0.98;9840.0;1886.0;0;N;N;EF;704;2.0;A2;BOM;B2;N;0;0.0
obs8535;39;BA;NORDESTE;30;74.6;2020;2 anos;24;19113.61;1.13;4100.0;2583.0;23;N;N;EF;694;;;;;S;1;0.0
obs822;36;DF;CENTRO-OESTE;30;52.6;2021;0 Km;36;45858.33;0.72;14760.0;5330.0;10;N;N;EF;746;3.0;A2;BOM;A1;S;0;0.0
obs2678;30;BA;NORDESTE;30;12.53;2022;0 Km;60;35531.28;1.33;3116.0;1312.0;28;N;N;EF;693;3.0;A2;BOM;C3;N;-1;0.0
obs8432;52;GO;CENTRO-OESTE;30;0.0;2022;0 Km;48;43636.69;1.04;3690.0;2624.0;0;N;N;EF;772;3.0;A2;BOM;C2;S;-1;0.0
obs9678;54;SP;SULDESTE;30;48.99;2021;0 Km;36;35374.21;0.62;8200.0;1886.0;0;N;N;EF;772;3.0;A4;BOM;A1;N;0;0.0
obs8480;44;RJ;SULDESTE;30;49.22;2016;>= 3 anos;48;17177.68;1.21;6560.0;1394.0;7;S;N;EF;672;;;;;S;5;0.0
obs8771;30;PR;SUL;30;25.01;2022;0 Km;60;35737.45;1.5;3116.0;861.0;30;N;N;EF;697;3.0;A1;RUIM;B3;S;-1;0.0
obs7478;69;MA;NORDESTE;30;41.81;2021;0 Km;60;40414.36;0.88;5740.0;1886.0;15;N;N;EF;720;3.0;A4;BOM;A3;N;0;0.0
obs2206;59;PA;NORTE;30;15.83;2022;0 Km;48;36479.6;1.21;6396.0;2542.0;16;N;S;EF;747;3.0;A2;RUIM;C2;S;-1;0.0
obs2898;31;DF;CENTRO-OESTE;30;26.06;2022;0 Km;60;31530.87;1.17;2870.0;1312.0;25;N;N;EF;746;2.0;A2;BOM;B3;S;-1;0.0
obs6583;39;BA;NORDESTE;30;42.75;2022;0 Km;60;46192.5;1.47;6150.0;1927.0;19;N;N;EF;678;3.0;A2;PESS;A3;S;-1;0.0
obs4283;31;PE;NORDESTE;30;28.0;2022;0 Km;49;48579.73;1.16;2870.0;861.0;52;N;N;EF;682;3.0;A2;BOM;B3;S;-1;0.0
obs398;64;PA;NORTE;30;62.64;2021;0 Km;36;24156.93;0.7;4920.0;1804.0;0;N;N;EF;724;3.0;A2;BOM;A1;N;0;0.0
obs2944;58;RJ;SULDESTE;30;63.94;2022;0 Km;24;32526.87;0.0;14760.0;15990.0;9;N;N;EF;760;3.0;A1;BOM;A1;N;-1;0.0
obs5352;86;SC;SUL;30;42.52;2022;0 Km;60;32253.32;1.07;4920.0;0.0;14;N;N;EF;707;1.0;A0;BOM;A3;;-1;0.0
obs4538;50;PE;NORDESTE;30;37.17;2022;0 Km;36;28322.38;0.88;5330.0;2911.0;18;N;N;EF;702;1.0;A2;RUIM;B1;;-1;0.0
obs2585;68;SP;SULDESTE;30;63.41;2021;0 Km;12;17388.27;0.0;4592.0;2214.0;0;N;N;EF;737;3.0;A4;BOM;A1;S;0;0.0
obs1233;40;GO;CENTRO-OESTE;30;30.51;2021;0 Km;48;46445.08;1.32;4838.0;1394.0;0;N;N;EF;695;3.0;A2;RUIM;B2;N;0;0.0
obs1249;36;BA;NORDESTE;30;15.28;2017;>= 3 anos;36;26725.81;1.64;7100.38;656.0;14;N;N;EF;664;;;;;S;4;0.0
obs6136;50;DF;CENTRO-OESTE;30;56.58;2021;0 Km;48;42081.83;1.1;6478.0;2624.0;18;S;N;EF;674;2.0;A2;PESS;A2;S;0;0.0
obs2150;54;MG;SULDESTE;30;62.41;2020;2 anos;48;13679.83;0.83;4100.0;1886.0;8;N;N;EF;696;;;;;S;1;0.0
obs3359;24;PA;NORTE;30;28.34;2018;>= 3 anos;60;32922.22;1.74;2870.0;5945.0;30;N;N;EF;672;;;;;S;3;0.0
obs3314;38;DF;CENTRO-OESTE;30;69.38;2022;0 Km;36;14532.47;0.67;13940.0;8323.0;3;N;N;EF;733;3.0;A2;BOM;A1;N;-1;0.0
obs8733;47;RS;SUL;30;71.06;2022;0 Km;24;17039.78;0.77;3280.0;1886.0;0;N;N;EF;759;3.0;A4;BOM;A1;S;-1;0.0
obs6833;50;SP;SULDESTE;30;59.95;2021;0 Km;36;34054.67;0.83;3280.0;1599.0;33;N;N;EF;742;3.0;A4;BOM;A1;S;0;0.0
obs4537;69;PR;SUL;30;40.57;2020;2 anos;48;21939.28;1.14;2460.0;533.0;24;N;N;EF;665;;;;;S;1;1.0
obs5041;39;PR;SUL;30;48.68;2018;>= 3 anos;36;32979.11;1.09;4674.0;3198.0;25;N;N;EF;671;;;;;S;3;0.0
obs8652;38;BA;NORDESTE;30;51.57;2022;0 Km;60;22773.91;1.09;3936.0;3280.0;13;N;N;EF;691;3.0;A2;BOM;A3;S;-1;0.0
obs6286;56;SP;SULDESTE;30;58.0;2022;0 Km;12;25320.76;0.0;12300.0;15867.0;0;N;N;EF;760;3.0;A4;BOM;A1;S;-1;0.0
obs7091;43;AP;NORTE;30;2.12;2022;0 Km;60;42727.01;1.67;4346.0;2952.0;27;N;N;EF;691;2.0;A2;RUIM;C3;S;-1;1.0
obs2581;34;SC;SUL;30;31.43;2014;>= 3 anos;48;21003.79;1.85;2378.0;861.0;29;N;N;EF;642;;;;;S;7;0.0
obs4570;47;SP;SULDESTE;30;30.06;2021;0 Km;60;58722.27;1.33;5330.0;1886.0;28;N;N;EF;687;1.0;A1;BOM;B3;S;0;0.0
obs4388;63;DF;CENTRO-OESTE;30;63.37;2022;0 Km;24;29695.74;0.0;4674.0;5535.0;27;N;N;EF;760;3.0;A2;BOM;A1;S;-1;0.0
obs2905;70;SP;SULDESTE;30;63.0;2021;0 Km;24;30076.39;0.11;5576.0;2993.0;24;N;N;EF;760;3.0;A4;BOM;A1;N;0;0.0
obs7907;69;CE;NORDESTE;30;63.91;2022;0 Km;24;30191.25;0.0;4920.0;1599.0;25;N;N;EF;760;3.0;A1;BOM;A1;N;-1;0.0
obs114;51;AP;NORTE;30;32.8;2019;2 anos;60;21568.38;1.34;5157.8;3239.0;10;N;N;EF;651;;;;;S;2;0.0
obs3969;48;SC;SUL;30;40.86;2021;0 Km;49;58504.02;1.07;11480.0;8446.0;15;N;N;EF;706;2.0;A2;RUIM;A3;S;0;0.0
obs6518;52;SP;SULDESTE;30;37.29;2022;0 Km;60;30094.03;1.01;893.8;2583.0;78;N;N;EF;634;1.0;A2;BOM;B3;N;-1;0.0
obs3491;60;RJ;SULDESTE;30;0.0;2021;0 Km;48;43364.18;1.05;2460.0;2583.0;0;N;N;EF;768;1.0;A4;BOM;C2;;0;0.0
obs4399;46;RJ;SULDESTE;30;0.0;2014;>= 3 anos;48;32450.51;1.47;4100.0;3239.0;23;S;N;EF;693;;;;;S;7;0.0
obs4674;36;GO;CENTRO-OESTE;30;20.0;2013;>= 3 anos;48;20339.09;2.12;2902.8;1312.0;24;N;N;EF;653;;;;;;8;0.0
obs4825;59;PA;NORTE;30;12.01;2022;0 Km;60;46576.26;1.56;5740.0;1927.0;0;N;N;EF;692;2.0;A2;RUIM;C3;S;-1;0.0
obs9638;54;DF;CENTRO-OESTE;30;3.28;2022;0 Km;60;49958.53;1.18;8200.0;8446.0;0;N;N;EF;772;3.0;A2;BOM;C3;S;-1;0.0
obs9039;26;BA;NORDESTE;30;28.0;2022;0 Km;49;58185.03;1.01;4592.0;779.0;37;S;N;EF;689;1.0;A2;BOM;B3;;-1;1.0
obs5049;53;RS;SUL;30;34.73;2021;0 Km;49;40354.14;1.16;6560.0;3280.0;18;N;N;EF;746;3.0;A4;BOM;B3;S;0;0.0
obs6979;62;BA;NORDESTE;30;69.91;2022;0 Km;36;18623.77;1.13;4920.0;4141.0;12;N;S;EF;696;3.0;A2;RUIM;A1;S;-1;0.0
obs60;21;RJ;SULDESTE;30;50.24;2018;>= 3 anos;48;25394.68;1.48;2870.0;779.0;27;N;N;EF;650;;;;;;3;0.0
obs2355;67;PE;NORDESTE;30;34.49;2021;0 Km;36;55449.27;0.83;13120.0;11808.0;13;N;N;EF;760;3.0;A2;BOM;B1;S;0;0.0
obs6091;37;RJ;SULDESTE;30;40.81;2014;>= 3 anos;48;19037.71;1.91;8200.0;1271.0;7;S;N;EF;681;;;;;;7;0.0
obs8530;64;SP;SULDESTE;30;29.58;2022;0 Km;36;32425.22;1.04;9840.0;3034.0;11;N;N;EF;747;3.0;A4;BOM;B1;S;-1;0.0
obs5382;41;BA;NORDESTE;30;35.83;2021;0 Km;60;45355.16;1.07;6560.0;3608.0;15;N;N;EF;737;3.0;A2;BOM;B3;S;0;0.0
obs7186;48;PE;NORDESTE;30;0.0;2022;0 Km;60;42756.08;0.99;2624.0;3198.0;36;N;N;EF;755;3.0;A2;BOM;C3;S;-1;0.0
obs1907;38;SC;SUL;30;31.0;2018;>= 3 anos;48;35445.79;1.28;7626.0;2583.0;13;N;N;EF;677;;;;;S;3;0.0
obs5612;55;SP;SULDESTE;30;53.42;2022;0 Km;48;36970.46;0.72;4469.0;2583.0;20;N;N;EF;760;3.0;A4;BOM;A2;S;-1;0.0
obs9558;71;BA;NORDESTE;30;48.09;2022;0 Km;48;34885.89;1.02;3690.0;1927.0;0;N;N;EF;643;3.0;A1;PESS;A2;N;-1;0.0
obs2085;50;PR;SUL;30;10.28;2021;0 Km;60;51737.11;1.35;7380.0;3280.0;17;N;N;EF;702;3.0;A4;BOM;C3;N;0;0.0
obs968;60;CE;NORDESTE;30;63.01;2021;0 Km;24;31119.19;0.0;6560.0;3362.0;20;N;N;EF;705;3.0;A2;RUIM;A1;S;0;0.0
obs269;35;RO;NORTE;30;38.95;2021;0 Km;37;25855.21;1.01;4920.0;6068.0;0;N;N;EF;658;3.0;A4;PESS;B2;S;0;0.0
obs1587;52;SP;SULDESTE;30;64.04;2021;0 Km;36;17102.13;1.0;3291.79;1927.0;17;N;N;EF;746;3.0;A1;BOM;A1;S;0;0.0
obs2132;44;SP;SULDESTE;30;72.58;2021;0 Km;24;25555.47;0.0;6560.0;1845.0;17;N;N;EF;746;3.0;A2;BOM;A1;N;0;0.0
obs4292;37;SP;SULDESTE;30;66.48;2022;0 Km;36;15436.11;0.93;6560.0;1271.0;7;N;N;EF;665;3.0;A2;PESS;A1;S;-1;0.0
obs344;37;PE;NORDESTE;30;28.35;2021;0 Km;49;29592.68;1.16;2870.0;861.0;31;N;N;EF;669;1.0;A1;BOM;B3;S;0;0.0
obs2238;32;RJ;SULDESTE;30;50.0;2021;0 Km;48;36639.52;1.23;14760.0;984.0;7;N;N;EF;693;1.0;A2;BOM;A2;;0;0.0
obs8744;24;PB;NORDESTE;30;55.66;2022;0 Km;24;25769.82;0.93;4100.0;779.0;30;N;N;EF;661;1.0;A2;RUIM;A1;;-1;0.0
obs9746;45;SP;SULDESTE;30;0.0;2021;0 Km;60;65020.98;1.09;13940.0;1968.0;11;N;N;EF;755;2.0;A4;BOM;C3;S;0;0.0
obs4266;46;SP;SULDESTE;30;75.18;2021;0 Km;24;19795.27;0.0;5740.0;1804.0;14;N;N;EF;755;3.0;A2;BOM;A1;S;0;0.0
obs6450;37;DF;CENTRO-OESTE;30;40.19;2022;0 Km;49;56620.94;0.93;9840.0;2665.0;16;N;N;EF;669;3.0;A2;RUIM;A3;N;-1;0.0
obs4470;26;SP;SULDESTE;30;37.3;2021;0 Km;60;27240.37;1.22;4920.0;1025.0;13;N;N;EF;689;1.0;A1;BOM;B3;;0;0.0
obs8993;34;RN;NORDESTE;30;31.83;2022;0 Km;48;63201.18;0.99;6560.0;1312.0;26;N;N;EF;737;3.0;A1;BOM;B2;S;-1;0.0
obs8223;36;CE;NORDESTE;30;0.0;2022;0 Km;60;42991.51;1.5;5740.0;2665.0;19;N;N;EF;733;3.0;A2;RUIM;C3;S;-1;0.0
obs8323;66;RS;SUL;30;55.42;2022;0 Km;30;32905.7;0.11;8200.0;4346.0;13;N;N;EF;760;3.0;A4;RUIM;A1;S;-1;0.0
obs3957;80;SP;SULDESTE;30;28.68;2022;0 Km;49;31082.44;1.05;4920.0;2050.0;18;N;N;EF;692;3.0;A4;BOM;B3;S;-1;0.0
obs8952;37;SP;SULDESTE;30;28.93;2021;0 Km;37;40559.22;1.07;4920.0;3403.0;29;S;N;EF;691;2.0;A2;BOM;B2;N;0;0.0
obs144;57;PE;NORDESTE;30;56.33;2016;>= 3 anos;60;17185.01;1.82;7872.0;3321.0;6;N;N;EF;654;;;;;N;5;0.0
obs3374;36;PR;SUL;30;76.38;2021;0 Km;18;15010.44;0.0;4100.0;1886.0;0;N;N;EF;763;3.0;A2;BOM;A1;S;0;0.0
obs470;76;BA;NORDESTE;30;0.0;2018;>= 3 anos;36;21063.67;1.68;3116.0;1845.0;25;N;N;EF;692;;;;;S;3;0.0
obs4617;68;RN;NORDESTE;30;50.7;2014;>= 3 anos;36;15763.36;1.51;2665.0;1845.0;22;N;N;EF;649;;;;;;7;0.0
obs1112;63;BA;NORDESTE;30;14.91;2021;0 Km;60;71803.94;1.4;6560.0;1189.0;28;N;N;EF;696;3.0;A2;BOM;C3;S;0;1.0
obs3226;72;PE;NORDESTE;30;50.0;2021;0 Km;60;42500.86;1.03;5576.0;1476.0;17;N;N;EF;711;3.0;A1;BOM;A3;S;0;0.0
obs4715;46;MG;SULDESTE;30;67.17;2021;0 Km;60;33691.54;0.78;4920.0;3280.0;15;N;N;EF;755;3.0;A1;BOM;A3;S;0;0.0
obs9058;39;PR;SUL;30;17.87;2022;0 Km;60;39498.04;1.08;4920.0;1886.0;19;N;N;EF;737;1.0;A4;BOM;C3;;-1;0.0
obs532;72;MT;CENTRO-OESTE;30;20.3;2021;0 Km;60;51293.17;1.09;4920.0;1394.0;0;N;N;EF;764;2.0;A4;BOM;B3;S;0;0.0
obs664;73;RJ;SULDESTE;30;64.74;2021;0 Km;24;30946.55;0.0;4100.0;3198.0;33;N;N;EF;692;3.0;A4;PESS;A1;S;0;0.0
obs6903;38;AL;NORDESTE;30;35.76;2022;0 Km;37;29745.54;1.13;4018.0;1804.0;27;N;N;EF;682;3.0;A2;PESS;B2;S;-1;0.0
obs3062;56;PR;SUL;30;28.02;2021;0 Km;49;69363.82;0.88;2481.6;1968.0;0;N;N;EF;700;2.0;A1;BOM;B3;S;0;0.0
obs1705;27;AP;NORTE;30;56.04;2021;0 Km;48;19876.01;0.88;2460.0;615.0;20;N;N;EF;738;1.0;A2;BOM;A2;;0;0.0
obs8726;24;PE;NORDESTE;30;24.53;2022;0 Km;36;36654.75;1.14;2870.0;984.0;45;N;N;EF;725;1.0;A2;BOM;B1;;-1;0.0
obs4071;34;PR;SUL;30;10.09;2021;0 Km;60;41701.58;1.51;4510.0;861.0;24;N;N;EF;682;3.0;A1;RUIM;C3;N;0;0.0
obs6906;64;SP;SULDESTE;30;71.06;2022;0 Km;12;17689.85;0.0;9840.0;15949.0;0;N;N;EF;720;3.0;A4;BOM;A1;N;-1;0.0
obs5777;40;TO;NORTE;30;34.54;2022;0 Km;49;54170.11;0.93;4920.0;3116.0;32;N;N;EF;697;3.0;A2;BOM;B3;S;-1;0.0
obs633;35;SP;SULDESTE;30;40.27;2021;0 Km;37;24091.51;1.27;6150.0;861.0;0;N;N;EF;686;1.0;A2;PESS;A2;;0;0.0
obs6214;50;AM;NORTE;30;72.13;2021;0 Km;24;20613.32;0.46;3280.0;1394.0;29;N;N;EF;678;3.0;A2;RUIM;A1;N;0;0.0
obs5684;46;SE;NORDESTE;30;74.56;2021;0 Km;24;22202.24;0.0;4100.0;1804.0;23;S;N;EF;668;3.0;A1;PESS;A1;S;0;0.0
obs2742;52;RS;SUL;30;54.42;2022;0 Km;48;38336.38;0.99;8200.0;1845.0;12;N;N;EF;742;3.0;A4;BOM;A2;S;-1;0.0
obs2308;33;BA;NORDESTE;30;28.57;2013;>= 3 anos;36;17604.11;1.76;3444.0;2501.0;20;S;N;EF;671;;;;;;8;0.0
obs2186;49;RN;NORDESTE;30;40.0;2019;2 anos;48;18668.36;1.03;6560.0;2460.0;7;N;N;EF;689;;;;;S;2;0.0
obs9568;68;MG;SULDESTE;30;55.46;2022;0 Km;36;20833.18;0.83;2706.0;1271.0;26;N;N;EF;747;1.0;A4;BOM;A1;;-1;0.0
obs2216;53;SP;SULDESTE;30;85.34;2021;0 Km;24;12191.64;1.13;14350.0;1968.0;4;N;N;EF;702;1.0;A2;RUIM;A1;;0;0.0
obs6953;79;MT;CENTRO-OESTE;30;18.14;2022;0 Km;48;44828.8;1.1;4100.0;2050.0;29;N;N;EF;747;3.0;A4;BOM;C2;S;-1;0.0
obs7974;46;PE;NORDESTE;30;38.94;2021;2 anos;48;53878.08;1.21;6560.0;4633.0;22;N;N;EF;685;;;;;N;0;0.0
obs7404;32;RS;SUL;30;61.82;2022;0 Km;18;18490.18;0.51;3116.0;1271.0;34;N;N;EF;737;1.0;A4;BOM;A1;;-1;0.0
obs4166;25;CE;NORDESTE;30;0.0;2022;0 Km;60;46069.98;1.12;4428.0;902.0;25;N;N;EF;725;3.0;A4;BOM;C3;N;-1;0.0
obs1454;81;MA;NORDESTE;30;54.29;2021;0 Km;60;21866.56;1.32;1722.0;1066.0;30;N;N;EF;707;1.0;A2;BOM;A3;;0;0.0
obs2445;34;SP;SULDESTE;30;30.64;2014;>= 3 anos;48;23280.44;1.44;3690.0;2706.0;0;S;N;EF;665;;;;;;7;0.0
obs4685;62;RS;SUL;30;10.73;2022;0 Km;60;69854.8;1.05;16400.0;1025.0;9;N;N;EF;760;3.0;A1;BOM;C3;S;-1;0.0
obs1325;47;PI;NORDESTE;30;36.59;2021;0 Km;60;29628.97;1.29;2842.64;2050.0;0;N;N;EF;723;3.0;A2;BOM;B3;S;0;0.0
obs4248;43;MG;SULDESTE;30;49.63;2021;0 Km;60;29997.21;0.83;4100.0;1886.0;15;N;N;EF;746;3.0;A1;BOM;A3;S;0;0.0
obs250;71;BA;NORDESTE;30;39.7;2021;0 Km;49;54271.02;0.93;3280.0;1025.0;48;N;N;EF;696;1.0;A2;BOM;B3;;0;0.0
obs3525;52;BA;NORDESTE;30;28.53;2022;0 Km;37;63907.32;0.87;4510.0;1927.0;50;N;N;EF;678;1.0;A2;RUIM;B2;;-1;0.0
obs9723;31;PE;NORDESTE;30;16.34;2017;>= 3 anos;48;30721.08;1.79;3280.0;820.0;29;N;N;EF;704;;;;;S;4;0.0
obs4803;48;MG;SULDESTE;30;30.17;2021;0 Km;48;35410.47;1.39;4100.0;820.0;25;N;N;EF;687;3.0;A2;RUIM;B2;S;0;0.0
obs5491;61;PR;SUL;30;61.39;2021;0 Km;48;32277.04;1.18;22140.0;16810.0;4;N;N;EF;707;3.0;A4;BOM;A2;S;0;0.0
obs3625;54;SP;SULDESTE;30;64.29;2021;0 Km;18;21529.97;0.0;4920.0;4264.0;24;S;N;EF;700;3.0;A4;RUIM;A1;S;0;0.0
obs5647;27;PR;SUL;30;38.29;2021;0 Km;49;47110.8;1.02;4920.0;1312.0;28;S;N;EF;698;3.0;A1;RUIM;B3;S;0;0.0
obs1294;35;RJ;SULDESTE;30;59.33;2021;0 Km;24;19911.7;0.8;8200.0;1886.0;11;N;N;EF;706;3.0;A2;BOM;A1;S;0;0.0
obs6865;38;MS;CENTRO-OESTE;30;54.77;2022;0 Km;60;20209.69;0.97;4920.0;6314.0;9;N;N;EF;733;3.0;A2;BOM;A3;N;-1;1.0
obs1991;26;SC;SUL;30;36.18;2021;0 Km;48;27486.09;0.88;2624.0;779.0;28;N;N;EF;729;1.0;A1;BOM;B2;;0;0.0
obs2323;39;MG;SULDESTE;30;41.62;2021;0 Km;48;47394.84;0.88;8200.0;1968.0;14;N;N;EF;737;3.0;A1;BOM;A2;S;0;0.0
obs8835;57;SP;SULDESTE;30;42.37;2016;>= 3 anos;48;22051.05;1.82;2460.0;2952.0;28;N;N;EF;651;;;;;S;5;0.0
obs2290;53;MS;CENTRO-OESTE;30;40.22;2022;0 Km;49;25970.12;1.16;3772.0;2583.0;21;N;N;EF;706;3.0;A2;RUIM;A3;S;-1;0.0
obs8643;45;SC;SUL;30;27.31;2019;2 anos;60;40840.79;1.27;4100.0;2009.0;23;N;N;EF;681;;;;;S;2;0.0
obs4270;59;GO;CENTRO-OESTE;30;34.0;2022;0 Km;60;31112.88;1.59;2870.0;943.0;0;N;N;EF;660;2.0;A2;PESS;B3;S;-1;0.0
obs3453;32;SP;SULDESTE;30;61.11;2014;>= 3 anos;36;12572.61;1.03;5332.45;1968.0;8;N;N;EF;677;;;;;;7;0.0
obs3361;57;MG;SULDESTE;30;39.84;2022;0 Km;49;43603.4;1.03;8610.0;5945.0;15;N;N;EF;683;3.0;A4;RUIM;B3;S;-1;0.0
obs5126;66;SP;SULDESTE;30;63.93;2021;0 Km;18;25097.85;0.3;4100.0;2952.0;36;N;N;EF;760;3.0;A4;BOM;A1;S;0;0.0
obs7088;73;SP;SULDESTE;30;83.65;2022;0 Km;36;11121.11;0.0;6560.0;1558.0;4;N;N;EF;760;3.0;A4;BOM;A1;N;-1;0.0
obs1247;43;MG;SULDESTE;30;50.5;2013;>= 3 anos;48;17514.01;1.12;4100.0;1476.0;0;N;N;EF;669;;;;;;8;0.0
obs2267;36;PA;NORTE;30;26.4;2022;0 Km;49;33510.69;1.16;2870.0;656.0;36;N;N;EF;669;1.0;A2;RUIM;B3;;-1;1.0
obs651;35;SP;SULDESTE;30;20.24;2021;0 Km;48;61209.11;1.05;5330.0;1312.0;30;N;N;EF;733;2.0;A4;BOM;B2;N;0;0.0
obs2395;35;SP;SULDESTE;30;41.14;2021;0 Km;49;35223.81;1.27;4100.0;1353.0;26;N;N;EF;737;3.0;A2;BOM;A3;S;0;0.0
obs5087;33;PA;NORTE;30;38.31;2022;0 Km;36;40402.35;0.91;5740.0;533.0;23;N;N;EF;697;3.0;A2;RUIM;B1;S;-1;0.0
obs2501;39;SC;SUL;30;72.66;2013;>= 3 anos;48;7640.79;1.06;1640.0;1312.0;13;N;N;EF;671;;;;;;8;0.0
obs2969;32;SP;SULDESTE;30;49.22;2021;0 Km;60;33414.45;1.35;3280.0;1312.0;24;N;N;EF;678;1.0;A1;RUIM;A3;;0;0.0
obs6146;78;SP;SULDESTE;30;61.1;2022;0 Km;12;23508.95;0.0;16400.0;2378.0;0;N;N;EF;777;2.0;A4;RUIM;A1;N;-1;0.0
obs595;22;RS;SUL;30;0.0;2021;0 Km;60;41508.64;1.45;5559.6;861.0;19;N;N;EF;689;1.0;A2;BOM;C3;;0;0.0
obs5239;57;CE;NORDESTE;30;32.31;2021;0 Km;60;35435.19;1.24;3813.0;2460.0;0;N;N;EF;728;1.0;A1;RUIM;B3;;0;0.0
obs5557;52;DF;CENTRO-OESTE;30;54.6;2019;2 anos;36;18840.17;1.65;3280.0;3321.0;22;N;N;EF;651;;;;;S;2;0.0
obs1568;27;SE;NORDESTE;30;46.8;2012;>= 3 anos;48;20295.97;1.75;2673.2;1312.0;23;N;N;EF;670;;;;;;9;0.0
obs6876;47;SC;SUL;30;25.79;2021;0 Km;49;66533.44;0.93;4756.0;3034.0;40;N;N;EF;746;3.0;A4;BOM;B3;S;0;1.0
obs3887;43;PR;SUL;30;28.15;2022;0 Km;49;32986.58;1.16;3690.0;4305.0;26;N;N;EF;737;3.0;A2;BOM;B3;S;-1;0.0
obs2452;22;MT;CENTRO-OESTE;30;23.79;2021;0 Km;60;35499.31;1.82;820.0;0.0;18;N;N;EF;604;1.0;A0;BOM;B3;;0;0.0
obs9748;59;SP;SULDESTE;30;26.86;2021;2 anos;48;35404.92;1.29;3280.0;4305.0;0;N;N;EF;694;;;;;S;0;0.0
obs5979;40;PR;SUL;30;16.0;2012;>= 3 anos;48;18631.01;2.05;3685.9;1435.0;16;N;N;EF;647;;;;;;9;0.0
obs3938;29;MS;CENTRO-OESTE;30;49.7;2022;0 Km;49;23647.79;1.16;4100.0;820.0;17;N;N;EF;737;3.0;A2;BOM;A3;S;-1;0.0
obs4405;41;PE;NORDESTE;30;28.62;2022;0 Km;49;37723.5;1.16;4592.0;3198.0;25;N;N;EF;697;3.0;A2;RUIM;B3;S;-1;0.0
obs6783;64;SP;SULDESTE;30;12.5;2020;2 anos;60;30085.61;1.31;2624.0;4387.0;0;N;N;EF;711;;;;;S;1;0.0
obs5951;43;SC;SUL;30;51.92;2022;0 Km;60;40656.53;1.03;4018.0;3321.0;23;N;N;EF;669;3.0;A2;BOM;A3;N;-1;0.0
obs6718;36;MG;SULDESTE;30;0.0;2022;0 Km;60;41359.58;1.21;12300.0;4305.0;0;N;N;EF;750;3.0;A2;BOM;C3;S;-1;0.0
obs6089;44;PR;SUL;30;50.0;2021;0 Km;48;43198.18;0.88;4264.0;1353.0;0;N;N;EF;754;3.0;A2;BOM;A2;S;0;0.0
obs7878;71;SP;SULDESTE;30;80.9;2022;0 Km;12;8821.01;0.19;4100.0;6068.0;0;N;N;EF;768;3.0;A4;BOM;A1;S;-1;0.0
obs8639;44;BA;NORDESTE;30;0.0;2022;0 Km;60;44499.99;1.23;5330.0;2624.0;20;N;N;EF;742;3.0;A2;BOM;C3;S;-1;0.0
obs8976;60;SP;SULDESTE;30;28.79;2021;0 Km;60;41869.79;1.19;4920.0;1886.0;20;N;N;EF;711;1.0;A4;RUIM;B3;;0;0.0
obs6042;56;PR;SUL;30;20.78;2022;0 Km;48;67850.84;1.08;8200.0;1927.0;0;N;N;EF;768;3.0;A4;BOM;B2;N;-1;0.0
obs4508;67;BA;NORDESTE;30;72.64;2021;0 Km;24;19513.94;0.0;7380.0;5986.0;11;N;N;EF;760;3.0;A2;BOM;A1;N;0;0.0
obs569;27;PB;NORDESTE;30;47.06;2021;0 Km;36;47373.92;0.83;6560.0;861.0;24;N;N;EF;683;3.0;A2;BOM;A1;N;0;0.0
obs981;48;PR;SUL;30;47.74;2021;0 Km;48;46994.49;1.26;4920.0;1886.0;27;N;N;EF;674;3.0;A4;PESS;A2;N;0;0.0
obs6027;91;SP;SULDESTE;30;56.84;2022;0 Km;24;25998.95;1.13;1394.0;2583.0;0;N;N;EF;764;3.0;A4;BOM;A1;N;-1;0.0
obs2984;43;CE;NORDESTE;30;62.31;2021;0 Km;48;18238.42;0.88;4100.0;2542.0;11;N;N;EF;693;3.0;A2;BOM;A2;N;0;0.0
obs653;33;SP;SULDESTE;30;21.45;2021;0 Km;60;70612.18;1.39;7340.9;4223.0;24;N;N;EF;693;1.0;A1;BOM;B3;;0;0.0
obs9578;61;PR;SUL;30;0.0;2022;0 Km;60;43123.48;1.5;4100.0;1886.0;0;N;N;EF;724;1.0;A2;BOM;C3;;-1;0.0
obs2221;53;SC;SUL;30;37.56;2021;0 Km;48;32569.13;1.35;3690.0;1312.0;0;N;N;EF;684;1.0;A1;RUIM;B2;;0;0.0
obs2352;65;BA;NORDESTE;30;23.67;2021;0 Km;49;32010.05;1.1;2870.0;1394.0;33;N;N;EF;711;3.0;A2;RUIM;B3;S;0;0.0
obs7566;60;GO;CENTRO-OESTE;30;34.78;2021;2 anos;48;50890.89;1.04;4100.0;6191.0;34;N;N;EF;686;;;;;S;0;0.0
obs6844;43;PR;SUL;30;19.08;2022;0 Km;60;38667.21;1.55;4838.0;1312.0;21;N;N;EF;654;3.0;A4;BOM;C3;S;-1;1.0
obs2009;41;PA;NORTE;30;25.31;2022;0 Km;49;59867.34;0.93;3444.0;2665.0;48;N;N;EF;669;3.0;A2;RUIM;B3;S;-1;1.0
obs6983;44;SP;SULDESTE;30;49.96;2022;0 Km;36;45723.64;1.04;28700.0;16072.0;5;N;N;EF;733;2.0;A4;BOM;A1;N;-1;0.0
obs1436;48;SP;SULDESTE;30;25.1;2012;>= 3 anos;48;15892.61;1.97;2542.0;5945.0;20;N;N;EF;646;;;;;N;9;0.0
obs4357;58;SC;SUL;30;73.0;2021;0 Km;24;23896.34;0.0;3280.0;1517.0;32;N;N;EF;760;3.0;A4;BOM;A1;N;0;0.0
obs59;55;MS;CENTRO-OESTE;30;0.0;2021;0 Km;60;41194.99;1.61;4510.0;4182.0;24;N;N;EF;707;2.0;A4;BOM;C3;S;0;0.0
obs6191;27;RJ;SULDESTE;30;54.31;2018;>= 3 anos;48;44900.51;1.35;9020.0;820.0;14;N;N;EF;674;;;;;S;3;0.0
obs2067;40;MA;NORDESTE;30;0.0;2022;0 Km;60;48130.04;1.23;4856.69;4264.0;0;N;N;EF;750;3.0;A2;BOM;C3;S;-1;0.0
obs9221;40;RR;NORTE;30;30.58;2022;0 Km;49;31016.35;1.1;4100.0;1107.0;22;N;N;EF;678;3.0;A2;RUIM;B3;S;-1;0.0
obs6180;67;SP;SULDESTE;30;40.85;2016;>= 3 anos;60;21934.18;1.2;4920.0;1517.0;10;N;N;EF;665;;;;;S;5;0.0
obs3427;47;SP;SULDESTE;30;64.27;2021;0 Km;18;22613.12;0.0;5084.0;1845.0;25;N;N;EF;715;3.0;A2;RUIM;A1;N;0;0.0
obs4591;38;GO;CENTRO-OESTE;30;34.86;2021;0 Km;49;60662.98;1.02;5330.0;2706.0;32;N;N;EF;706;2.0;A4;PESS;B3;S;0;0.0
obs1757;40;RJ;SULDESTE;30;28.52;2021;0 Km;49;32823.18;1.05;6560.0;4223.0;0;N;N;EF;678;3.0;A2;RUIM;B3;N;0;0.0
obs7913;66;ES;SULDESTE;30;25.23;2022;0 Km;49;70342.99;0.93;4920.0;6519.0;40;N;N;EF;711;3.0;A4;BOM;B3;S;-1;0.0
obs2166;33;SP;SULDESTE;30;37.59;2022;0 Km;49;25870.87;1.05;2460.0;820.0;30;N;N;EF;706;3.0;A2;BOM;B3;N;-1;0.0
obs724;51;PA;NORTE;30;22.18;2021;0 Km;49;70142.74;0.93;5740.0;1845.0;35;N;N;EF;691;3.0;A1;RUIM;B3;S;0;0.0
obs2140;42;SE;NORDESTE;30;27.27;2015;>= 3 anos;48;22537.8;1.44;2460.0;1804.0;27;N;N;EF;661;;;;;S;6;0.0
obs4602;24;PB;NORDESTE;30;0.0;2022;0 Km;48;43770.66;1.14;1804.0;492.0;69;S;N;EF;738;2.0;A2;BOM;C2;S;-1;0.0
obs9531;48;PR;SUL;30;58.0;2021;0 Km;24;30040.85;0.0;8200.0;1599.0;16;N;N;EF;755;3.0;A2;BOM;A1;N;0;0.0
obs120;77;SC;SUL;30;63.22;2021;0 Km;24;30600.78;0.0;4510.0;1558.0;0;N;N;EF;777;3.0;A4;BOM;A1;S;0;0.0
obs5381;61;SC;SUL;30;0.0;2012;>= 3 anos;48;23038.12;2.04;6150.0;1312.0;12;N;N;EF;684;;;;;S;9;0.0
obs931;43;BA;NORDESTE;30;54.81;2021;0 Km;49;28125.69;1.1;6970.0;5986.0;11;N;N;EF;697;3.0;A2;BOM;A3;S;0;0.0
obs6474;35;SC;SUL;30;22.23;2022;0 Km;60;37788.62;1.19;5658.0;1312.0;15;N;N;EF;697;2.0;A2;RUIM;B3;S;-1;0.0
obs6480;60;PR;SUL;60;33.47;2012;>= 3 anos;48;14398.01;1.49;5330.0;1353.0;8;S;N;EF;664;;;;;;9;0.0
obs6210;44;AM;NORTE;30;37.72;2021;0 Km;49;30922.05;1.16;2460.0;1271.0;38;N;N;EF;669;1.0;A4;RUIM;B3;;0;0.0
obs268;61;PR;SUL;30;59.46;2017;>= 3 anos;36;13651.01;0.87;3280.0;5986.0;0;N;N;EF;727;;;;;N;4;0.0
obs2699;39;BA;NORDESTE;30;42.89;2021;0 Km;60;53416.95;1.5;8200.0;2542.0;16;N;N;EF;638;3.0;A2;RUIM;A3;S;0;0.0
obs6933;71;SP;SULDESTE;30;92.11;2022;0 Km;60;5435.44;0.91;4100.0;3280.0;3;N;N;EF;707;3.0;A4;RUIM;A3;N;-1;0.0
obs4258;61;SC;SUL;30;54.26;2022;0 Km;36;24662.14;0.69;3690.0;1394.0;22;N;N;EF;751;3.0;A1;BOM;A1;S;-1;0.0
obs4189;65;SP;SULDESTE;30;51.35;2022;0 Km;48;23055.51;1.04;5330.0;2665.0;12;N;N;EF;747;3.0;A4;BOM;A2;N;-1;0.0
obs4176;36;SC;SUL;30;35.2;2022;0 Km;49;35983.75;1.16;4428.0;2583.0;24;N;N;EF;737;3.0;A2;BOM;B3;S;-1;0.0
obs3205;68;RJ;SULDESTE;30;43.29;2022;0 Km;48;43063.72;1.0;8200.0;6232.0;14;N;N;EF;747;3.0;A4;BOM;A2;S;-1;0.0
obs3331;33;SP;SULDESTE;30;76.11;2022;0 Km;24;18764.41;0.0;8200.0;1845.0;10;N;N;EF;746;3.0;A2;BOM;A1;N;-1;0.0
obs1564;27;AP;NORTE;30;50.11;2021;0 Km;18;50271.44;0.55;12300.0;779.0;25;N;N;EF;725;1.0;A1;BOM;A1;;0;0.0
obs556;28;SP;SULDESTE;30;31.28;2020;2 anos;24;55729.45;1.39;9676.0;3444.0;28;N;N;EF;670;;;;;S;1;0.0
obs7515;40;SP;SULDESTE;30;19.59;2022;0 Km;60;34824.08;0.98;3509.6;1640.0;22;N;N;EF;737;3.0;A2;BOM;C3;N;-1;0.0
obs4793;60;RJ;SULDESTE;30;26.7;2022;0 Km;36;46230.67;1.08;8200.0;1927.0;19;N;N;EF;679;3.0;A2;PESS;B1;S;-1;0.0
obs7280;35;PR;SUL;30;25.0;2022;0 Km;60;61140.5;1.14;11480.0;2870.0;0;N;N;EF;695;2.0;A2;RUIM;B3;S;-1;0.0
obs2320;57;SP;SULDESTE;30;0.0;2015;>= 3 anos;48;30002.61;1.65;4510.0;3239.0;21;N;N;EF;665;;;;;S;6;0.0
obs3752;41;AM;NORTE;30;31.61;2017;>= 3 anos;48;40728.37;1.05;9430.0;5986.0;12;N;N;EF;664;;;;;S;4;0.0
obs6190;52;RS;SUL;30;63.0;2022;0 Km;24;28743.27;0.0;6560.0;4264.0;18;N;N;EF;755;3.0;A4;BOM;A1;S;-1;0.0
obs213;73;RS;SUL;30;33.5;2021;0 Km;60;27323.94;1.02;6560.0;5986.0;9;N;N;EF;747;1.0;A4;BOM;B3;;0;0.0
obs873;35;MA;NORDESTE;30;45.78;2021;0 Km;48;45965.4;1.0;6150.0;1271.0;20;N;N;EF;654;3.0;A1;BOM;A2;S;0;0.0
obs325;37;PI;NORDESTE;30;18.03;2021;0 Km;60;34340.92;1.03;4066.58;820.0;19;S;N;EF;737;3.0;A2;BOM;C3;S;0;0.0
obs2464;49;MT;CENTRO-OESTE;30;28.35;2022;0 Km;49;32389.09;1.16;4100.0;2050.0;24;N;N;EF;746;1.0;A2;BOM;B3;;-1;0.0
obs1642;41;SP;SULDESTE;30;46.44;2016;>= 3 anos;48;19702.31;1.09;2460.0;2501.0;22;N;N;EF;671;;;;;N;5;0.0
obs6707;23;MA;NORDESTE;30;85.48;2022;0 Km;36;9364.38;0.0;820.0;1804.0;32;N;N;EF;617;1.0;A0;BOM;A1;;-1;0.0
obs8764;46;PI;NORDESTE;30;58.8;2022;0 Km;49;38647.45;1.01;3280.0;1312.0;35;N;N;EF;746;3.0;A2;BOM;A3;N;-1;0.0
obs7178;25;SC;SUL;60;8.33;2012;>= 3 anos;48;19343.79;1.58;2870.0;1025.0;21;N;N;EF;693;;;;;S;9;0.0
obs3365;32;SP;SULDESTE;30;39.39;2021;0 Km;49;58058.27;1.3;4211.52;4223.0;0;N;N;EF;695;3.0;A2;PESS;B3;N;0;0.0
obs6642;32;PB;NORDESTE;30;70.45;2022;0 Km;12;18187.12;0.0;4920.0;1107.0;32;N;N;EF;746;3.0;A4;BOM;A1;N;-1;0.0
obs7512;52;RS;SUL;30;66.81;2021;0 Km;24;20469.34;0.35;5740.0;2706.0;15;N;N;EF;742;2.0;A4;BOM;A1;S;0;0.0
obs5503;54;PE;NORDESTE;30;50.01;2016;>= 3 anos;24;21666.61;0.99;9840.0;8364.0;10;N;N;EF;688;;;;;S;5;0.0
obs2360;64;BA;NORDESTE;30;73.06;2021;0 Km;24;24776.14;0.0;8200.0;11808.0;13;N;N;EF;760;3.0;A2;BOM;A1;S;0;0.0
obs9124;28;SP;SULDESTE;30;8.39;2012;>= 3 anos;48;30517.05;2.13;3280.0;820.0;31;N;N;EF;677;;;;;S;9;0.0
obs979;66;RJ;SULDESTE;30;46.01;2021;0 Km;48;22770.22;1.05;12300.0;2706.0;0;N;N;EF;764;2.0;A2;BOM;A2;S;0;0.0
obs6964;43;SP;SULDESTE;30;59.98;2013;>= 3 anos;48;15434.12;1.11;3690.0;1148.0;11;N;N;EF;681;;;;;N;8;0.0
obs1480;39;BA;NORDESTE;30;23.33;2021;0 Km;60;35547.59;1.03;8200.0;1927.0;10;N;N;EF;737;3.0;A1;BOM;B3;S;0;0.0
obs2079;42;PE;NORDESTE;30;34.05;2021;0 Km;60;48809.27;1.18;4100.0;861.0;27;S;N;EF;746;2.0;A2;BOM;B3;S;0;0.0
obs2753;48;SP;SULDESTE;30;30.33;2021;0 Km;48;57975.27;1.1;13673.5;3157.0;11;N;N;EF;742;2.0;A4;BOM;B2;N;0;0.0
obs9162;52;PE;NORDESTE;30;19.44;2022;0 Km;60;35584.88;1.44;4920.0;1517.0;18;N;N;EF;687;1.0;A2;BOM;C3;;-1;0.0
obs7777;48;BA;NORDESTE;30;51.32;2022;0 Km;36;26923.91;1.19;8200.0;1845.0;0;N;N;EF;676;1.0;A2;BOM;A1;;-1;0.0
obs1238;23;PR;SUL;30;27.44;2021;0 Km;60;33938.8;1.72;82.0;0.0;12;N;N;EF;608;1.0;A0;BOM;B3;;0;0.0
obs3133;38;PA;NORTE;30;37.08;2021;0 Km;36;57309.28;1.04;16400.0;1517.0;11;N;N;EF;693;3.0;A2;BOM;B1;S;0;0.0
obs2422;42;BA;NORDESTE;30;23.43;2021;0 Km;36;109256.44;1.05;12300.0;1640.0;30;N;N;EF;746;3.0;A2;BOM;B1;S;0;0.0
obs116;40;GO;CENTRO-OESTE;30;22.23;2021;0 Km;60;29794.45;1.03;1968.0;1435.0;35;N;N;EF;737;3.0;A2;BOM;B3;S;0;0.0
obs9201;49;AP;NORTE;30;30.09;2022;0 Km;49;57617.77;0.97;12300.0;1845.0;13;N;N;EF;687;3.0;A2;RUIM;B3;S;-1;0.0
obs6164;47;RJ;SULDESTE;30;55.32;2022;0 Km;36;24860.7;0.62;8200.0;8446.0;0;N;N;EF;772;3.0;A4;BOM;A1;S;-1;0.0
obs8437;43;SC;SUL;30;20.31;2022;0 Km;60;52286.49;1.5;3772.0;738.0;36;N;N;EF;669;1.0;A1;BOM;B3;S;-1;1.0
obs6858;60;RJ;SULDESTE;30;20.01;2022;0 Km;60;34520.53;1.55;7945.8;2009.0;11;N;N;EF;692;3.0;A4;PESS;B3;S;-1;0.0
obs1468;34;RS;SUL;30;65.15;2021;0 Km;24;16779.83;1.24;820.0;902.0;4;N;N;EF;693;3.0;A1;BOM;A1;S;0;0.0
obs8372;59;DF;CENTRO-OESTE;30;47.43;2020;2 anos;48;43565.87;1.1;4510.0;2009.0;26;N;N;EF;701;;;;;S;1;0.0
obs1703;42;PA;NORTE;30;40.24;2021;0 Km;60;53070.23;1.49;11706.05;8446.0;11;N;N;EF;650;3.0;A2;RUIM;A3;S;0;0.0
obs5379;60;SP;SULDESTE;30;55.58;2017;>= 3 anos;12;22922.71;0.85;9840.0;15867.0;0;N;N;EF;700;;;;;S;4;0.0
obs3708;48;PE;NORDESTE;30;33.14;2022;0 Km;36;28729.91;0.78;4920.0;2665.0;19;N;N;EF;715;3.0;A2;BOM;B1;S;-1;0.0
obs7664;59;RJ;SULDESTE;30;35.37;2021;0 Km;60;44653.17;1.23;5330.0;2747.0;20;N;N;EF;707;2.0;A2;RUIM;B3;S;0;0.0
obs8665;49;SP;SULDESTE;30;64.09;2022;0 Km;24;32241.79;0.0;6560.0;11849.0;20;N;N;EF;755;3.0;A4;BOM;A1;S;-1;0.0
obs6899;61;PB;NORDESTE;30;35.0;2022;0 Km;48;53184.2;1.09;12300.0;2542.0;0;N;N;EF;700;3.0;A2;RUIM;B2;S;-1;0.0
obs8984;45;MG;SULDESTE;30;41.97;2022;0 Km;60;33541.85;1.13;7380.0;6068.0;10;N;N;EF;706;3.0;A2;BOM;A3;S;-1;0.0
obs2987;62;GO;CENTRO-OESTE;30;63.0;2022;0 Km;24;28776.87;0.0;8200.0;11890.0;15;N;N;EF;760;3.0;A4;BOM;A1;S;-1;0.0
obs9227;56;PR;SUL;30;65.04;2021;0 Km;24;24597.05;0.41;12300.0;3526.0;8;N;N;EF;720;3.0;A4;BOM;A1;S;0;0.0
obs1163;72;SP;SULDESTE;30;58.4;2021;0 Km;12;19658.16;0.0;5330.0;1927.0;30;N;N;EF;760;3.0;A4;BOM;A1;S;0;0.0
obs2762;31;PE;NORDESTE;30;41.78;2021;0 Km;49;38430.12;1.16;1558.0;615.0;76;N;N;EF;697;2.0;A4;BOM;A3;S;0;0.0
obs4984;28;SP;SULDESTE;30;50.12;2021;0 Km;60;21438.67;1.29;2050.0;1066.0;26;N;N;EF;678;3.0;A1;RUIM;A3;N;0;0.0
obs74;35;SC;SUL;30;0.0;2014;>= 3 anos;48;32048.17;2.12;4428.0;2501.0;25;N;N;EF;642;;;;;S;7;0.0
obs6527;64;SP;SULDESTE;30;79.15;2022;0 Km;12;13034.35;0.0;3116.0;2583.0;36;N;N;EF;720;3.0;A4;BOM;A1;S;-1;0.0
obs7945;43;RS;SUL;30;66.67;2020;2 anos;36;22631.88;1.1;5740.0;1804.0;13;N;N;EF;672;;;;;S;1;0.0
obs9730;51;SP;SULDESTE;30;0.0;2013;>= 3 anos;48;38643.58;2.5;12300.0;1886.0;11;N;N;EF;675;;;;;S;8;0.0
obs8061;37;PB;NORDESTE;30;20.35;2022;0 Km;60;35045.36;1.5;4100.0;1271.0;0;N;N;EF;658;3.0;A2;RUIM;B3;N;-1;0.0
obs4638;46;SC;SUL;30;0.0;2021;0 Km;60;41239.19;1.12;12300.0;1886.0;8;N;N;EF;742;3.0;A4;BOM;C3;S;0;0.0
obs6285;39;SC;SUL;30;29.28;2022;0 Km;48;51753.63;0.99;4934.76;1312.0;27;S;N;EF;737;3.0;A2;BOM;B2;S;-1;0.0
obs7149;36;RN;NORDESTE;30;53.6;2021;0 Km;48;31882.79;0.78;3936.0;2542.0;21;N;N;EF;733;3.0;A2;BOM;A2;S;0;0.0
obs226;64;SP;SULDESTE;30;76.07;2021;0 Km;36;10452.95;0.57;4083.6;4346.0;8;N;N;EF;747;3.0;A4;BOM;A1;S;0;0.0
obs8592;35;MG;SULDESTE;30;29.7;2021;0 Km;60;59762.67;0.99;4100.0;1845.0;32;N;N;EF;746;3.0;A1;BOM;B3;S;0;0.0
obs4795;54;SP;SULDESTE;30;44.56;2021;0 Km;48;42094.05;0.78;2870.0;4387.0;38;N;N;EF;760;3.0;A4;BOM;A2;N;0;0.0
obs8487;33;PR;SUL;30;0.0;2018;>= 3 anos;60;20282.71;1.7;6560.0;1025.0;8;N;N;EF;704;;;;;S;3;1.0
obs1477;36;MT;CENTRO-OESTE;30;28.18;2021;0 Km;49;36681.6;1.16;2460.0;820.0;44;N;N;EF;682;3.0;A1;RUIM;B3;S;0;0.0
obs6874;33;RS;SUL;30;45.65;2015;>= 3 anos;48;21801.88;1.11;3960.6;3198.0;15;N;N;EF;704;;;;;N;6;0.0
obs7220;60;MS;CENTRO-OESTE;30;32.1;2018;>= 3 anos;48;22201.69;1.82;3690.0;1230.0;19;N;N;EF;630;;;;;S;3;1.0
obs3701;59;RS;SUL;30;30.04;2022;0 Km;49;33075.84;1.16;2624.0;1804.0;38;N;N;EF;664;2.0;A2;BOM;B3;S;-1;0.0
obs8499;80;SC;SUL;30;26.37;2022;0 Km;60;30963.79;1.08;5330.0;3321.0;13;N;N;EF;751;3.0;A4;BOM;B3;N;-1;0.0
obs4536;31;SP;SULDESTE;30;33.47;2012;>= 3 anos;36;14232.61;1.04;9840.0;1845.0;4;N;N;EF;689;;;;;N;9;0.0
obs7135;41;MT;CENTRO-OESTE;30;31.83;2022;0 Km;37;36472.4;1.14;4100.0;4223.0;0;N;S;EF;682;2.0;A2;RUIM;B2;N;-1;0.0
obs5687;67;RJ;SULDESTE;30;59.78;2021;0 Km;24;33302.92;0.0;11480.0;8446.0;12;N;N;EF;760;3.0;A4;BOM;A1;S;0;0.0
obs3751;68;RJ;SULDESTE;30;80.55;2022;0 Km;18;14591.52;0.56;16400.0;2501.0;5;N;N;EF;760;3.0;A4;BOM;A1;S;-1;0.0
obs6335;85;SP;SULDESTE;30;85.0;2022;0 Km;36;9548.35;0.0;2870.0;1312.0;9;N;N;EF;720;1.0;A4;BOM;A1;;-1;0.0
obs5631;65;RS;SUL;30;27.18;2015;>= 3 anos;36;26184.28;1.56;3936.0;2624.0;25;N;N;EF;660;;;;;S;6;0.0
obs3854;46;PE;NORDESTE;30;45.19;2021;0 Km;24;49596.94;1.09;9840.0;3075.0;25;N;N;EF;674;3.0;A2;RUIM;A1;N;0;0.0
obs8247;36;GO;CENTRO-OESTE;30;67.26;2019;2 anos;48;23915.89;1.21;7380.0;8487.0;8;N;N;EF;671;;;;;S;2;0.0
obs7331;58;PE;NORDESTE;30;33.66;2022;0 Km;24;51626.29;0.62;7790.0;1558.0;31;N;N;EF;760;3.0;A1;BOM;B1;N;-1;0.0
obs4442;64;DF;CENTRO-OESTE;30;61.23;2022;0 Km;24;35247.61;0.0;22140.0;17261.0;6;N;N;EF;760;3.0;A1;BOM;A1;N;-1;0.0
obs1297;37;SP;SULDESTE;30;62.08;2021;0 Km;37;28169.97;1.2;4346.0;2665.0;23;N;N;EF;746;3.0;A2;BOM;A2;N;0;0.0
obs5340;67;ES;SULDESTE;30;41.48;2022;0 Km;36;52987.69;0.87;5740.0;11890.0;0;N;N;EF;728;3.0;A4;RUIM;A1;N;-1;0.0
obs7591;79;PE;NORDESTE;30;23.07;2021;0 Km;60;55631.04;1.19;10250.0;3280.0;12;N;N;EF;711;3.0;A2;BOM;B3;S;0;0.0
obs2886;21;SP;SULDESTE;30;0.0;2021;0 Km;60;53478.45;1.3;5635.16;943.0;23;N;N;EF;683;1.0;A2;BOM;C3;;0;0.0
obs8261;44;RJ;SULDESTE;30;65.41;2013;>= 3 anos;36;8372.21;1.39;3280.0;4305.0;9;S;N;EF;661;;;;;S;8;0.0
obs3720;51;DF;CENTRO-OESTE;30;44.38;2022;0 Km;37;22790.97;1.0;13120.0;8569.0;6;N;N;EF;687;3.0;A1;RUIM;A2;N;-1;0.0
obs6393;80;SE;NORDESTE;30;83.03;2022;0 Km;36;10752.28;0.0;4091.8;8405.0;7;N;N;EF;692;3.0;A1;RUIM;A1;S;-1;0.0
obs4131;52;SC;SUL;30;0.0;2022;0 Km;48;54872.48;1.1;3702.91;2624.0;0;N;N;EF;759;3.0;A4;BOM;C2;N;-1;0.0
obs480;55;SP;SULDESTE;30;0.0;2021;0 Km;60;40382.75;1.3;3690.0;2665.0;26;S;N;EF;720;3.0;A4;BOM;C3;S;0;0.0
obs5489;53;MG;SULDESTE;30;55.71;2021;0 Km;24;36776.58;0.0;6560.0;1968.0;24;N;N;EF;755;3.0;A4;BOM;A1;N;0;0.0
obs1624;74;AL;NORDESTE;30;7.27;2021;0 Km;60;40666.68;1.66;3690.0;820.0;0;N;N;EF;692;1.0;A2;BOM;C3;;0;0.0
obs7369;45;RJ;SULDESTE;30;25.16;2022;0 Km;36;31530.04;1.7;3772.0;3034.0;32;N;N;EF;655;1.0;A2;BOM;B1;;-1;0.0
obs67;68;PE;NORDESTE;30;40.9;2021;0 Km;60;24239.18;1.19;2050.0;2501.0;0;N;N;EF;689;3.0;A1;RUIM;A3;S;0;0.0
obs1743;35;TO;NORTE;30;19.67;2021;0 Km;48;33190.2;1.26;3198.0;2583.0;29;N;N;EF;693;3.0;A1;BOM;C2;S;0;0.0
obs3312;69;RO;NORTE;30;32.28;2021;0 Km;49;71226.74;1.19;12300.0;1845.0;18;N;N;EF;679;3.0;A4;RUIM;B3;N;0;0.0
obs1714;39;PE;NORDESTE;30;54.31;2021;0 Km;48;42165.95;1.06;4510.0;6068.0;0;N;N;EF;699;3.0;A2;RUIM;A2;S;0;0.0
obs7263;35;PE;NORDESTE;30;31.46;2022;0 Km;49;63320.99;0.93;13120.0;8282.0;14;N;N;EF;669;3.0;A2;RUIM;B3;N;-1;0.0
obs5730;55;ES;SULDESTE;30;29.61;2022;0 Km;49;66424.56;0.93;8200.0;3321.0;23;N;N;EF;664;3.0;A4;PESS;B3;S;-1;0.0
obs5663;45;DF;CENTRO-OESTE;30;35.19;2021;0 Km;60;51586.16;1.31;6478.0;2583.0;20;N;N;EF;746;3.0;A2;PESS;B3;S;0;0.0
obs2053;41;BA;NORDESTE;30;0.0;2019;2 anos;48;31372.98;1.85;3936.0;1804.0;26;N;N;EF;636;;;;;;2;0.0
obs5584;33;SP;SULDESTE;30;42.7;2021;0 Km;60;42006.07;1.28;4510.0;1312.0;22;N;N;EF;691;2.0;A1;BOM;A3;N;0;0.0
obs48;49;PR;SUL;30;71.43;2021;0 Km;18;24110.67;0.0;6560.0;11849.0;20;N;N;EF;755;3.0;A4;BOM;A1;N;0;0.0
obs9828;56;PE;NORDESTE;30;42.25;2022;0 Km;49;28155.55;1.22;4018.0;820.0;21;N;N;EF;751;3.0;A2;BOM;A3;S;-1;0.0
obs7747;67;BA;NORDESTE;30;27.05;2021;0 Km;48;45061.4;1.11;20500.0;8487.0;6;N;N;EF;707;3.0;A2;RUIM;B2;S;0;0.0
obs337;57;CE;NORDESTE;30;23.33;2021;0 Km;60;41497.51;1.41;3280.0;1845.0;31;N;N;EF;673;2.0;A2;BOM;B3;S;0;0.0
obs6211;23;BA;NORDESTE;30;71.58;2022;0 Km;24;17358.3;0.87;4227.1;0.0;19;N;N;EF;617;3.0;A0;BOM;A1;S;-1;0.0
obs1806;29;SC;SUL;30;42.32;2013;>= 3 anos;48;13865.79;1.83;2050.0;492.0;22;N;N;EF;636;;;;;;8;0.0
obs770;67;MS;CENTRO-OESTE;30;72.47;2021;0 Km;36;11918.22;0.72;8200.0;8323.0;4;N;N;EF;747;3.0;A2;BOM;A1;N;0;0.0
obs2870;76;MG;SULDESTE;30;83.72;2014;>= 3 anos;36;6890.01;0.99;1640.0;1476.0;14;N;N;EF;654;;;;;;7;0.0
obs460;56;SP;SULDESTE;30;54.17;2021;0 Km;36;28835.32;0.84;12300.0;3321.0;7;N;N;EF;679;2.0;A4;BOM;A1;N;0;0.0
obs6857;29;AM;NORTE;30;0.0;2021;0 Km;60;44361.28;1.39;3444.0;2501.0;33;N;N;EF;733;1.0;A2;BOM;C3;;0;0.0
obs7464;64;PR;SUL;30;26.05;2021;2 anos;36;31828.01;1.67;2460.0;3116.0;50;N;N;EF;654;;;;;S;0;0.0
obs535;49;SP;SULDESTE;30;51.72;2015;>= 3 anos;24;24272.45;1.3;5740.0;1353.0;20;N;N;EF;704;;;;;S;6;0.0
obs2071;70;ES;SULDESTE;30;5.58;2022;0 Km;60;40804.12;1.46;3280.0;2624.0;32;N;N;EF;707;1.0;A4;RUIM;C3;S;-1;0.0
obs2109;36;SP;SULDESTE;30;70.21;2021;0 Km;48;20160.47;1.31;3444.0;3198.0;16;N;N;EF;612;3.0;A1;BOM;A2;N;0;0.0
obs6812;53;PR;SUL;30;37.85;2021;0 Km;60;47219.55;0.98;6560.0;15908.0;0;N;N;EF;763;3.0;A2;BOM;B3;S;0;0.0
obs1382;59;ES;SULDESTE;30;81.14;2021;0 Km;24;9581.18;0.99;3280.0;1148.0;14;N;N;EF;707;2.0;A4;BOM;A1;N;0;0.0
obs8809;33;PB;NORDESTE;30;46.29;2022;0 Km;48;35514.81;0.93;3690.0;1025.0;26;N;N;EF;678;3.0;A2;PESS;A2;S;-1;0.0
obs8808;66;ES;SULDESTE;30;65.07;2022;0 Km;36;32331.48;0.99;4100.0;2009.0;26;N;N;EF;760;3.0;A2;BOM;A1;N;-1;0.0
obs528;45;PB;NORDESTE;30;49.63;2021;0 Km;48;21318.56;1.1;2870.0;2337.0;20;N;N;EF;663;3.0;A1;RUIM;A2;N;0;0.0
obs1122;55;PA;NORTE;30;32.54;2021;0 Km;48;43996.17;1.07;4920.0;2624.0;24;N;N;EF;679;3.0;A2;PESS;B2;N;0;0.0
obs4375;41;PA;NORTE;30;71.71;2016;>= 3 anos;48;13333.39;1.63;1886.0;1271.0;22;N;N;EF;658;;;;;;5;0.0
obs5388;36;SP;SULDESTE;30;40.08;2022;0 Km;37;25603.61;1.13;3280.0;2501.0;29;N;N;EF;697;3.0;A2;BOM;A2;S;-1;0.0
obs9037;33;BA;NORDESTE;30;66.19;2022;0 Km;24;26963.75;0.0;4920.0;1353.0;24;N;N;EF;659;3.0;A2;RUIM;A1;S;-1;0.0
obs4964;55;MA;NORDESTE;30;10.12;2021;0 Km;60;38510.34;1.66;9840.0;5945.0;0;N;N;EF;724;3.0;A2;PESS;C3;S;0;0.0
obs8342;42;MG;SULDESTE;30;29.82;2016;>= 3 anos;48;28175.36;2.13;4920.0;1312.0;19;N;N;EF;657;;;;;S;5;0.0
obs6306;53;PE;NORDESTE;30;31.98;2015;>= 3 anos;48;17440.25;1.24;82.0;8282.0;18;N;N;EF;646;;;;;;6;0.0
obs3954;32;SP;SULDESTE;30;67.32;2021;0 Km;36;22949.27;1.02;6396.0;2911.0;0;N;N;EF;754;3.0;A2;BOM;A1;S;0;0.0
obs6402;28;SP;SULDESTE;30;11.98;2022;0 Km;60;38393.08;1.2;3444.0;1845.0;26;N;N;EF;706;2.0;A1;RUIM;C3;N;-1;1.0
obs9084;57;GO;CENTRO-OESTE;30;58.08;2022;0 Km;36;20014.89;0.76;4920.0;1886.0;13;N;N;EF;711;3.0;A4;BOM;A1;N;-1;0.0
obs2269;34;MG;SULDESTE;30;72.47;2021;0 Km;24;21971.71;0.0;6560.0;6027.0;14;N;N;EF;706;2.0;A2;BOM;A1;N;0;0.0
obs6668;46;SC;SUL;30;42.11;2012;>= 3 anos;48;28473.79;1.84;4756.0;1312.0;19;N;N;EF;646;;;;;S;9;0.0
obs1125;40;SP;SULDESTE;30;29.45;2021;0 Km;37;59192.88;0.87;4920.0;1353.0;41;N;N;EF;737;3.0;A2;BOM;B2;S;0;0.0
obs267;64;RS;SUL;30;33.31;2021;0 Km;49;62207.18;0.93;4100.0;1845.0;42;N;N;EF;683;1.0;A1;BOM;B3;;0;0.0
obs3822;51;RJ;SULDESTE;30;14.94;2018;>= 3 anos;48;50942.91;1.56;5308.66;6027.0;28;N;N;EF;678;;;;;N;3;0.0
obs7320;43;SC;SUL;60;13.58;2019;2 anos;48;30133.79;1.95;3198.0;1804.0;31;N;N;EF;640;;;;;S;2;0.0
obs2781;40;SE;NORDESTE;30;0.0;2022;0 Km;60;43257.92;1.34;3690.0;1804.0;29;N;N;EF;697;3.0;A1;BOM;C3;N;-1;0.0
obs1145;76;PB;NORDESTE;30;20.01;2021;0 Km;60;73186.19;1.0;6560.0;943.0;0;N;N;EF;692;3.0;A2;PESS;B3;S;0;0.0
obs6304;35;SC;SUL;30;0.0;2014;>= 3 anos;48;26398.79;1.58;3034.0;2624.0;0;N;N;EF;710;;;;;S;7;0.0
obs4881;54;BA;NORDESTE;30;54.01;2022;0 Km;36;29021.47;0.9;3690.0;861.0;27;N;S;EF;706;2.0;A2;BOM;A1;S;-1;0.0
obs3150;35;PR;SUL;30;37.95;2022;0 Km;60;28164.28;1.03;8200.0;1804.0;8;N;N;EF;737;1.0;A2;BOM;B3;;-1;0.0
obs4517;51;SP;SULDESTE;30;59.43;2022;0 Km;24;30931.98;0.0;4592.0;8446.0;29;N;N;EF;755;3.0;A4;BOM;A1;S;-1;0.0
obs5622;36;DF;CENTRO-OESTE;30;14.44;2022;0 Km;60;37548.37;1.19;3690.0;5863.0;24;N;N;EF;697;1.0;A2;BOM;C3;;-1;0.0
obs9436;36;PA;NORTE;30;5.28;2022;0 Km;48;44364.6;1.42;5330.0;1353.0;0;N;N;EF;710;1.0;A1;BOM;C2;;-1;0.0
obs4644;60;SC;SUL;60;36.17;2020;2 anos;48;38433.79;1.08;3526.0;2624.0;30;N;N;EF;701;;;;;N;1;0.0
obs2768;65;RS;SUL;30;14.17;2022;0 Km;60;35989.14;1.46;3575.2;861.0;26;N;N;EF;692;3.0;A2;BOM;C3;S;-1;0.0
obs2834;58;DF;CENTRO-OESTE;30;24.9;2021;0 Km;60;44480.53;1.54;6970.0;1353.0;16;N;N;EF;683;3.0;A2;PESS;B3;S;0;0.0
obs4939;56;SP;SULDESTE;30;35.01;2017;>= 3 anos;48;22607.31;1.58;3936.0;1845.0;17;N;N;EF;649;;;;;;4;0.0
obs3764;53;RJ;SULDESTE;30;33.43;2018;>= 3 anos;48;20747.51;1.26;3690.0;3731.0;16;N;N;EF;640;;;;;;3;0.0
obs3812;78;AL;NORDESTE;30;71.23;2021;0 Km;37;21786.67;1.34;2460.0;1845.0;0;N;N;EF;728;3.0;A4;RUIM;A2;S;0;0.0
obs4721;42;AM;NORTE;30;29.38;2021;0 Km;49;30768.37;1.16;3362.0;1886.0;28;N;N;EF;669;1.0;A2;RUIM;B3;;0;0.0
obs474;28;RN;NORDESTE;30;63.32;2021;0 Km;18;31203.02;0.0;9840.0;1230.0;18;N;N;EF;746;3.0;A1;RUIM;A1;S;0;0.0
obs8810;72;RJ;SULDESTE;30;0.0;2022;0 Km;36;66843.74;0.99;5740.0;1271.0;40;N;N;EF;760;1.0;A4;BOM;C1;;-1;0.0
obs5618;85;MG;SULDESTE;30;61.0;2021;0 Km;18;31778.07;0.0;12300.0;2050.0;14;N;N;EF;720;3.0;A4;BOM;A1;N;0;0.0
obs976;39;PR;SUL;30;31.61;2012;>= 3 anos;36;12228.28;1.64;4100.0;1353.0;11;S;N;EF;647;;;;;S;9;0.0
obs4474;52;RJ;SULDESTE;30;74.0;2021;0 Km;24;23235.85;0.0;19680.0;16031.0;5;N;N;EF;715;3.0;A4;BOM;A1;S;0;0.0
obs6820;29;SP;SULDESTE;30;0.0;2014;>= 3 anos;48;30085.61;2.01;3755.6;1312.0;26;N;N;EF;681;;;;;N;7;0.0
obs2536;59;SC;SUL;30;31.44;2014;>= 3 anos;48;21419.62;1.97;4264.0;1845.0;16;N;N;EF;649;;;;;S;7;0.0
obs7999;58;PE;NORDESTE;30;66.0;2017;>= 3 anos;48;16113.08;1.18;2460.0;2583.0;18;N;N;EF;643;;;;;N;4;1.0
obs2113;44;PE;NORDESTE;30;48.71;2021;0 Km;24;43256.57;0.83;12300.0;6027.0;16;N;N;EF;669;2.0;A4;BOM;A1;S;0;0.0
obs9380;47;SP;SULDESTE;30;48.72;2018;>= 3 anos;36;34252.05;1.27;8200.0;1271.0;15;N;N;EF;661;;;;;N;3;0.0
obs7105;36;BA;NORDESTE;30;53.62;2022;0 Km;48;38099.17;0.99;19680.0;4633.0;5;N;N;EF;746;3.0;A2;BOM;A2;S;-1;0.0
obs2579;62;MA;NORDESTE;30;49.41;2021;0 Km;49;39147.78;0.93;5330.0;1845.0;21;N;N;EF;672;3.0;A2;RUIM;A3;S;0;0.0
obs4287;42;PR;SUL;30;30.26;2022;0 Km;49;61270.49;0.93;9840.0;6068.0;0;N;N;EF;714;3.0;A4;BOM;B3;N;-1;0.0
obs6977;65;TO;NORTE;30;63.4;2022;0 Km;48;22545.71;1.07;4100.0;3280.0;15;N;N;EF;683;3.0;A2;BOM;A2;N;-1;0.0
obs7172;65;MG;SULDESTE;30;28.0;2022;0 Km;49;52897.45;1.05;8200.0;4264.0;18;N;N;EF;760;3.0;A2;BOM;B3;S;-1;0.0
obs8548;39;PA;NORTE;30;23.35;2021;0 Km;49;67453.13;1.01;6150.0;2419.0;32;N;N;EF;682;3.0;A2;BOM;B3;;0;0.0
obs2160;49;SP;SULDESTE;30;44.44;2013;>= 3 anos;48;11410.61;1.33;2296.0;6068.0;14;N;N;EF;687;;;;;S;8;0.0
obs2210;55;SE;NORDESTE;30;28.2;2022;0 Km;49;30547.3;1.16;4920.0;1845.0;19;N;N;EF;672;3.0;A1;RUIM;B3;S;-1;0.0
obs2462;43;AP;NORTE;30;31.61;2021;0 Km;60;45794.42;1.12;3526.0;820.0;31;N;N;EF;693;1.0;A2;BOM;B3;S;0;0.0
obs2767;52;SE;NORDESTE;30;26.79;2015;>= 3 anos;48;21623.14;1.43;7301.58;3239.0;8;N;N;EF;668;;;;;N;6;0.0
obs3676;61;RN;NORDESTE;30;0.0;2018;>= 3 anos;24;14568.38;0.88;11480.0;9184.0;5;N;N;EF;715;;;;;S;3;0.0
obs8022;79;SP;SULDESTE;30;29.46;2022;0 Km;49;30603.61;0.85;2050.0;1476.0;39;N;N;EF;705;2.0;A4;RUIM;B3;N;-1;0.0
obs3635;65;TO;NORTE;30;33.65;2022;0 Km;37;52642.47;0.87;27060.0;15867.0;0;N;N;EF;711;3.0;A1;BOM;B2;N;-1;0.0
obs54;55;SP;SULDESTE;30;20.01;2021;0 Km;48;33165.66;1.31;3034.0;820.0;0;N;N;EF;685;3.0;A4;BOM;B2;N;0;0.0
obs7287;74;BA;NORDESTE;30;76.53;2021;0 Km;36;19185.13;0.9;6560.0;1845.0;9;N;N;EF;760;2.0;A2;BOM;A1;S;0;0.0
obs8170;56;CE;NORDESTE;30;42.28;2022;0 Km;49;27990.09;1.16;1465.34;943.0;0;N;N;EF;768;3.0;A1;BOM;A3;S;-1;0.0
obs3282;43;SP;SULDESTE;30;29.07;2021;0 Km;60;45746.05;1.07;98400.0;4264.0;1;N;N;EF;733;3.0;A2;BOM;B3;S;0;0.0
obs2700;33;PE;NORDESTE;30;73.0;2021;0 Km;24;27288.81;0.0;5444.8;1886.0;22;N;N;EF;746;3.0;A1;BOM;A1;S;0;0.0
obs5141;39;SE;NORDESTE;30;13.03;2022;0 Km;60;48067.35;1.14;8200.0;2993.0;14;N;N;EF;746;2.0;A2;BOM;C3;S;-1;0.0
obs1846;51;PE;NORDESTE;30;28.38;2021;0 Km;49;38862.55;1.16;4920.0;1845.0;24;N;N;EF;706;3.0;A2;PESS;B3;S;0;0.0
obs4713;69;MG;SULDESTE;30;0.0;2021;0 Km;60;43440.72;1.25;3608.0;861.0;28;N;N;EF;705;3.0;A4;RUIM;C3;S;0;0.0
obs9055;70;MG;SULDESTE;30;80.57;2021;0 Km;18;28848.49;0.78;29520.0;8528.0;6;N;N;EF;760;3.0;A4;BOM;A1;N;0;0.0
obs5790;64;SP;SULDESTE;30;28.22;2016;>= 3 anos;48;30085.61;1.63;2870.0;6191.0;31;N;N;EF;665;;;;;S;5;0.0
obs1275;43;SP;SULDESTE;30;58.0;2021;0 Km;12;19841.09;0.0;9840.0;11726.0;16;N;N;EF;746;3.0;A4;BOM;A1;S;0;0.0
obs1533;70;GO;CENTRO-OESTE;30;0.0;2021;0 Km;60;52279.28;1.29;5576.0;2583.0;0;S;N;EF;768;3.0;A4;BOM;C3;S;0;0.0
obs2280;59;RJ;SULDESTE;30;79.82;2016;>= 3 anos;36;10355.91;1.02;3198.0;1845.0;11;N;N;EF;675;;;;;N;5;0.0
obs6801;79;PI;NORDESTE;30;70.45;2022;0 Km;36;18272.96;1.04;2460.0;1353.0;0;N;N;EF;768;2.0;A2;BOM;A1;N;-1;0.0
obs5529;53;ES;SULDESTE;30;65.83;2022;0 Km;24;25865.78;0.11;3772.0;1968.0;30;N;N;EF;715;3.0;A4;RUIM;A1;N;-1;0.0
obs2850;69;ES;SULDESTE;30;32.79;2022;0 Km;49;51999.16;0.83;4100.0;1353.0;0;N;N;EF;698;3.0;A4;RUIM;B3;;-1;0.0
obs731;63;PE;NORDESTE;30;33.29;2021;0 Km;37;64805.38;0.81;6253.13;6068.0;36;N;N;EF;751;3.0;A2;BOM;B2;S;0;0.0
obs9689;37;MA;NORDESTE;30;29.3;2022;0 Km;49;58965.69;1.07;4920.0;2460.0;36;N;N;EF;697;1.0;A2;BOM;B3;;-1;0.0
obs1301;65;AL;NORDESTE;30;65.5;2021;0 Km;60;26890.34;1.02;4100.0;1927.0;15;N;N;EF;679;3.0;A2;RUIM;A3;S;0;0.0
obs849;50;PE;NORDESTE;30;33.31;2021;0 Km;49;58425.22;0.83;3690.0;1845.0;44;N;N;EF;755;1.0;A1;BOM;B3;S;0;0.0
obs5069;42;PR;SUL;30;37.07;2013;>= 3 anos;48;11979.28;1.95;2870.0;820.0;14;N;N;EF;647;;;;;;8;0.0
obs7276;37;PE;NORDESTE;30;9.09;2016;>= 3 anos;48;25409.91;1.87;4100.0;1435.0;20;S;N;EF;664;;;;;S;5;0.0
obs4197;43;SP;SULDESTE;30;63.1;2021;0 Km;48;19027.34;0.67;4510.0;3444.0;0;N;N;EF;746;3.0;A2;BOM;A2;S;0;0.0
obs8471;55;MG;SULDESTE;90;63.64;2019;2 anos;48;21000.01;1.08;4100.0;820.0;14;N;N;EF;701;;;;;N;2;0.0
obs214;41;RS;SUL;30;38.08;2021;0 Km;60;27033.44;1.02;3690.0;4387.0;17;N;N;EF;733;3.0;A2;BOM;B3;N;0;0.0
obs9069;55;SP;SULDESTE;30;83.0;2022;0 Km;36;10734.52;0.0;8200.0;4264.0;3;N;N;EF;705;3.0;A4;RUIM;A1;N;-1;0.0
obs2231;54;SC;SUL;30;26.37;2021;0 Km;60;51831.65;1.09;6150.0;1886.0;19;N;N;EF;746;2.0;A4;BOM;B3;S;0;0.0
obs4191;30;RJ;SULDESTE;30;16.98;2021;0 Km;60;46288.27;1.52;6150.0;1804.0;20;N;N;EF;678;1.0;A2;BOM;C3;N;0;0.0
obs5728;51;MG;SULDESTE;30;67.57;2021;0 Km;24;28712.95;0.0;8200.0;4305.0;0;N;N;EF;717;3.0;A4;BOM;A1;S;0;0.0
obs481;51;SP;SULDESTE;30;53.65;2015;>= 3 anos;48;21608.98;1.56;3280.0;2542.0;19;N;S;EF;627;;;;;S;6;0.0
obs2340;54;PE;NORDESTE;30;37.35;2021;0 Km;49;58492.88;0.88;4018.0;1435.0;0;N;N;EF;723;3.0;A2;BOM;B3;S;0;0.0
obs7027;27;SP;SULDESTE;30;84.92;2022;0 Km;37;8017.28;1.08;4100.0;1394.0;7;N;N;EF;689;3.0;A1;BOM;A2;S;-1;0.0
obs9421;63;SP;SULDESTE;30;50.75;2021;0 Km;48;33179.69;0.88;3690.0;2993.0;0;N;N;EF;777;3.0;A4;BOM;A2;S;0;0.0
obs6186;70;SP;SULDESTE;30;6.92;2012;>= 3 anos;48;20042.61;1.98;3854.0;1599.0;17;N;N;EF;678;;;;;S;9;0.0
obs7672;65;SC;SUL;30;64.62;2016;>= 3 anos;36;20173.79;1.03;3690.0;1804.0;19;N;N;EF;654;;;;;S;5;0.0
obs3555;69;MA;NORDESTE;30;46.11;2022;0 Km;48;34856.36;0.99;3116.0;3198.0;0;N;N;EF;711;3.0;A1;BOM;A2;S;-1;0.0
obs8590;32;AM;NORTE;30;44.56;2022;0 Km;49;24823.08;1.22;2050.0;861.0;37;N;N;EF;658;1.0;A1;PESS;A3;;-1;1.0
obs8823;30;MG;SULDESTE;30;65.41;2018;>= 3 anos;36;14968.4;0.81;3280.0;820.0;15;N;N;EF;712;;;;;N;3;0.0
obs5409;47;RJ;SULDESTE;30;25.26;2021;0 Km;60;47807.17;1.25;4091.8;1558.0;29;N;N;EF;715;3.0;A2;RUIM;B3;S;0;0.0
obs349;62;PA;NORTE;30;72.57;2021;0 Km;24;28018.58;0.0;16400.0;11685.0;0;N;N;EF;777;3.0;A2;BOM;A1;S;0;0.0
obs5371;49;PB;NORDESTE;30;87.26;2021;0 Km;12;10714.36;0.41;6560.0;2009.0;14;S;N;EF;755;3.0;A2;BOM;A1;N;0;0.0
obs7390;28;GO;CENTRO-OESTE;30;42.28;2022;0 Km;36;26903.89;1.09;4510.0;1394.0;20;N;N;EF;667;3.0;A1;PESS;A1;;-1;0.0
obs5034;33;AL;NORDESTE;30;32.48;2022;0 Km;60;29151.26;1.23;4018.0;3157.0;17;N;N;EF;733;2.0;A2;BOM;B3;;-1;0.0
obs3341;39;RS;SUL;30;65.06;2022;0 Km;24;29100.97;0.0;16400.0;6027.0;7;N;N;EF;746;3.0;A4;BOM;A1;S;-1;0.0
obs7663;34;SC;SUL;30;64.62;2016;>= 3 anos;60;19260.79;1.11;2706.0;1845.0;0;N;N;EF;704;;;;;S;5;0.0
obs9102;26;SP;SULDESTE;30;18.93;2022;0 Km;48;36360.25;1.31;2870.0;1763.0;35;N;N;EF;725;2.0;A1;BOM;C2;S;-1;0.0
obs3114;50;RR;NORTE;30;23.34;2021;0 Km;49;44732.2;1.05;4100.0;2050.0;32;N;N;EF;687;2.0;A1;BOM;B3;S;0;0.0
obs5383;63;SC;SUL;30;30.01;2022;0 Km;60;32963.26;1.55;4100.0;1804.0;21;N;N;EF;660;2.0;A4;PESS;B3;S;-1;0.0
obs7799;25;SE;NORDESTE;30;69.23;2016;>= 3 anos;36;13830.11;1.1;1385.8;1394.0;35;N;N;EF;693;;;;;S;5;0.0
obs4381;34;GO;CENTRO-OESTE;30;41.41;2022;0 Km;36;24323.09;0.88;4100.0;1722.0;19;N;N;EF;733;3.0;A2;BOM;A1;N;-1;0.0
obs5436;27;SC;SUL;30;10.85;2022;0 Km;60;41761.26;1.29;3444.0;820.0;30;N;N;EF;689;1.0;A2;BOM;C3;;-1;1.0
obs7817;61;RJ;SULDESTE;30;0.0;2022;0 Km;60;43046.29;1.35;12300.0;8487.0;8;N;N;EF;720;3.0;A4;BOM;C3;S;-1;0.0
obs2127;35;ES;SULDESTE;30;31.11;2021;2 anos;48;26943.12;1.61;3280.0;779.0;0;N;N;EF;674;;;;;;0;0.0
obs5938;57;AL;NORDESTE;30;44.36;2018;>= 3 anos;48;31620.51;1.12;7380.0;2665.0;0;N;N;EF;675;;;;;S;3;0.0
obs5017;34;GO;CENTRO-OESTE;30;0.0;2022;0 Km;60;44077.09;1.34;6560.0;1189.0;17;N;N;EF;682;3.0;A1;BOM;C3;N;-1;0.0
obs3337;29;GO;CENTRO-OESTE;30;15.31;2022;0 Km;48;46733.09;1.21;3444.0;820.0;37;N;N;EF;693;3.0;A1;BOM;C2;N;-1;0.0
obs7198;33;SC;SUL;30;30.4;2013;>= 3 anos;36;20090.79;2.01;7380.0;5863.0;11;N;N;EF;653;;;;;N;8;0.0
obs5059;31;AM;NORTE;30;46.96;2016;>= 3 anos;36;13338.37;1.6;1548.75;820.0;33;N;N;EF;636;;;;;;5;0.0
obs7190;47;PB;NORDESTE;30;37.7;2022;0 Km;48;50943.63;1.2;6560.0;8446.0;22;N;N;EF;706;3.0;A2;RUIM;B2;S;-1;0.0
obs5378;46;SP;SULDESTE;30;16.67;2022;0 Km;48;46438.81;1.09;6560.0;4428.0;19;N;N;EF;715;3.0;A4;BOM;C2;S;-1;0.0
obs2429;43;GO;CENTRO-OESTE;30;91.91;2022;0 Km;12;5790.02;0.0;11480.0;8487.0;0;N;N;EF;763;2.0;A4;BOM;A1;N;-1;0.0
obs7979;55;RS;SUL;30;33.34;2022;0 Km;49;55739.75;0.96;4920.0;1845.0;0;N;N;EF;751;3.0;A4;BOM;B3;S;-1;0.0
obs6703;25;SP;SULDESTE;30;61.81;2022;0 Km;12;23093.95;0.0;0.82;4346.0;23;N;N;EF;738;3.0;A1;BOM;A1;N;-1;0.0
obs854;34;SP;SULDESTE;30;43.24;2018;>= 3 anos;48;35892.45;1.22;5740.0;1845.0;18;N;N;EF;655;;;;;S;3;0.0
obs7505;41;DF;CENTRO-OESTE;30;4.59;2022;0 Km;60;41756.47;1.12;4920.0;1312.0;19;N;N;EF;733;3.0;A1;BOM;C3;S;-1;0.0
obs5531;74;RJ;SULDESTE;30;86.61;2022;0 Km;30;8963.17;0.11;4100.0;1804.0;0;N;N;EF;777;3.0;A4;BOM;A1;S;-1;0.0
obs9342;69;PE;NORDESTE;30;53.91;2022;0 Km;12;36262.99;0.64;11070.0;902.0;0;N;N;EF;681;1.0;A2;BOM;A1;;-1;0.0
obs9330;48;SP;SULDESTE;30;34.6;2013;>= 3 anos;36;16739.05;1.07;4920.0;6027.0;11;N;N;EF;712;;;;;S;8;0.0
obs9176;70;PE;NORDESTE;30;36.2;2022;0 Km;48;30155.02;0.99;3198.0;2911.0;26;N;N;EF;711;3.0;A1;BOM;B2;S;-1;0.0
obs6280;91;MG;SULDESTE;30;0.0;2021;0 Km;60;43608.38;1.06;26240.0;2624.0;0;N;N;EF;760;3.0;A4;BOM;C3;;0;0.0
obs4459;47;SP;SULDESTE;30;72.11;2021;0 Km;24;19537.14;0.0;12210.01;4387.0;7;N;N;EF;755;3.0;A2;BOM;A1;N;0;0.0
obs8703;45;RS;SUL;30;63.13;2022;0 Km;24;33105.55;0.0;6560.0;8364.0;21;N;N;EF;755;2.0;A4;BOM;A1;N;-1;0.0
obs3027;22;CE;NORDESTE;30;17.97;2022;0 Km;60;35273.34;1.42;4018.0;1886.0;22;N;N;EF;685;1.0;A2;BOM;C3;S;-1;0.0
obs5840;69;CE;NORDESTE;30;83.0;2022;0 Km;36;10677.5;0.0;2050.0;3198.0;0;N;N;EF;737;3.0;A1;BOM;A1;S;-1;0.0
obs4262;43;SC;SUL;30;20.01;2021;0 Km;60;35949.7;1.46;3444.0;1353.0;27;N;N;EF;678;2.0;A2;BOM;B3;N;0;0.0
obs3881;42;RS;SUL;30;64.46;2022;0 Km;12;15903.14;0.58;6973.12;5904.0;19;N;N;EF;678;3.0;A4;RUIM;A1;S;-1;0.0
obs7338;69;PR;SUL;30;46.14;2021;0 Km;48;81372.37;1.21;9840.0;2460.0;22;N;N;EF;751;3.0;A4;BOM;A2;N;0;0.0
obs7207;53;SP;SULDESTE;30;47.92;2022;0 Km;49;23038.91;1.05;3280.0;4264.0;20;N;N;EF;700;3.0;A4;RUIM;A3;N;-1;0.0
obs5855;45;SC;SUL;30;59.23;2016;>= 3 anos;48;26431.99;1.14;3690.0;1886.0;19;N;N;EF;675;;;;;N;5;0.0
obs8329;36;PR;SUL;30;42.07;2018;>= 3 anos;48;22357.71;1.65;2607.6;1845.0;26;N;N;EF;658;;;;;S;3;0.0
obs270;71;RS;SUL;30;59.3;2021;0 Km;49;17804.67;1.16;4100.0;1886.0;13;N;N;EF;711;3.0;A2;BOM;A3;N;0;0.0
obs8557;35;PA;NORTE;30;29.76;2022;0 Km;49;31187.52;1.22;5740.0;1189.0;16;N;N;EF;658;3.0;A1;BOM;B3;N;-1;0.0
obs2047;68;RS;SUL;30;74.84;2016;>= 3 anos;48;8831.54;0.85;4100.0;2952.0;5;N;N;EF;694;;;;;S;5;0.0
obs8102;41;RR;NORTE;30;38.49;2021;0 Km;49;35475.15;1.1;4181.18;3362.0;25;N;N;EF;667;3.0;A2;RUIM;B3;S;0;0.0
obs3373;39;PE;NORDESTE;30;22.1;2022;0 Km;60;33128.08;1.25;2870.0;1517.0;28;N;N;EF;706;1.0;A1;BOM;B3;S;-1;0.0
obs5517;34;PE;NORDESTE;30;20.99;2016;>= 3 anos;48;30019.73;1.69;4100.0;1353.0;23;N;N;EF;681;;;;;N;5;0.0
obs6348;36;PA;NORTE;30;38.55;2022;0 Km;48;57452.87;1.26;5932.7;4264.0;28;N;N;EF;665;3.0;A2;BOM;B2;S;-1;0.0
obs5460;61;SC;SUL;30;20.01;2022;0 Km;60;67736.72;1.66;5276.4;5904.0;35;N;N;EF;679;3.0;A4;RUIM;B3;S;-1;1.0
obs3001;61;PE;NORDESTE;30;49.7;2021;0 Km;60;21259.91;0.92;3198.0;1558.0;15;N;N;EF;711;3.0;A2;BOM;A3;S;0;0.0
obs5926;40;PR;SUL;30;0.0;2016;>= 3 anos;60;39381.01;1.62;3280.0;1845.0;31;N;N;EF;710;;;;;S;5;0.0
obs9677;38;RJ;SULDESTE;30;33.45;2022;0 Km;60;59760.0;1.55;16400.0;1107.0;9;N;N;EF;678;3.0;A1;RUIM;B3;S;-1;0.0
obs5888;34;DF;CENTRO-OESTE;30;0.0;2021;2 anos;60;39415.87;1.28;2050.0;1353.0;0;N;N;EF;710;;;;;S;0;0.0
obs8394;72;BA;NORDESTE;30;16.44;2022;0 Km;60;47787.32;1.2;5740.0;1927.0;20;N;N;EF;760;3.0;A2;RUIM;C3;S;-1;0.0
obs3332;38;SP;SULDESTE;30;69.31;2022;0 Km;24;26518.27;0.0;4592.0;1927.0;0;S;N;EF;763;3.0;A4;BOM;A1;N;-1;0.0
obs671;53;SC;SUL;30;27.2;2019;2 anos;60;23860.01;1.43;3116.0;5986.0;19;N;N;EF;675;;;;;N;2;0.0
obs2383;60;CE;NORDESTE;30;56.94;2022;0 Km;36;18238.42;0.99;4674.0;2501.0;13;N;N;EF;679;3.0;A1;RUIM;A1;S;-1;0.0
obs3745;46;SP;SULDESTE;30;0.0;2022;0 Km;60;44967.51;1.39;10233.6;6068.0;11;N;N;EF;702;2.0;A2;BOM;C3;S;-1;0.0
obs3905;31;SP;SULDESTE;30;0.0;2022;0 Km;48;48272.57;1.04;4838.0;1804.0;27;N;N;EF;746;3.0;A1;BOM;C2;S;-1;0.0
obs7925;42;PE;NORDESTE;30;47.92;2018;>= 3 anos;60;21259.91;1.24;3280.0;15785.0;16;N;N;EF;653;;;;;S;3;0.0
obs6530;41;PR;SUL;30;0.0;2022;0 Km;60;43953.48;1.39;4920.0;4305.0;0;N;N;EF;710;3.0;A2;BOM;C3;S;-1;0.0
obs7312;53;SP;SULDESTE;30;71.58;2022;0 Km;36;17388.27;0.87;5740.0;2583.0;9;N;N;EF;742;3.0;A4;BOM;A1;N;-1;0.0
obs9021;52;SP;SULDESTE;30;40.86;2017;>= 3 anos;48;23279.45;1.23;4083.6;3034.0;0;N;N;EF;685;;;;;S;4;0.0
obs3076;43;MA;NORDESTE;30;28.5;2020;2 anos;48;32360.04;1.68;3280.0;2501.0;31;N;N;EF;640;;;;;S;1;0.0
obs316;33;SP;SULDESTE;30;37.81;2018;>= 3 anos;36;28339.45;1.33;3690.0;1312.0;27;N;N;EF;666;;;;;S;3;0.0
obs6832;53;GO;CENTRO-OESTE;30;88.1;2022;0 Km;24;9713.76;0.25;7380.0;2378.0;5;N;N;EF;746;3.0;A2;BOM;A1;S;-1;0.0
obs5275;34;PB;NORDESTE;30;73.54;2018;>= 3 anos;24;34226.6;0.78;13120.0;4264.0;12;N;N;EF;661;;;;;S;3;0.0
obs6173;45;PE;NORDESTE;30;50.19;2022;0 Km;36;19019.74;0.84;4920.0;1763.0;13;N;S;EF;706;3.0;A2;RUIM;A1;N;-1;0.0
obs4564;46;MA;NORDESTE;30;20.39;2018;>= 3 anos;48;35680.04;2.02;4510.0;1394.0;26;N;N;EF;662;;;;;;3;0.0
obs8350;27;ES;SULDESTE;30;43.51;2017;>= 3 anos;48;39475.29;1.91;6970.0;820.0;18;N;N;EF;637;;;;;;4;0.0
obs8395;33;BA;NORDESTE;30;36.15;2022;0 Km;48;52356.77;1.13;5330.0;1886.0;26;N;N;EF;737;3.0;A2;BOM;B2;S;-1;0.0
obs9665;40;RS;SUL;30;35.7;2022;0 Km;49;52901.05;1.01;7790.0;3362.0;20;N;N;EF;737;2.0;A2;BOM;B3;S;-1;0.0
obs251;60;RJ;SULDESTE;30;20.31;2013;>= 3 anos;48;27470.51;1.96;4920.0;2542.0;18;N;N;EF;661;;;;;S;8;0.0
obs265;37;PE;NORDESTE;30;1.67;2021;0 Km;60;42670.6;1.2;3936.0;1640.0;25;N;N;EF;706;3.0;A2;RUIM;C3;S;0;0.0
obs9648;46;MG;SULDESTE;30;1.71;2022;0 Km;60;43119.51;1.35;3854.0;1189.0;0;N;N;EF;732;3.0;A4;BOM;C3;;-1;0.0
obs1653;37;PE;NORDESTE;30;58.88;2021;0 Km;24;58221.47;1.06;9840.0;1517.0;28;N;N;EF;678;3.0;A2;BOM;A1;N;0;0.0
obs7076;34;SP;SULDESTE;30;3.0;2022;0 Km;60;40792.08;1.67;10660.0;1353.0;10;N;N;EF;678;3.0;A1;RUIM;C3;S;-1;0.0
obs7146;31;PR;SUL;30;39.36;2021;0 Km;49;133836.67;1.17;22140.0;943.0;17;N;N;EF;658;3.0;A1;BOM;B3;S;0;1.0
obs5736;64;PA;NORTE;30;34.58;2018;>= 3 anos;60;20970.22;1.83;2870.0;1066.0;20;N;N;EF;678;;;;;S;3;0.0
obs1169;60;PE;NORDESTE;30;51.22;2021;0 Km;48;24373.37;0.99;2870.0;2706.0;22;N;N;EF;751;2.0;A2;BOM;A2;S;0;0.0
obs6282;53;AM;NORTE;30;31.03;2018;>= 3 anos;48;21887.37;1.86;2472.3;1558.0;29;N;N;EF;640;;;;;S;3;1.0
obs4310;35;PR;SUL;30;60.97;2022;0 Km;12;26931.57;0.0;7380.0;1845.0;31;N;N;EF;678;2.0;A2;BOM;A1;S;-1;0.0
obs2094;58;SC;SUL;30;36.13;2021;0 Km;60;36018.49;1.34;3690.0;1312.0;24;N;N;EF;656;3.0;A1;BOM;B3;S;0;0.0
obs1813;64;BA;NORDESTE;30;20.79;2022;0 Km;60;32371.47;1.55;12300.0;1394.0;7;N;N;EF;683;1.0;A2;BOM;B3;S;-1;0.0
obs6144;67;MA;NORDESTE;30;31.35;2022;0 Km;60;37255.09;1.12;3444.0;1353.0;26;N;N;EF;707;3.0;A1;BOM;B3;S;-1;0.0
obs4483;61;SP;SULDESTE;30;81.19;2022;0 Km;48;14203.68;0.67;4100.0;2091.0;0;N;N;EF;777;3.0;A4;BOM;A2;S;-1;0.0
obs7915;58;GO;CENTRO-OESTE;30;35.47;2021;0 Km;48;46153.25;0.88;4100.0;2050.0;29;N;N;EF;751;3.0;A2;BOM;B2;S;0;0.0
obs1387;31;ES;SULDESTE;30;50.23;2018;>= 3 anos;36;29997.52;1.13;2624.0;1804.0;40;N;N;EF;644;;;;;;3;0.0
obs2095;38;RS;SUL;30;40.5;2021;0 Km;37;30422.91;1.14;3416.94;2583.0;32;N;N;EF;669;3.0;A2;RUIM;A2;S;0;0.0
obs3734;45;SC;SUL;30;39.98;2022;0 Km;48;31665.14;0.99;3280.0;1394.0;26;N;N;EF;746;1.0;A1;BOM;B2;S;-1;0.0
obs6019;52;ES;SULDESTE;30;64.93;2022;0 Km;24;30340.31;0.11;8200.0;615.0;16;N;N;EF;755;1.0;A4;BOM;A1;;-1;0.0
obs9179;59;SP;SULDESTE;30;85.79;2022;0 Km;36;8958.51;0.0;5330.0;1804.0;0;N;N;EF;709;1.0;A4;RUIM;A1;;-1;0.0
obs3621;67;SC;SUL;30;81.91;2022;0 Km;18;10411.87;0.4;4920.0;12628.0;12;N;N;EF;747;3.0;A4;BOM;A1;S;-1;0.0
obs2803;25;SP;SULDESTE;30;50.33;2020;2 anos;48;31994.61;1.44;4100.0;1148.0;23;N;N;EF;659;;;;;;1;0.0
obs3933;43;SP;SULDESTE;30;25.35;2020;2 anos;24;46876.51;1.29;6314.0;2501.0;36;N;N;EF;678;;;;;N;1;0.0
obs5791;56;PA;NORTE;30;6.35;2022;0 Km;48;43368.6;1.37;6560.0;3239.0;19;N;N;EF;707;2.0;A2;BOM;C2;S;-1;0.0
obs2842;41;SP;SULDESTE;30;56.02;2022;0 Km;48;19687.37;1.2;3034.0;1886.0;18;N;N;EF;665;3.0;A2;BOM;A2;N;-1;0.0
obs1702;44;RJ;SULDESTE;30;20.83;2021;0 Km;60;32209.81;1.05;8200.0;6150.0;8;N;N;EF;746;3.0;A2;BOM;B3;S;0;0.0
obs910;47;GO;CENTRO-OESTE;30;24.63;2021;0 Km;60;43153.89;1.35;7380.0;1845.0;14;N;N;EF;674;1.0;A1;RUIM;B3;;0;0.0
obs437;50;RJ;SULDESTE;30;29.22;2021;0 Km;37;59684.47;1.31;8610.0;1927.0;0;S;N;EF;763;3.0;A2;BOM;B2;S;0;0.0
obs1772;31;SP;SULDESTE;30;49.17;2021;0 Km;36;20864.31;0.93;6560.0;1271.0;10;N;N;EF;733;3.0;A1;BOM;A1;N;0;0.0
obs7687;29;SP;SULDESTE;30;27.66;2022;0 Km;60;44778.27;1.14;3690.0;1435.0;29;N;N;EF;678;3.0;A1;PESS;B3;S;-1;0.0
obs7260;63;SC;SUL;30;49.7;2017;>= 3 anos;48;36358.79;1.14;5740.0;8405.0;18;N;N;EF;660;;;;;N;4;0.0
obs9345;47;SP;SULDESTE;30;26.75;2021;0 Km;37;64339.92;0.93;14350.0;2378.0;0;N;N;EF;723;2.0;A4;PESS;B2;S;0;0.0
obs3466;53;GO;CENTRO-OESTE;30;0.0;2022;0 Km;60;41753.09;1.34;4920.0;2337.0;21;N;N;EF;706;1.0;A2;BOM;C3;;-1;0.0
obs8160;61;SP;SULDESTE;30;17.12;2018;>= 3 anos;60;29255.61;1.76;4100.0;1353.0;0;N;N;EF;666;;;;;;3;0.0
obs6867;56;SP;SULDESTE;30;42.8;2022;0 Km;60;34485.54;1.41;4920.0;2624.0;18;N;N;EF;679;3.0;A4;PESS;A3;N;-1;0.0
obs47;59;MS;CENTRO-OESTE;30;25.13;2015;>= 3 anos;36;13489.59;1.64;4100.0;1804.0;12;N;N;EF;678;;;;;N;6;0.0
obs1442;34;PE;NORDESTE;30;20.85;2021;0 Km;60;41062.52;1.51;3280.0;1804.0;31;N;N;EF;669;3.0;A2;BOM;B3;N;0;0.0
obs5407;20;PE;NORDESTE;30;80.78;2021;0 Km;36;12712.57;1.18;12300.0;0.0;3;N;N;EF;617;1.0;A0;BOM;A1;;0;0.0
obs9175;43;AP;NORTE;30;48.08;2022;0 Km;36;32487.03;1.06;3690.0;1271.0;31;S;N;EF;658;3.0;A2;BOM;A1;N;-1;0.0
obs6940;58;PI;NORDESTE;30;62.97;2022;0 Km;24;30945.97;0.0;6896.2;2624.0;19;N;N;EF;760;3.0;A2;BOM;A1;S;-1;0.0
obs6176;80;BA;NORDESTE;30;4.1;2022;0 Km;60;74181.76;1.28;5740.0;3075.0;31;N;N;EF;692;1.0;A2;BOM;C3;;-1;0.0
obs6803;50;BA;NORDESTE;30;31.06;2022;0 Km;49;28395.64;1.05;2050.0;861.0;41;N;N;EF;755;2.0;A2;BOM;B3;S;-1;0.0
obs7614;37;CE;NORDESTE;30;45.8;2012;>= 3 anos;36;17510.51;1.61;2050.0;820.0;31;N;N;EF;677;;;;;S;9;0.0
obs6123;33;SP;SULDESTE;30;63.62;2021;2 anos;24;33015.51;0.91;16400.0;8282.0;9;N;N;EF;677;;;;;S;0;0.0
obs7355;64;SP;SULDESTE;30;58.41;2022;0 Km;60;19407.78;1.07;1640.0;1312.0;0;N;N;EF;768;3.0;A4;BOM;A3;S;-1;0.0
obs6030;38;ES;SULDESTE;30;16.33;2015;>= 3 anos;48;28918.52;2.42;6560.0;1312.0;16;N;S;EF;636;;;;;N;6;0.0
obs9704;33;ES;SULDESTE;30;37.97;2017;>= 3 anos;48;41883.12;1.23;6478.0;2542.0;18;N;N;EF;664;;;;;;4;0.0
obs6500;49;RJ;SULDESTE;30;63.36;2021;0 Km;24;32162.66;0.0;12300.0;2747.0;11;N;N;EF;687;3.0;A2;RUIM;A1;N;0;0.0
obs4941;66;BA;NORDESTE;30;65.06;2018;>= 3 anos;36;25074.11;0.96;12300.0;15826.0;7;N;N;EF;701;;;;;N;3;0.0
obs6491;58;SP;SULDESTE;30;60.04;2022;0 Km;12;24131.45;0.0;8200.0;2009.0;24;S;N;EF;760;3.0;A4;BOM;A1;N;-1;0.0
obs9339;22;BA;NORDESTE;30;18.18;2022;0 Km;60;75648.23;1.33;6396.0;738.0;30;N;N;EF;685;1.0;A2;BOM;C3;;-1;1.0
obs1532;39;PE;NORDESTE;30;59.97;2021;0 Km;48;16653.41;0.88;3646.84;5904.0;0;N;N;EF;710;3.0;A1;BOM;A2;S;0;0.0
obs1995;36;PR;SUL;30;0.0;2018;>= 3 anos;24;10658.54;1.12;4100.0;2665.0;12;N;N;EF;679;;;;;S;3;0.0
obs4138;62;RS;SUL;30;23.33;2022;0 Km;60;40236.79;1.18;5166.0;1271.0;19;N;N;EF;747;2.0;A2;BOM;B3;S;-1;0.0
obs5599;79;BA;NORDESTE;30;0.0;2021;0 Km;60;81260.0;1.25;2050.0;8405.0;94;N;N;EF;760;2.0;A2;BOM;C3;S;0;0.0
obs3490;36;SP;SULDESTE;30;26.17;2018;>= 3 anos;24;28633.11;1.4;4100.0;5945.0;34;N;N;EF;653;;;;;S;3;0.0
obs8597;66;RN;NORDESTE;30;65.38;2022;0 Km;24;28869.89;1.04;16400.0;2542.0;8;N;N;EF;760;1.0;A2;BOM;A1;;-1;0.0
obs2092;23;SP;SULDESTE;30;15.11;2021;0 Km;48;35548.67;1.42;3598.98;1845.0;29;N;N;EF;670;1.0;A1;BOM;C2;S;0;0.0
obs8844;35;SC;SUL;30;9.27;2022;0 Km;60;38002.19;1.39;4100.0;1148.0;22;N;N;EF;693;3.0;A4;BOM;C3;N;-1;0.0
obs570;51;MA;NORDESTE;30;32.44;2021;0 Km;24;52669.31;1.2;5740.0;1189.0;44;N;N;EF;687;2.0;A1;BOM;B1;S;0;0.0
obs2864;65;BA;NORDESTE;30;64.35;2021;0 Km;18;30636.77;0.0;13120.0;7790.0;13;N;N;EF;692;2.0;A1;BOM;A1;N;0;0.0
obs1150;72;DF;CENTRO-OESTE;30;25.01;2021;0 Km;36;52407.86;1.6;32800.0;6027.0;6;N;N;EF;679;3.0;A2;PESS;B1;N;0;1.0
obs7174;22;CE;NORDESTE;30;47.58;2022;0 Km;36;19229.9;0.98;10616.93;0.0;6;N;N;EF;604;1.0;A0;BOM;A1;;-1;0.0
obs8242;46;SC;SUL;30;28.0;2022;0 Km;49;39216.8;1.16;2870.0;1312.0;0;N;N;EF;695;1.0;A1;RUIM;B3;;-1;1.0
obs5995;66;SP;SULDESTE;30;75.0;2021;0 Km;18;21538.27;0.0;9840.0;1558.0;12;N;N;EF;760;3.0;A4;BOM;A1;N;0;0.0
obs2155;38;GO;CENTRO-OESTE;30;30.59;2022;0 Km;36;30963.09;0.92;5740.0;1476.0;18;N;N;EF;737;3.0;A2;BOM;B1;N;-1;0.0
obs6085;65;PE;NORDESTE;30;37.83;2022;0 Km;48;27484.08;0.83;8200.08;3526.0;8;N;N;EF;720;3.0;A2;BOM;B2;S;-1;0.0
obs9509;26;MA;NORDESTE;30;7.61;2022;0 Km;60;40654.23;1.58;6560.0;779.0;16;N;N;EF;685;3.0;A2;BOM;C3;N;-1;1.0
obs1851;64;SP;SULDESTE;30;5.5;2021;0 Km;60;39481.21;1.25;4510.0;6068.0;0;N;N;EF;722;2.0;A4;BOM;C3;S;0;0.0
obs6052;48;BA;NORDESTE;30;26.37;2022;0 Km;60;32212.81;1.12;2870.0;492.0;27;N;N;EF;742;1.0;A2;BOM;B3;;-1;1.0
obs1209;36;MA;NORDESTE;30;0.0;2018;>= 3 anos;36;12518.27;1.68;4100.0;1312.0;0;N;N;EF;712;;;;;S;3;0.0
obs6744;69;AM;NORTE;30;40.6;2016;>= 3 anos;48;30196.02;1.58;2583.0;1845.0;34;N;N;EF;649;;;;;S;5;0.0
obs2527;61;SC;SUL;30;20.29;2015;>= 3 anos;48;23245.62;1.52;1685.92;6068.0;42;N;N;EF;671;;;;;S;6;0.0
obs6222;41;SP;SULDESTE;30;68.38;2022;0 Km;36;19259.35;0.97;2993.0;1886.0;22;N;N;EF;697;3.0;A2;RUIM;A1;S;-1;0.0
obs9881;44;DF;CENTRO-OESTE;30;83.0;2022;0 Km;36;11011.17;0.0;4100.0;2583.0;7;S;N;EF;687;3.0;A2;PESS;A1;N;-1;1.0
obs1848;66;CE;NORDESTE;30;5.92;2022;0 Km;60;40354.6;1.53;5740.0;2378.0;18;N;N;EF;711;3.0;A2;RUIM;C3;S;-1;0.0
obs5904;68;PE;NORDESTE;30;21.36;2022;0 Km;60;34522.48;1.44;2579.45;1804.0;34;N;N;EF;679;1.0;A1;BOM;B3;;-1;0.0
obs4848;66;SC;SUL;30;0.0;2019;2 anos;60;57440.79;1.6;5084.0;1927.0;30;N;S;EF;671;;;;;S;2;0.0
obs7370;34;PR;SUL;30;36.6;2022;0 Km;60;56645.84;1.09;3936.0;3280.0;34;N;N;EF;733;3.0;A4;BOM;B3;S;-1;0.0
obs4087;69;SC;SUL;30;64.47;2022;0 Km;24;20220.39;0.66;4100.0;1968.0;23;N;N;EF;747;3.0;A2;BOM;A1;S;-1;0.0
obs1180;68;PR;SUL;30;19.91;2021;0 Km;48;37259.82;0.92;3690.0;2624.0;27;N;N;EF;720;3.0;A4;BOM;C2;N;0;0.0
obs4416;49;SP;SULDESTE;30;6.2;2022;0 Km;60;40361.01;1.28;3936.0;2747.0;24;N;S;EF;742;3.0;A4;PESS;C3;S;-1;0.0
obs4757;33;PA;NORTE;30;34.76;2021;0 Km;49;58085.18;0.93;7549.74;4223.0;0;N;N;EF;754;3.0;A4;BOM;B3;S;0;0.0
obs7519;53;GO;CENTRO-OESTE;30;20.05;2013;>= 3 anos;48;27567.89;2.28;4100.0;1312.0;24;N;N;EF;651;;;;;;8;0.0
obs9692;33;PR;SUL;30;26.13;2022;0 Km;60;64354.05;1.28;4920.0;1886.0;32;N;N;EF;733;3.0;A2;PESS;B3;S;-1;0.0
obs801;25;SC;SUL;30;0.0;2014;>= 3 anos;48;23498.34;2.08;3690.0;738.0;21;N;N;EF;670;;;;;N;7;0.0
obs4342;35;SP;SULDESTE;30;46.17;2018;>= 3 anos;48;34982.61;1.08;12300.0;1886.0;7;N;N;EF;677;;;;;S;3;0.0
obs5810;66;PA;NORTE;30;0.0;2022;0 Km;60;46522.6;1.12;3854.0;4305.0;29;N;N;EF;747;3.0;A2;BOM;C3;S;-1;0.0
obs7211;29;SP;SULDESTE;30;28.0;2022;0 Km;49;65254.37;0.88;4329.99;902.0;43;N;N;EF;658;3.0;A1;BOM;B3;N;-1;0.0
obs8277;73;PE;NORDESTE;30;40.07;2022;0 Km;36;26993.55;1.04;3690.0;1353.0;25;N;N;EF;692;1.0;A1;BOM;A1;;-1;0.0
obs6691;39;MA;NORDESTE;30;4.2;2022;0 Km;60;41830.34;1.12;4920.0;1927.0;20;N;N;EF;733;3.0;A2;BOM;C3;S;-1;0.0
obs667;47;PR;SUL;30;78.39;2021;0 Km;12;11936.35;0.0;3116.0;2665.0;0;N;N;EF;772;3.0;A2;BOM;A1;S;0;0.0
obs4572;37;DF;CENTRO-OESTE;30;61.46;2021;0 Km;18;31706.83;0.0;6478.0;5412.0;28;N;N;EF;706;1.0;A2;BOM;A1;;0;0.0
obs912;54;PR;SUL;30;34.2;2015;>= 3 anos;48;24512.28;1.5;2870.0;1476.0;25;N;N;EF;630;;;;;;6;0.0
obs7350;41;SP;SULDESTE;30;19.73;2022;0 Km;60;64757.2;1.07;7380.0;4838.0;20;N;N;EF;746;3.0;A2;BOM;C3;S;-1;0.0
obs672;56;MT;CENTRO-OESTE;30;44.28;2021;0 Km;48;37486.95;1.23;3280.0;1517.0;33;S;N;EF;747;3.0;A2;BOM;A2;S;0;0.0
obs6948;44;AM;NORTE;30;0.0;2021;0 Km;60;49010.11;1.28;3854.0;1312.0;31;N;N;EF;733;2.0;A2;BOM;C3;S;0;0.0
obs1072;47;MA;NORDESTE;30;28.34;2021;0 Km;49;54432.23;1.03;4100.0;984.0;39;N;N;EF;678;3.0;A2;RUIM;B3;S;0;0.0
obs8111;60;RJ;SULDESTE;30;36.23;2017;>= 3 anos;48;37430.51;1.11;6560.0;5822.0;15;N;N;EF;678;;;;;S;4;0.0
obs3952;40;SC;SUL;30;49.41;2021;0 Km;48;36526.45;0.78;4100.0;2542.0;23;N;N;EF;737;3.0;A4;BOM;A2;S;0;0.0
obs5952;22;SP;SULDESTE;30;38.11;2021;0 Km;60;37188.75;0.98;2624.0;1353.0;32;S;N;EF;729;1.0;A1;BOM;B3;;0;0.0
obs8034;34;PR;SUL;30;30.44;2022;0 Km;49;38884.79;1.16;2460.0;1845.0;0;N;N;EF;714;3.0;A2;BOM;B3;;-1;0.0
obs8973;36;SP;SULDESTE;30;18.25;2022;0 Km;36;37986.22;1.13;4091.8;1394.0;33;N;N;EF;737;3.0;A2;BOM;C1;N;-1;0.0
obs4785;51;DF;CENTRO-OESTE;30;62.87;2022;0 Km;30;30173.82;0.0;8200.0;1312.0;12;N;N;EF;755;1.0;A2;BOM;A1;;-1;0.0
obs2902;24;MA;NORDESTE;30;34.65;2022;0 Km;48;30196.23;1.45;3280.0;943.0;26;N;N;EF;661;1.0;A2;BOM;B2;;-1;0.0
obs8980;60;PE;NORDESTE;30;47.54;2014;>= 3 anos;36;23616.28;1.45;4100.0;3280.0;0;N;N;EF;659;;;;;S;7;0.0
obs2908;28;DF;CENTRO-OESTE;30;0.0;2021;0 Km;48;39839.17;1.2;3690.0;1271.0;31;N;N;EF;706;1.0;A2;BOM;C2;;0;0.0
obs1980;49;SP;SULDESTE;30;56.32;2020;2 anos;48;20026.01;1.05;3116.0;4346.0;17;N;N;EF;681;;;;;S;1;0.0
obs702;45;DF;CENTRO-OESTE;30;33.34;2021;0 Km;60;25871.93;1.24;4830.98;3239.0;12;N;N;EF;706;1.0;A2;BOM;B3;;0;0.0
obs7060;47;RJ;SULDESTE;30;20.62;2022;0 Km;48;32618.17;1.43;6560.0;2665.0;14;N;N;EF;676;3.0;A2;RUIM;B2;N;-1;0.0
obs8283;42;DF;CENTRO-OESTE;30;35.27;2021;0 Km;60;53270.23;1.34;8200.0;2050.0;15;N;N;EF;733;1.0;A2;BOM;B3;S;0;0.0
obs4074;43;BA;NORDESTE;30;28.26;2022;0 Km;49;53201.98;0.83;4510.0;2501.0;0;N;N;EF;695;3.0;A2;BOM;B3;S;-1;0.0
obs9908;39;CE;NORDESTE;30;33.24;2016;>= 3 anos;36;31287.68;1.53;4920.0;1353.0;24;N;N;EF;704;;;;;S;5;0.0
obs243;67;SE;NORDESTE;30;0.0;2015;>= 3 anos;48;30253.34;1.93;3280.0;3936.0;29;N;N;EF;649;;;;;S;6;1.0
obs5369;64;SP;SULDESTE;30;64.81;2022;0 Km;36;19037.19;1.13;2952.0;11767.0;23;N;N;EF;707;3.0;A4;BOM;A1;N;-1;0.0
obs5458;89;SP;SULDESTE;30;69.87;2022;0 Km;36;11527.6;0.51;1886.0;3813.0;18;N;N;EF;639;1.0;A4;BOM;A1;S;-1;0.0
obs1567;37;DF;CENTRO-OESTE;30;64.11;2021;0 Km;24;31197.21;0.0;8200.0;1435.0;0;N;N;EF;746;3.0;A2;BOM;A1;N;0;0.0
obs9035;48;PR;SUL;30;28.03;2021;0 Km;49;52319.05;1.22;10660.0;861.0;15;N;N;EF;678;3.0;A1;RUIM;B3;S;0;0.0
obs9508;41;RJ;SULDESTE;30;0.0;2022;0 Km;24;101458.37;1.53;16400.0;4387.0;0;N;N;EF;750;3.0;A2;BOM;C1;S;-1;0.0
obs7633;30;MG;SULDESTE;30;29.71;2022;0 Km;18;63945.04;0.97;12300.0;2542.0;0;N;N;EF;754;3.0;A2;BOM;B1;N;-1;0.0
obs152;39;CE;NORDESTE;30;70.81;2021;0 Km;12;25903.47;0.58;13940.0;8118.0;16;N;N;EF;733;3.0;A2;BOM;A1;S;0;0.0
obs3955;49;SP;SULDESTE;30;84.43;2021;0 Km;24;13138.67;0.0;12300.0;11767.0;4;N;N;EF;755;3.0;A4;BOM;A1;N;0;0.0
obs974;42;PE;NORDESTE;30;52.47;2021;0 Km;48;30195.49;0.97;6560.0;5945.0;0;N;N;EF;750;3.0;A2;BOM;A2;S;0;0.0
obs8091;46;RS;SUL;30;2.01;2022;0 Km;60;41207.28;1.12;4100.0;1394.0;24;N;N;EF;742;3.0;A4;BOM;C3;S;-1;0.0
obs9375;27;PE;NORDESTE;30;16.55;2022;0 Km;60;39021.08;1.04;3444.0;779.0;25;N;N;EF;746;1.0;A2;BOM;C3;;-1;0.0
obs7516;45;SC;SUL;30;34.48;2021;0 Km;48;47483.28;1.19;5084.0;2747.0;25;N;N;EF;742;3.0;A4;BOM;B2;S;0;0.0
obs7546;45;SP;SULDESTE;30;36.41;2014;>= 3 anos;48;20117.31;1.26;3690.0;1886.0;15;N;S;EF;662;;;;;S;7;0.0
obs205;30;PR;SUL;30;20.84;2018;>= 3 anos;60;24847.71;2.11;3116.0;1886.0;24;S;N;EF;642;;;;;S;3;0.0
obs5310;56;TO;NORTE;30;24.9;2022;0 Km;49;33010.76;1.16;4510.0;1886.0;22;N;N;EF;683;1.0;A1;BOM;B3;S;-1;0.0
obs4738;42;PE;NORDESTE;30;64.02;2021;0 Km;18;31557.72;0.0;14760.0;2009.0;12;N;N;EF;678;3.0;A2;RUIM;A1;S;0;0.0
obs1041;73;GO;CENTRO-OESTE;30;26.89;2021;0 Km;37;32375.75;1.27;28700.0;1886.0;0;N;N;EF;711;1.0;A2;RUIM;B2;S;0;0.0
obs5006;26;SC;SUL;30;5.33;2014;>= 3 anos;48;30737.28;2.04;2870.0;1189.0;36;N;N;EF;687;;;;;S;7;0.0
obs2603;53;PI;NORDESTE;30;39.35;2021;0 Km;36;39246.8;1.04;4100.0;2624.0;33;N;N;EF;742;3.0;A2;BOM;B1;S;0;0.0
obs3089;43;RJ;SULDESTE;30;0.0;2015;>= 3 anos;48;42327.51;1.58;5330.0;4387.0;24;S;N;EF;685;;;;;N;6;0.0
obs3362;72;PB;NORDESTE;30;49.78;2021;0 Km;60;42643.52;1.04;4100.0;1599.0;24;N;N;EF;760;1.0;A2;BOM;A3;;0;0.0
obs8987;40;BA;NORDESTE;30;42.0;2015;>= 3 anos;48;15154.51;1.72;1722.0;492.0;28;N;N;EF;653;;;;;;6;1.0
obs3790;56;RJ;SULDESTE;30;10.85;2021;0 Km;60;55235.67;1.51;4920.0;820.0;29;S;N;EF;696;3.0;A4;BOM;C3;S;0;0.0
obs6160;39;RJ;SULDESTE;30;8.38;2022;0 Km;60;42142.42;1.29;2952.0;1927.0;34;N;N;EF;737;1.0;A2;RUIM;C3;;-1;0.0
obs7085;79;RS;SUL;30;79.2;2021;0 Km;12;17404.54;0.0;4920.0;2337.0;0;N;N;EF;777;1.0;A2;BOM;A1;;0;0.0
obs5403;26;BA;NORDESTE;30;58.94;2022;0 Km;36;18101.28;1.04;2870.0;820.0;22;N;N;EF;657;1.0;A4;BOM;A1;;-1;0.0
obs4317;61;DF;CENTRO-OESTE;30;28.41;2022;0 Km;60;53286.83;1.39;12300.0;8364.0;10;N;N;EF;679;3.0;A1;RUIM;B3;N;-1;0.0
obs1881;62;RS;SUL;30;25.37;2021;0 Km;60;44570.61;1.42;6150.0;4223.0;18;N;N;EF;692;3.0;A4;RUIM;B3;S;0;0.0
obs7002;80;RR;NORTE;30;61.54;2021;0 Km;24;63319.57;0.93;28700.0;2009.0;10;N;N;EF;720;3.0;A2;BOM;A1;N;0;0.0
obs2074;56;PR;SUL;30;10.57;2022;0 Km;60;43859.58;1.03;9840.0;8405.0;10;N;N;EF;751;3.0;A2;BOM;C3;S;-1;0.0
obs1623;41;SP;SULDESTE;30;27.44;2021;0 Km;48;33702.13;1.4;5740.0;2542.0;16;S;N;EF;691;2.0;A2;BOM;B2;N;0;0.0
obs6270;37;SP;SULDESTE;30;63.69;2022;0 Km;24;30408.48;0.0;9020.0;6027.0;0;N;N;EF;723;3.0;A2;BOM;A1;S;-1;0.0
obs6115;70;ES;SULDESTE;30;83.71;2022;0 Km;36;10427.78;0.0;984.0;2009.0;31;N;N;EF;760;1.0;A4;BOM;A1;S;-1;0.0
obs4231;41;RS;SUL;30;58.88;2021;0 Km;24;38386.18;0.61;9840.0;6027.0;18;N;N;EF;697;3.0;A2;RUIM;A1;S;0;0.0
obs7639;52;MG;SULDESTE;30;43.42;2022;0 Km;60;43335.27;0.92;4592.0;8405.0;21;N;N;EF;746;3.0;A4;BOM;A3;S;-1;0.0
obs6495;48;SP;SULDESTE;30;0.0;2016;>= 3 anos;48;28092.78;1.86;3690.0;1558.0;25;S;N;EF;651;;;;;;5;0.0
obs614;60;MA;NORDESTE;30;41.79;2021;0 Km;49;46591.22;0.93;4100.0;984.0;33;N;N;EF;664;2.0;A2;BOM;A3;S;0;0.0
obs5307;51;AP;NORTE;30;54.05;2021;0 Km;36;32658.84;0.46;4182.82;4346.0;0;N;N;EF;732;3.0;A2;BOM;A1;S;0;0.0
obs63;37;SP;SULDESTE;30;48.27;2020;2 anos;48;27721.49;1.21;6970.0;3198.0;11;N;N;EF;677;;;;;N;1;0.0
obs3437;28;SP;SULDESTE;30;50.27;2019;2 anos;36;32401.31;1.26;4674.0;820.0;24;N;N;EF;665;;;;;;2;0.0
obs7973;54;ES;SULDESTE;30;51.48;2019;2 anos;60;28088.52;1.21;3280.0;2501.0;21;N;N;EF;643;;;;;S;2;0.0
obs4386;31;RJ;SULDESTE;30;70.22;2022;0 Km;18;14295.09;0.04;4100.0;861.0;20;N;N;EF;746;3.0;A2;BOM;A1;S;-1;0.0
obs3100;68;PE;NORDESTE;30;61.8;2021;0 Km;18;34374.74;0.0;4920.0;6068.0;39;N;N;EF;720;3.0;A2;RUIM;A1;S;0;0.0
obs6910;35;SP;SULDESTE;30;48.05;2021;0 Km;37;43433.67;1.19;12710.0;6765.0;13;N;N;EF;733;3.0;A2;BOM;A2;S;0;0.0
obs1431;60;GO;CENTRO-OESTE;30;20.13;2021;0 Km;48;37069.61;1.47;2870.0;2337.0;0;N;N;EF;728;1.0;A1;BOM;B2;;0;0.0
obs3005;42;PE;NORDESTE;30;27.8;2022;0 Km;49;64053.05;0.88;3690.0;2009.0;0;N;N;EF;697;2.0;A2;BOM;B3;S;-1;0.0
obs3591;63;SP;SULDESTE;30;24.83;2016;>= 3 anos;48;26168.01;1.83;9020.0;4223.0;9;N;N;EF;643;;;;;N;5;1.0
obs1855;63;SP;SULDESTE;30;66.59;2020;2 anos;24;18698.84;0.66;6560.0;2870.0;13;N;N;EF;686;;;;;S;1;0.0
obs6548;60;AL;NORDESTE;30;40.5;2022;0 Km;60;35418.86;1.13;3690.0;1517.0;23;N;N;EF;751;3.0;A2;BOM;A3;S;-1;0.0
obs9917;39;RJ;SULDESTE;30;60.73;2022;0 Km;24;22666.14;0.41;9405.4;4428.0;11;N;N;EF;746;3.0;A2;BOM;A1;S;-1;0.0
obs808;37;PA;NORTE;30;38.7;2019;2 anos;48;33253.39;1.48;2460.0;1312.0;41;N;S;EF;694;;;;;N;2;0.0
obs8695;46;PE;NORDESTE;30;29.1;2021;0 Km;49;61597.91;1.49;5576.0;1886.0;35;N;N;EF;678;3.0;A2;RUIM;B3;S;0;0.0
obs526;62;SC;SUL;30;36.15;2014;>= 3 anos;48;26154.34;1.5;3280.0;1886.0;24;N;N;EF;665;;;;;S;7;0.0
obs1475;52;PA;NORTE;30;15.63;2021;0 Km;60;44771.3;1.18;4100.0;1517.0;0;N;N;EF;759;2.0;A2;BOM;C3;N;0;0.0
obs2737;59;PE;NORDESTE;30;3.08;2022;0 Km;60;41154.18;1.33;3526.0;2050.0;29;N;N;EF;707;3.0;A2;RUIM;C3;S;-1;0.0
obs1644;23;MG;SULDESTE;30;44.89;2021;0 Km;36;23398.71;0.99;3280.0;861.0;24;N;N;EF;685;1.0;A2;BOM;A1;;0;0.0
obs6561;46;BA;NORDESTE;30;24.7;2022;0 Km;49;32926.61;1.16;4838.0;533.0;21;N;N;EF;746;1.0;A2;BOM;B3;;-1;0.0
obs916;43;SC;SUL;30;64.63;2021;0 Km;24;31294.97;0.0;7298.0;4346.0;0;N;N;EF;723;3.0;A2;RUIM;A1;S;0;0.0
obs7880;58;SP;SULDESTE;30;17.06;2022;0 Km;48;36469.97;1.5;3936.0;1025.0;27;N;N;EF;692;3.0;A2;RUIM;C2;S;-1;0.0
obs6927;72;RJ;SULDESTE;30;0.02;2022;0 Km;60;41813.74;1.16;20500.0;3034.0;4;N;N;EF;751;3.0;A2;BOM;C3;N;-1;0.0
obs2625;45;BA;NORDESTE;30;30.86;2015;>= 3 anos;48;19172.81;1.42;2214.0;861.0;26;N;N;EF;662;;;;;N;6;0.0
obs3530;42;RJ;SULDESTE;30;52.71;2022;0 Km;36;37902.78;0.97;5330.0;1886.0;23;N;N;EF;706;3.0;A2;BOM;A1;N;-1;0.0
obs3979;46;PA;NORTE;30;20.11;2021;0 Km;60;50436.05;1.63;9840.0;3403.0;13;N;N;EF;691;2.0;A2;BOM;B3;S;0;0.0
obs5341;36;SP;SULDESTE;30;59.7;2022;0 Km;24;25975.88;0.55;4264.0;1804.0;28;N;N;EF;733;3.0;A4;BOM;A1;S;-1;0.0
obs4771;46;MS;CENTRO-OESTE;30;38.68;2021;0 Km;49;56135.65;1.19;12300.0;4264.0;14;N;N;EF;702;2.0;A2;RUIM;B3;S;0;0.0
obs3216;46;SP;SULDESTE;30;34.0;2021;0 Km;37;58784.52;0.87;4100.0;1886.0;51;N;N;EF;706;3.0;A2;BOM;B2;S;0;0.0
obs3978;43;SC;SUL;30;41.37;2021;0 Km;60;43656.15;1.18;3690.0;1804.0;0;N;N;EF;665;3.0;A2;BOM;A3;S;0;0.0
obs8734;54;SC;SUL;30;21.62;2015;>= 3 anos;48;25153.79;1.77;3362.0;1845.0;24;N;N;EF;665;;;;;S;6;0.0
obs2884;74;CE;NORDESTE;30;65.0;2021;0 Km;18;29277.42;0.0;16400.0;3485.0;10;N;N;EF;760;3.0;A2;RUIM;A1;S;0;0.0
obs1593;36;PA;NORTE;30;1.09;2021;0 Km;60;43636.69;1.37;3280.0;1804.0;34;N;N;EF;733;3.0;A1;BOM;C3;S;0;0.0
obs6929;43;SP;SULDESTE;30;60.63;2022;0 Km;12;23977.41;0.0;12300.0;8405.0;17;N;N;EF;746;3.0;A2;BOM;A1;N;-1;0.0
obs4486;33;RS;SUL;30;72.65;2021;0 Km;24;27574.6;0.0;3690.0;1148.0;32;N;N;EF;746;3.0;A2;BOM;A1;N;0;0.0
obs5896;54;PE;NORDESTE;30;20.01;2021;0 Km;60;59748.13;1.72;6560.0;779.0;25;S;N;EF;660;3.0;A2;BOM;B3;N;0;1.0
obs3554;61;PA;NORTE;30;0.0;2022;0 Km;60;44771.3;1.39;3317.47;3403.0;34;N;N;EF;747;1.0;A2;BOM;C3;;-1;0.0
obs4083;23;PE;NORDESTE;30;29.21;2022;0 Km;49;31559.38;1.16;2870.0;861.0;33;N;N;EF;674;1.0;A4;BOM;B3;S;-1;0.0
obs192;44;GO;CENTRO-OESTE;30;44.68;2021;0 Km;36;26441.56;0.96;7380.0;861.0;12;N;N;EF;612;2.0;A2;BOM;A1;N;0;0.0
obs728;46;SP;SULDESTE;30;58.11;2021;0 Km;18;26636.04;0.0;3690.0;1845.0;42;N;N;EF;634;3.0;A4;BOM;A1;;0;0.0
obs3970;30;SC;SUL;30;12.05;2013;>= 3 anos;48;23493.79;1.75;5658.0;2501.0;12;S;N;EF;642;;;;;S;8;0.0
obs6542;49;SP;SULDESTE;30;84.8;2022;0 Km;12;9714.35;0.0;2706.0;2501.0;31;N;N;EF;755;1.0;A1;BOM;A1;;-1;0.0
obs187;49;TO;NORTE;30;23.57;2021;0 Km;49;68845.34;0.93;12300.0;8364.0;16;N;N;EF;706;3.0;A2;RUIM;B3;S;0;0.0
obs8051;44;SP;SULDESTE;30;63.99;2022;0 Km;36;42819.01;0.53;4920.0;6068.0;0;S;N;EF;715;3.0;A4;RUIM;A1;S;-1;0.0
obs3293;58;SP;SULDESTE;30;37.09;2021;0 Km;49;33344.19;1.16;4920.0;4264.0;20;N;N;EF;683;3.0;A4;RUIM;B3;S;0;0.0
obs6640;21;DF;CENTRO-OESTE;30;23.78;2022;0 Km;48;35437.43;1.26;902.0;0.0;10;N;N;EF;604;1.0;A0;BOM;B2;;-1;0.0
obs6194;34;AM;NORTE;30;62.0;2021;0 Km;18;32513.86;0.0;8200.0;8282.0;22;N;N;EF;746;2.0;A2;BOM;A1;S;0;0.0
obs2176;74;PA;NORTE;30;67.21;2021;0 Km;36;22023.83;0.78;4920.0;8405.0;14;N;N;EF;707;3.0;A2;RUIM;A1;S;0;0.0
obs2661;48;MT;CENTRO-OESTE;30;37.31;2022;0 Km;36;28811.79;1.04;6560.0;11890.0;14;N;N;EF;702;3.0;A1;RUIM;B1;N;-1;0.0
obs6413;70;SP;SULDESTE;30;83.0;2022;0 Km;36;10716.54;0.0;5740.0;6068.0;5;N;N;EF;720;3.0;A4;RUIM;A1;N;-1;0.0
obs9016;61;MG;SULDESTE;30;0.0;2022;0 Km;60;46563.18;1.23;4592.0;1722.0;25;N;N;EF;747;2.0;A4;BOM;C3;N;-1;0.0
obs3683;57;SP;SULDESTE;30;49.48;2019;2 anos;48;21370.61;0.95;2870.0;2624.0;19;N;S;EF;707;;;;;N;2;0.0
obs4686;54;SP;SULDESTE;30;66.27;2022;0 Km;60;18289.36;0.91;4100.0;6027.0;10;N;N;EF;742;2.0;A4;BOM;A3;S;-1;0.0
obs1661;33;PR;SUL;30;15.74;2021;0 Km;60;36565.54;1.21;2952.0;1353.0;30;N;N;EF;733;3.0;A1;BOM;C3;N;0;0.0
obs5251;37;SC;SUL;30;53.75;2016;>= 3 anos;36;16438.79;0.91;4100.0;3280.0;13;N;N;EF;700;;;;;S;5;0.0
obs379;51;PR;SUL;30;66.24;2021;0 Km;24;32526.87;0.11;8200.0;0.0;17;N;N;EF;634;3.0;A0;BOM;A1;S;0;0.0
obs9627;52;RO;NORTE;30;18.17;2021;0 Km;60;58314.84;1.61;6543.6;1312.0;24;N;N;EF;674;3.0;A2;BOM;C3;S;0;0.0
obs1007;69;RJ;SULDESTE;30;45.45;2018;>= 3 anos;48;25810.51;1.23;16400.0;20090.0;4;N;N;EF;653;;;;;S;3;0.0
obs3065;56;PA;NORTE;30;29.1;2021;0 Km;49;74481.15;1.19;6806.0;1804.0;0;N;N;EF;685;3.0;A2;BOM;B3;S;0;0.0
obs6646;66;RS;SUL;30;34.97;2022;0 Km;49;36025.3;1.1;4920.0;2173.0;22;N;N;EF;751;2.0;A4;BOM;B3;S;-1;0.0
obs7090;52;SE;NORDESTE;30;32.32;2019;2 anos;48;41889.01;1.21;6642.0;5945.0;18;N;N;EF;681;;;;;S;2;0.0
obs2211;39;PR;SUL;30;30.38;2022;0 Km;60;40304.36;0.95;5330.0;4346.0;17;N;N;EF;706;3.0;A2;BOM;B3;N;-1;0.0
obs3204;35;PE;NORDESTE;30;40.13;2022;0 Km;60;26469.34;0.92;2870.0;615.0;20;N;N;EF;737;1.0;A2;BOM;A3;;-1;0.0
obs5534;65;SP;SULDESTE;30;39.81;2022;0 Km;48;44082.02;1.05;2460.0;2583.0;50;N;N;EF;747;3.0;A4;BOM;B2;S;-1;0.0
obs8245;47;SC;SUL;30;25.12;2012;>= 3 anos;48;13783.62;1.31;4756.0;3403.0;8;N;N;EF;704;;;;;S;9;0.0
obs4490;38;DF;CENTRO-OESTE;30;37.19;2022;0 Km;49;50520.44;0.98;4805.2;3280.0;29;N;N;EF;669;3.0;A1;RUIM;B3;S;-1;0.0
obs5590;56;SC;SUL;30;35.42;2019;2 anos;48;26813.79;1.02;4100.0;1394.0;17;N;N;EF;707;;;;;S;2;0.0
obs794;45;SP;SULDESTE;30;66.85;2014;>= 3 anos;24;14786.38;1.0;6150.0;1927.0;11;N;N;EF;687;;;;;S;7;0.0
obs6028;69;SP;SULDESTE;30;49.73;2022;0 Km;24;29485.78;0.55;5330.0;1927.0;0;N;N;EF;777;3.0;A4;BOM;A1;N;-1;0.0
obs3356;71;SP;SULDESTE;30;0.0;2022;0 Km;36;40137.74;1.04;9840.0;2091.0;13;N;N;EF;747;2.0;A4;BOM;C1;N;-1;0.0
obs8279;70;MG;SULDESTE;30;77.97;2021;0 Km;18;17432.67;1.05;8200.0;2091.0;13;N;N;EF;751;3.0;A4;BOM;A1;S;0;0.0
obs3069;44;PA;NORTE;30;19.92;2022;0 Km;48;34755.69;0.88;4083.6;820.0;22;N;N;EF;733;3.0;A1;BOM;C2;;-1;0.0
obs72;69;ES;SULDESTE;30;75.56;2020;2 anos;18;10331.71;0.92;2050.0;1312.0;30;N;N;EF;654;;;;;N;1;0.0
obs5787;38;SC;SUL;30;40.0;2015;>= 3 anos;48;22248.79;1.56;2624.0;492.0;26;N;N;EF;653;;;;;N;6;0.0
obs8321;40;PR;SUL;30;40.98;2022;0 Km;60;27254.71;0.93;5330.0;4428.0;11;N;N;EF;746;3.0;A2;BOM;A3;S;-1;0.0
obs7477;40;SC;SUL;30;4.12;2022;0 Km;36;47239.26;1.09;6150.0;5986.0;27;N;N;EF;733;3.0;A2;BOM;C1;S;-1;0.0
obs4265;58;MA;NORDESTE;30;30.72;2022;0 Km;48;38341.56;1.05;3690.0;1394.0;0;N;S;EF;696;3.0;A1;RUIM;B2;N;-1;0.0
obs2872;66;DF;CENTRO-OESTE;30;15.41;2022;0 Km;60;36525.75;1.66;3936.0;2542.0;25;N;N;EF;679;3.0;A2;RUIM;C3;N;-1;0.0
obs8153;53;SP;SULDESTE;30;25.47;2022;0 Km;49;34934.47;1.21;4100.0;8364.0;0;S;N;EF;732;3.0;A2;PESS;B3;S;-1;0.0
obs4650;59;RO;NORTE;30;75.05;2021;0 Km;24;23086.74;0.0;4100.0;11767.0;24;N;N;EF;760;3.0;A2;BOM;A1;S;0;0.0
obs752;61;AM;NORTE;30;9.2;2021;0 Km;48;70247.32;1.1;16400.0;3444.0;12;N;N;EF;747;3.0;A2;BOM;C2;S;0;0.0
obs9754;29;PI;NORDESTE;30;1.93;2022;0 Km;36;88901.46;1.31;1492.83;1189.0;18;N;N;EF;737;3.0;A4;BOM;C1;N;-1;0.0
obs1312;80;RS;SUL;30;38.42;2021;0 Km;48;28732.66;1.39;2870.0;1230.0;28;N;N;EF;692;1.0;A2;BOM;B2;;0;0.0
obs7265;37;SP;SULDESTE;30;0.0;2018;>= 3 anos;48;58139.61;1.79;6560.0;3239.0;27;N;N;EF;653;;;;;;3;0.0
obs4224;60;PE;NORDESTE;30;25.54;2022;0 Km;48;31676.41;0.93;4100.0;1886.0;20;N;N;EF;720;3.0;A1;BOM;B2;S;-1;0.0
obs3358;58;PI;NORDESTE;30;20.64;2021;0 Km;48;48099.41;1.11;4100.0;1845.0;33;N;N;EF;660;3.0;A1;BOM;B2;S;0;0.0
obs141;54;PA;NORTE;30;46.45;2021;0 Km;37;75326.92;1.16;5576.0;1230.0;52;N;N;EF;746;1.0;A2;BOM;A2;;0;0.0
obs8774;48;SP;SULDESTE;30;73.63;2022;0 Km;18;12845.52;0.55;8200.0;1886.0;9;N;N;EF;742;3.0;A4;BOM;A1;S;-1;0.0
obs4096;72;MA;NORDESTE;30;35.76;2022;0 Km;60;42655.53;1.1;5330.0;451.0;19;N;N;EF;679;3.0;A2;BOM;B3;N;-1;0.0
obs4449;42;SP;SULDESTE;30;63.59;2022;0 Km;24;28191.55;0.0;7357.04;1886.0;16;N;N;EF;746;1.0;A4;BOM;A1;;-1;0.0
obs8435;55;RJ;SULDESTE;30;62.58;2016;>= 3 anos;36;15850.51;1.24;1640.0;1353.0;33;N;N;EF;675;;;;;S;5;0.0
obs3845;63;MG;SULDESTE;30;20.22;2021;0 Km;36;40138.98;0.99;13940.0;15867.0;0;N;N;EF;764;3.0;A4;BOM;B1;S;0;0.0
obs6684;63;SP;SULDESTE;30;72.0;2021;0 Km;24;24144.24;0.0;7380.0;2050.0;14;N;N;EF;760;3.0;A4;BOM;A1;S;0;0.0
obs5475;62;SP;SULDESTE;30;31.44;2018;>= 3 anos;60;22199.78;0.96;3189.8;1107.0;16;N;N;EF;719;;;;;N;3;0.0
obs9314;46;BA;NORDESTE;30;45.43;2021;0 Km;49;48277.73;1.01;3280.0;4387.0;42;N;N;EF;746;3.0;A2;BOM;A3;S;0;0.0
obs832;64;PE;NORDESTE;30;17.02;2021;0 Km;60;34231.18;1.25;2952.0;3485.0;27;N;N;EF;720;3.0;A2;PESS;C3;S;0;0.0
obs9306;42;MG;SULDESTE;30;62.66;2022;0 Km;24;35808.87;0.0;4920.0;3362.0;30;N;N;EF;746;3.0;A2;BOM;A1;S;-1;0.0
obs6829;37;RS;SUL;30;53.7;2017;>= 3 anos;60;17153.88;1.25;2050.0;1189.0;19;N;N;EF;672;;;;;;4;0.0
obs5984;49;PR;SUL;30;57.8;2021;0 Km;24;38408.87;0.71;6560.0;8323.0;28;N;N;EF;702;1.0;A4;BOM;A1;S;0;0.0
obs5452;21;SP;SULDESTE;30;47.37;2022;0 Km;36;19228.68;0.77;1230.0;2050.0;50;N;N;EF;617;1.0;A1;BOM;A1;N;-1;0.0
obs4404;71;RS;SUL;30;0.0;2022;0 Km;60;43108.05;1.08;6018.8;1804.0;0;N;N;EF;768;1.0;A4;BOM;C3;;-1;0.0
obs5462;53;RJ;SULDESTE;30;48.48;2021;0 Km;48;42993.17;1.26;8200.0;5986.0;0;N;N;EF;680;2.0;A2;PESS;A2;N;0;0.0
obs9445;75;MA;NORDESTE;30;33.5;2021;0 Km;60;48696.1;1.12;4510.0;2132.0;24;N;N;EF;707;2.0;A2;BOM;B3;S;0;0.0
obs4925;60;MT;CENTRO-OESTE;30;38.31;2022;0 Km;36;28199.25;1.46;8200.0;1230.0;12;N;N;EF;660;3.0;A2;BOM;B1;S;-1;0.0
obs4965;65;CE;NORDESTE;30;0.0;2022;0 Km;60;42244.51;1.25;3034.0;2501.0;0;N;N;EF;777;1.0;A2;BOM;C3;;-1;0.0
obs5524;69;PE;NORDESTE;30;0.0;2022;0 Km;60;47231.44;1.5;6150.0;861.0;20;N;N;EF;751;2.0;A2;BOM;C3;S;-1;0.0
obs7525;55;ES;SULDESTE;30;28.83;2022;0 Km;48;64867.48;1.01;6150.0;11808.0;28;N;N;EF;760;2.0;A4;BOM;B2;S;-1;0.0
obs7213;43;PE;NORDESTE;30;48.04;2022;0 Km;48;27194.12;1.37;4100.0;1845.0;19;S;N;EF;646;3.0;A1;PESS;A2;S;-1;0.0
obs7414;61;PR;SUL;30;20.05;2022;0 Km;60;52254.31;1.13;4018.0;3198.0;30;N;N;EF;751;1.0;A1;BOM;B3;S;-1;0.0
obs4146;42;SC;SUL;30;53.89;2021;0 Km;37;45573.45;1.19;9020.0;2542.0;19;N;N;EF;733;3.0;A2;BOM;A2;S;0;0.0
obs5259;69;PR;SUL;30;0.0;2022;0 Km;60;64709.35;1.02;4920.0;4346.0;30;N;N;EF;720;1.0;A2;BOM;C3;N;-1;0.0
obs7292;61;BA;NORDESTE;30;66.26;2022;0 Km;48;30390.13;1.01;6560.0;1804.0;12;N;N;EF;720;3.0;A1;RUIM;A2;S;-1;0.0
obs8357;57;RJ;SULDESTE;30;69.55;2022;0 Km;24;24517.37;1.04;12300.0;15990.0;9;N;N;EF;720;2.0;A4;RUIM;A1;S;-1;0.0
obs1084;62;PE;NORDESTE;30;20.52;2021;0 Km;49;32804.38;1.16;7380.0;1025.0;13;N;N;EF;683;1.0;A1;BOM;B3;;0;0.0
obs3848;36;SC;SUL;30;30.22;2021;0 Km;60;65622.93;1.12;4369.46;2583.0;36;N;N;EF;693;3.0;A2;BOM;B3;N;0;1.0
obs5397;78;PB;NORDESTE;30;21.91;2022;0 Km;60;68973.29;1.14;16400.0;1312.0;0;N;N;EF;760;3.0;A2;PESS;B3;;-1;0.0
obs8075;37;SP;SULDESTE;30;50.0;2018;>= 3 anos;36;34438.96;1.29;4510.0;1435.0;27;S;N;EF;661;;;;;S;3;0.0
obs7081;52;SP;SULDESTE;30;0.0;2016;>= 3 anos;48;27172.31;1.86;4100.0;1845.0;21;N;N;EF;687;;;;;S;5;0.0
obs9417;46;PA;NORTE;30;14.11;2022;0 Km;60;40316.69;1.19;3608.0;1722.0;26;S;N;EF;706;3.0;A2;BOM;C3;S;-1;0.0
obs6970;39;DF;CENTRO-OESTE;30;14.79;2022;0 Km;60;39572.74;1.8;2952.0;2583.0;0;N;N;EF;686;1.0;A2;BOM;C3;N;-1;0.0
obs3071;84;RJ;SULDESTE;30;29.68;2022;0 Km;48;30161.37;1.18;9840.0;1476.0;8;N;N;EF;747;3.0;A4;BOM;B2;S;-1;0.0
obs2878;61;PR;SUL;30;18.01;2022;0 Km;48;61606.68;0.92;5740.0;1845.0;29;N;N;EF;760;3.0;A2;BOM;C2;S;-1;0.0
obs3002;29;SC;SUL;30;10.0;2017;>= 3 anos;48;26481.79;1.38;4264.0;861.0;17;N;N;EF;706;;;;;S;4;0.0
obs6750;43;DF;CENTRO-OESTE;30;34.28;2022;0 Km;60;39673.17;0.99;3116.0;1845.0;28;N;N;EF;706;1.0;A2;RUIM;B3;;-1;0.0
obs1440;79;PB;NORDESTE;30;50.0;2021;0 Km;36;42278.55;0.72;7380.0;2993.0;18;N;N;EF;720;3.0;A2;BOM;A1;N;0;0.0
obs4805;57;BA;NORDESTE;30;28.38;2021;0 Km;49;36361.28;1.16;2952.0;1394.0;0;N;N;EF;664;3.0;A1;RUIM;B3;N;0;0.0
obs2042;79;RJ;SULDESTE;30;82.05;2021;0 Km;18;15188.17;0.0;3280.0;1640.0;26;N;N;EF;692;3.0;A4;RUIM;A1;S;0;0.0
obs6105;53;GO;CENTRO-OESTE;30;0.0;2018;>= 3 anos;36;11397.47;1.21;2870.0;3239.0;13;N;N;EF;683;;;;;S;3;0.0
obs7568;64;SC;SUL;30;42.93;2022;0 Km;60;47316.45;1.22;4920.0;1435.0;22;N;N;EF;683;3.0;A1;BOM;A3;S;-1;0.0
obs2564;33;RS;SUL;30;63.8;2021;0 Km;36;15396.84;0.93;3034.0;1312.0;17;N;N;EF;678;3.0;A2;PESS;A1;S;0;0.0
obs8103;67;MG;SULDESTE;30;79.33;2022;0 Km;12;17474.17;0.69;8200.0;5986.0;19;N;N;EF;760;3.0;A4;BOM;A1;S;-1;0.0
obs2062;22;PA;NORTE;30;62.58;2021;0 Km;36;34998.88;0.57;3485.0;738.0;31;S;N;EF;683;1.0;A2;BOM;A1;;0;0.0
obs6377;43;DF;CENTRO-OESTE;30;20.45;2022;0 Km;60;33281.34;1.28;4346.0;3321.0;19;N;S;EF;693;1.0;A2;BOM;B3;;-1;1.0
obs7719;81;SP;SULDESTE;30;25.38;2022;0 Km;60;26411.65;1.18;1968.0;1271.0;31;N;N;EF;639;1.0;A4;BOM;B3;;-1;0.0
obs546;66;SP;SULDESTE;30;28.33;2021;0 Km;37;37469.45;1.01;4100.0;2132.0;32;N;N;EF;720;3.0;A4;RUIM;B2;S;0;0.0
obs5176;58;PR;SUL;30;22.28;2021;0 Km;49;69166.67;0.88;4920.0;3362.0;38;N;N;EF;683;1.0;A4;BOM;B3;S;0;0.0
obs3539;42;PR;SUL;30;46.75;2022;0 Km;60;41682.49;1.07;3280.0;1312.0;30;N;N;EF;665;3.0;A2;BOM;A3;N;-1;0.0
obs693;49;SP;SULDESTE;30;44.19;2021;0 Km;36;43770.81;1.11;19096.16;15785.0;8;N;N;EF;742;3.0;A4;BOM;A1;S;0;0.0
obs5480;55;RS;SUL;30;19.74;2022;0 Km;60;36236.41;1.45;3936.0;1312.0;24;N;N;EF;696;3.0;A2;RUIM;C3;N;-1;0.0
obs5367;25;TO;NORTE;30;23.35;2021;0 Km;60;61645.09;1.67;4838.0;861.0;33;S;N;EF;674;3.0;A2;BOM;B3;N;0;0.0
obs4456;38;SP;SULDESTE;30;52.09;2021;0 Km;18;46064.77;0.28;9840.0;4387.0;28;N;N;EF;737;3.0;A2;BOM;A1;S;0;0.0
obs4507;41;BA;NORDESTE;30;42.3;2021;0 Km;49;55109.32;0.93;4920.0;2583.0;15;N;N;EF;754;3.0;A2;BOM;A3;S;0;0.0
obs2128;56;SP;SULDESTE;30;18.3;2021;0 Km;48;37852.13;1.48;3280.0;1927.0;33;N;N;EF;696;1.0;A4;RUIM;C2;;0;0.0
obs1462;42;DF;CENTRO-OESTE;30;43.55;2021;0 Km;60;44704.63;1.18;6478.0;2624.0;16;N;N;EF;693;3.0;A2;BOM;A3;S;0;0.0
obs7439;35;MA;NORDESTE;30;28.34;2022;0 Km;49;33350.23;1.27;4370.82;1804.0;24;N;N;EF;697;3.0;A1;BOM;B3;S;-1;0.0
obs4280;60;SP;SULDESTE;30;0.0;2022;0 Km;60;42851.01;0.99;3362.0;2050.0;29;S;N;EF;760;2.0;A4;BOM;C3;N;-1;0.0
obs549;57;BA;NORDESTE;30;12.33;2021;0 Km;60;53205.3;1.41;4920.0;1845.0;27;N;N;EF;720;2.0;A2;RUIM;C3;S;0;0.0
obs1888;30;SC;SUL;30;50.75;2021;0 Km;48;32252.28;0.97;3198.0;820.0;27;N;S;EF;693;3.0;A1;BOM;A2;N;0;0.0
obs8945;64;PE;NORDESTE;30;19.16;2022;0 Km;60;35039.57;1.54;5740.0;1968.0;15;N;N;EF;692;3.0;A2;RUIM;C3;S;-1;0.0
obs6652;69;MA;NORDESTE;30;42.74;2022;0 Km;48;34264.38;1.45;2050.0;1476.0;0;N;N;EF;677;1.0;A4;RUIM;A2;;-1;0.0
obs5681;47;AP;NORTE;30;15.79;2022;0 Km;60;67292.25;1.23;5576.0;1845.0;29;N;N;EF;687;3.0;A1;BOM;C3;S;-1;0.0
obs3148;64;RS;SUL;30;82.53;2021;0 Km;24;17895.97;0.0;6478.0;4387.0;12;N;N;EF;760;3.0;A4;BOM;A1;S;0;0.0
obs5759;66;SE;NORDESTE;30;1.83;2022;0 Km;60;45408.21;1.12;5330.0;2993.0;20;N;N;EF;747;3.0;A2;BOM;C3;N;-1;0.0
obs9465;34;SP;SULDESTE;30;20.06;2022;0 Km;48;45466.72;0.93;12300.0;5986.0;9;N;N;EF;746;3.0;A2;BOM;B2;S;-1;0.0
obs7072;72;SC;SUL;30;31.0;2017;>= 3 anos;60;21700.99;1.21;2378.0;1599.0;22;N;N;EF;671;;;;;S;4;0.0
obs778;45;BA;NORDESTE;30;42.8;2021;0 Km;49;28975.94;1.1;11890.0;7585.0;7;N;N;EF;746;3.0;A2;BOM;A3;S;0;0.0
obs4610;48;SP;SULDESTE;30;26.95;2013;>= 3 anos;48;21284.12;1.42;4810.12;3239.0;12;N;N;EF;689;;;;;S;8;0.0
obs2723;48;GO;CENTRO-OESTE;30;43.18;2021;0 Km;60;33600.83;1.02;3280.0;1312.0;23;N;N;EF;742;3.0;A2;BOM;A3;N;0;0.0
obs2624;33;PE;NORDESTE;30;67.86;2017;>= 3 anos;36;17417.01;1.44;2460.0;1845.0;26;N;N;EF;647;;;;;S;4;0.0
obs2313;62;SP;SULDESTE;30;20.88;2021;0 Km;60;41126.02;1.14;3690.0;1230.0;26;S;N;EF;692;1.0;A4;BOM;B3;;0;0.0
obs9672;28;SP;SULDESTE;30;20.42;2015;>= 3 anos;48;23462.05;1.77;3280.0;1476.0;23;N;N;EF;653;;;;;;6;0.0
obs4477;78;SP;SULDESTE;30;37.23;2021;0 Km;37;56762.64;1.19;9020.0;3157.0;23;N;N;EF;747;3.0;A4;BOM;B2;N;0;0.0
obs6861;68;PE;NORDESTE;30;48.79;2022;0 Km;48;22802.05;0.72;2870.0;1025.0;0;N;N;EF;777;3.0;A1;BOM;A2;S;-1;0.0
obs9405;53;RJ;SULDESTE;30;53.02;2021;0 Km;24;41414.72;0.78;12300.0;2132.0;0;N;N;EF;695;3.0;A4;PESS;A1;S;0;0.0
obs2694;63;RJ;SULDESTE;30;52.64;2018;>= 3 anos;48;22490.51;0.91;4920.0;8323.0;12;N;N;EF;681;;;;;S;3;0.0
obs1677;71;SC;SUL;30;28.19;2021;0 Km;49;54482.01;0.88;4838.0;1435.0;32;N;N;EF;664;3.0;A4;BOM;B3;S;0;0.0
obs6000;29;MG;SULDESTE;30;68.13;2014;>= 3 anos;48;12700.01;0.97;3116.0;820.0;11;N;N;EF;702;;;;;N;7;0.0
obs5091;49;SC;SUL;30;13.92;2012;>= 3 anos;48;29303.79;1.84;4100.0;1435.0;23;N;N;EF;681;;;;;S;9;0.0
obs1083;65;SP;SULDESTE;30;41.68;2021;0 Km;48;24019.97;1.11;8200.0;5986.0;8;N;N;EF;683;1.0;A4;RUIM;A2;S;0;0.0
obs445;46;SC;SUL;30;20.2;2021;0 Km;60;48971.04;1.5;3936.0;1804.0;0;N;N;EF;691;1.0;A2;RUIM;B3;;0;0.0
obs7497;61;GO;CENTRO-OESTE;30;60.82;2022;0 Km;24;36027.25;0.72;17489.75;12997.0;9;N;N;EF;760;3.0;A4;BOM;A1;S;-1;0.0
obs3502;53;RJ;SULDESTE;30;26.35;2018;>= 3 anos;48;28797.68;1.07;18860.0;1927.0;4;N;N;EF;708;;;;;N;3;0.0
obs4178;67;PR;SUL;30;63.83;2019;2 anos;48;19524.4;0.71;4100.0;1886.0;11;N;N;EF;719;;;;;N;2;0.0
obs7751;66;DF;CENTRO-OESTE;30;2.7;2022;0 Km;60;47060.17;1.04;4100.0;1230.0;25;N;S;EF;760;3.0;A2;BOM;C3;S;-1;0.0
obs1720;56;ES;SULDESTE;30;37.5;2021;0 Km;37;54924.74;0.87;4920.0;1886.0;39;N;N;EF;711;3.0;A2;BOM;B2;S;0;0.0
obs2927;39;MA;NORDESTE;30;57.35;2019;2 anos;48;16581.74;1.11;2870.0;6027.0;16;N;N;EF;636;;;;;N;2;0.0
obs2698;51;SP;SULDESTE;30;60.05;2021;0 Km;36;36121.37;0.72;16400.0;3485.0;7;N;N;EF;687;3.0;A2;BOM;A1;S;0;0.0
obs1838;53;RS;SUL;30;30.06;2021;0 Km;49;35385.48;1.27;4920.0;4305.0;21;N;N;EF;659;3.0;A1;PESS;B3;S;0;1.0
obs3321;53;SP;SULDESTE;30;28.0;2021;0 Km;49;62723.98;0.93;6560.0;8446.0;27;N;N;EF;678;2.0;A1;RUIM;B3;S;0;0.0
obs2008;46;RJ;SULDESTE;30;48.46;2022;0 Km;36;22732.04;1.19;5740.0;1353.0;14;N;N;EF;702;3.0;A1;RUIM;A1;N;-1;0.0
obs5177;63;MA;NORDESTE;30;29.51;2022;0 Km;49;58166.4;0.93;3280.0;779.0;0;N;N;EF;672;1.0;A1;RUIM;B3;S;-1;0.0
obs350;66;MG;SULDESTE;30;63.0;2021;0 Km;24;27914.87;0.0;4920.0;2583.0;23;N;N;EF;720;3.0;A4;BOM;A1;N;0;0.0
obs749;31;SE;NORDESTE;30;0.0;2013;>= 3 anos;48;19048.34;2.0;2296.0;2501.0;28;N;N;EF;664;;;;;N;8;0.0
obs5344;61;RS;SUL;30;77.73;2022;0 Km;24;16977.92;0.0;4920.0;11767.0;14;N;N;EF;760;3.0;A4;BOM;A1;N;-1;0.0
obs17;69;MG;SULDESTE;30;75.47;2021;0 Km;18;12064.22;0.4;4100.0;1312.0;17;N;N;EF;679;1.0;A4;RUIM;A1;;0;0.0
obs4712;71;SP;SULDESTE;30;59.76;2017;>= 3 anos;48;34317.78;0.89;5904.0;1927.0;15;N;N;EF;673;;;;;S;4;0.0
obs7730;52;PI;NORDESTE;30;41.6;2022;0 Km;48;35827.76;1.26;5084.0;2583.0;20;N;S;EF;702;3.0;A1;BOM;A2;N;-1;0.0
obs1611;55;PB;NORDESTE;30;75.71;2021;0 Km;36;38063.39;1.04;8200.0;2829.0;16;N;N;EF;692;3.0;A1;RUIM;A1;N;0;0.0
obs1779;56;MG;SULDESTE;30;65.0;2021;0 Km;18;33049.12;0.0;13940.0;1845.0;13;N;N;EF;720;3.0;A4;BOM;A1;N;0;0.0
obs8163;55;SP;SULDESTE;90;49.9;2021;0 Km;48;33282.77;1.0;9840.0;8446.0;9;N;N;EF;760;1.0;A4;RUIM;A2;;0;0.0
obs9605;60;DF;CENTRO-OESTE;30;75.65;2021;0 Km;18;35063.35;0.0;12300.0;1927.0;16;N;N;EF;760;3.0;A2;BOM;A1;S;0;0.0
obs46;43;MA;NORDESTE;30;32.09;2021;0 Km;37;53507.61;0.88;4100.0;1845.0;0;N;N;EF;669;1.0;A1;BOM;B2;;0;0.0
obs459;35;SC;SUL;30;38.14;2021;0 Km;60;47873.78;1.08;4829.8;861.0;0;N;N;EF;754;2.0;A2;BOM;B3;S;0;0.0
obs8413;70;SP;SULDESTE;30;82.25;2021;0 Km;24;15129.68;1.12;4920.0;1927.0;15;N;N;EF;747;1.0;A4;BOM;A1;;0;0.0
obs5634;70;RJ;SULDESTE;30;32.73;2021;0 Km;60;55195.0;1.35;8200.0;2050.0;16;N;N;EF;747;1.0;A4;BOM;B3;S;0;0.0
obs5661;37;MG;SULDESTE;30;5.38;2022;0 Km;60;52003.54;1.08;3690.0;1353.0;32;N;N;EF;737;3.0;A2;BOM;C3;S;-1;0.0
obs7173;30;RJ;SULDESTE;30;43.68;2022;0 Km;24;46014.37;0.77;7380.0;1804.0;28;N;N;EF;706;1.0;A1;BOM;A1;;-1;0.0
obs9264;43;RS;SUL;30;34.13;2021;0 Km;49;61026.34;0.9;6560.0;8364.0;0;N;N;EF;723;3.0;A4;BOM;B3;S;0;0.0
obs7987;73;RJ;SULDESTE;30;23.35;2022;0 Km;60;61594.3;1.12;7380.0;2993.0;19;N;N;EF;747;3.0;A4;BOM;B3;S;-1;0.0
obs4003;44;SP;SULDESTE;30;64.41;2015;>= 3 anos;36;12962.71;0.99;5494.0;4264.0;8;N;N;EF;651;;;;;S;6;0.0
obs1397;41;SP;SULDESTE;30;71.54;2021;0 Km;36;18948.67;1.09;9840.0;1353.0;6;N;N;EF;733;3.0;A2;BOM;A1;S;0;0.0
obs4048;50;RJ;SULDESTE;30;48.31;2022;0 Km;36;22863.18;0.62;5740.0;1886.0;13;N;N;EF;755;3.0;A2;BOM;A1;S;-1;0.0
obs1544;64;SP;SULDESTE;30;51.23;2021;0 Km;36;22912.13;0.99;1312.0;2583.0;58;N;N;EF;760;2.0;A4;BOM;A1;N;0;0.0
obs2734;59;SC;SUL;30;40.3;2015;>= 3 anos;48;17872.28;1.04;4920.0;2706.0;10;N;N;EF;665;;;;;S;6;0.0
obs9781;52;PB;NORDESTE;30;83.35;2022;0 Km;36;12383.24;1.0;4100.0;5945.0;10;N;N;EF;687;3.0;A2;PESS;A1;N;-1;0.0
obs1524;38;AC;NORTE;30;0.0;2021;0 Km;60;62313.89;1.45;6560.0;861.0;24;N;N;EF;706;1.0;A2;BOM;C3;;0;0.0
obs8914;39;PA;NORTE;30;50.0;2018;>= 3 anos;48;26116.22;1.27;6314.0;2050.0;11;N;N;EF;671;;;;;S;3;0.0
obs6345;68;SC;SUL;30;29.73;2022;0 Km;60;55091.06;1.02;4920.0;1927.0;26;N;N;EF;747;3.0;A4;BOM;B3;S;-1;0.0
obs9806;23;MT;CENTRO-OESTE;30;42.63;2022;0 Km;48;34436.14;1.67;820.0;0.0;28;N;N;EF;604;1.0;A0;BOM;A2;;-1;0.0
obs8754;68;TO;NORTE;30;16.01;2022;0 Km;60;35770.67;1.18;3280.0;2911.0;26;N;N;EF;747;3.0;A1;BOM;C3;S;-1;0.0
obs6443;21;SP;SULDESTE;30;85.4;2022;0 Km;36;9315.95;0.0;820.0;0.0;33;N;N;EF;617;1.0;A0;BOM;A1;;-1;0.0
obs5004;36;RN;NORDESTE;30;35.23;2021;0 Km;49;62016.77;0.93;4100.0;1271.0;44;N;N;EF;658;2.0;A2;BOM;B3;N;0;0.0
obs2695;52;RS;SUL;30;40.98;2021;0 Km;36;90438.8;1.17;26773.0;1968.0;11;N;N;EF;687;3.0;A4;PESS;A1;S;0;0.0
obs7368;47;DF;CENTRO-OESTE;30;27.12;2021;0 Km;49;73320.54;0.93;13120.0;2460.0;15;N;N;EF;706;2.0;A4;BOM;B3;S;0;0.0
obs1900;44;PE;NORDESTE;30;31.31;2022;0 Km;49;27576.21;1.05;3690.0;3198.0;21;N;N;EF;746;3.0;A2;BOM;B3;N;-1;0.0
obs3990;65;BA;NORDESTE;30;44.05;2022;0 Km;36;24362.53;1.26;2460.0;1517.0;36;N;N;EF;668;3.0;A2;PESS;A1;S;-1;0.0
obs6059;46;PA;NORTE;30;37.05;2022;0 Km;49;36224.5;1.16;2870.0;492.0;0;N;N;EF;695;3.0;A2;PESS;B3;S;-1;0.0
obs9545;37;PE;NORDESTE;30;44.64;2022;0 Km;48;37471.47;1.14;8200.0;2583.0;13;N;N;EF;733;2.0;A2;BOM;A2;S;-1;0.0
obs9695;45;BA;NORDESTE;30;28.16;2022;0 Km;48;33858.71;1.1;5740.0;2173.0;16;N;N;EF;706;3.0;A2;BOM;B2;S;-1;0.0
obs8720;24;SP;SULDESTE;30;51.0;2022;0 Km;49;23772.69;1.1;5207.0;1066.0;13;N;N;EF;670;1.0;A1;RUIM;A3;;-1;0.0
obs1575;69;RJ;SULDESTE;30;39.58;2021;0 Km;48;24740.64;1.12;6560.0;2132.0;10;N;N;EF;705;3.0;A4;PESS;B2;S;0;0.0
obs9099;34;MG;SULDESTE;30;15.17;2018;>= 3 anos;48;34297.03;1.51;3690.0;1312.0;28;N;N;EF;681;;;;;S;3;0.0
obs7011;23;CE;NORDESTE;30;38.83;2022;0 Km;48;49914.54;1.18;6150.0;943.0;23;N;N;EF;689;3.0;A2;BOM;B2;N;-1;0.0
obs5257;44;SP;SULDESTE;30;71.65;2019;2 anos;12;10887.71;0.41;3034.0;1312.0;32;N;N;EF;665;;;;;;2;0.0
obs5870;31;RO;NORTE;30;24.7;2021;0 Km;49;73043.83;1.19;6396.0;1189.0;35;N;N;EF;693;3.0;A4;BOM;B3;S;0;0.0
obs5953;38;SP;SULDESTE;30;4.49;2013;>= 3 anos;48;19279.01;1.86;3116.0;1886.0;19;N;N;EF;683;;;;;S;8;0.0
obs9751;24;GO;CENTRO-OESTE;30;36.12;2022;0 Km;60;26829.19;1.08;5412.0;820.0;11;N;N;EF;674;1.0;A2;BOM;B3;;-1;0.0
obs5505;38;SP;SULDESTE;30;42.35;2021;0 Km;60;50505.27;0.98;8200.0;4469.0;14;N;N;EF;737;3.0;A2;BOM;A3;S;0;0.0
obs4013;52;SP;SULDESTE;30;25.17;2022;0 Km;48;30401.01;1.31;4920.0;5986.0;18;N;N;EF;674;3.0;A2;RUIM;B2;S;-1;0.0
obs9092;76;SC;SUL;30;50.0;2020;2 anos;60;38600.62;1.69;10660.0;2132.0;9;N;N;EF;665;;;;;S;1;0.0
obs421;48;SP;SULDESTE;30;0.0;2021;0 Km;60;41604.51;1.37;4100.0;902.0;25;N;N;EF;755;1.0;A2;BOM;C3;;0;0.0
obs2600;41;ES;SULDESTE;30;57.19;2022;0 Km;36;20228.42;0.67;2050.0;861.0;31;S;N;EF;746;3.0;A1;BOM;A1;N;-1;0.0
obs4633;47;MT;CENTRO-OESTE;30;55.88;2022;0 Km;60;25093.39;1.18;3280.0;2501.0;17;S;N;EF;647;1.0;A1;RUIM;A3;;-1;0.0
obs9729;45;RJ;SULDESTE;30;23.57;2022;0 Km;60;35645.18;1.24;3362.0;1845.0;0;N;N;EF;708;1.0;A2;BOM;B3;;-1;0.0
obs6806;35;RS;SUL;30;9.85;2022;0 Km;60;50190.08;1.39;4756.0;3239.0;27;N;N;EF;693;3.0;A2;BOM;C3;N;-1;0.0
obs3505;64;SE;NORDESTE;30;34.48;2022;0 Km;48;30932.29;1.05;6560.0;1886.0;13;N;N;EF;696;3.0;A2;RUIM;B2;N;-1;0.0
obs7839;72;RJ;SULDESTE;30;60.0;2021;0 Km;24;58763.17;0.93;16400.0;15949.0;0;N;N;EF;777;2.0;A4;BOM;A1;N;0;0.0
obs5559;80;RJ;SULDESTE;30;50.7;2022;0 Km;36;38408.25;0.83;6232.0;3034.0;0;N;N;EF;764;3.0;A4;BOM;A1;N;-1;0.0
obs8895;53;PE;NORDESTE;30;21.14;2020;2 anos;48;43494.78;2.27;4920.0;1845.0;31;N;N;EF;640;;;;;S;1;0.0
obs6107;47;BA;NORDESTE;30;0.0;2021;2 anos;60;36695.64;1.64;8200.0;1763.0;12;N;N;EF;687;;;;;S;0;0.0
obs4916;39;DF;CENTRO-OESTE;30;25.27;2022;0 Km;48;35199.47;1.37;3198.0;1271.0;31;N;N;EF;654;3.0;A2;BOM;B2;N;-1;0.0
obs3949;56;SP;SULDESTE;30;76.54;2021;0 Km;18;24028.27;0.0;8200.0;3239.0;16;N;N;EF;760;3.0;A4;BOM;A1;N;0;0.0
obs8515;43;PA;NORTE;30;36.45;2022;0 Km;60;60307.24;1.18;9020.0;3321.0;0;N;N;EF;710;3.0;A2;BOM;B3;S;-1;0.0
obs1676;47;RJ;SULDESTE;30;20.01;2015;>= 3 anos;48;21486.21;1.66;4920.0;1640.0;13;N;N;EF;685;;;;;S;6;0.0
obs2175;52;RS;SUL;30;30.63;2021;0 Km;49;36518.43;1.16;3526.0;4387.0;30;N;N;EF;691;3.0;A4;BOM;B3;S;0;0.0
obs6309;44;SP;SULDESTE;30;69.05;2016;>= 3 anos;36;11825.61;0.71;1804.0;1804.0;0;N;N;EF;724;;;;;N;5;0.0
obs4487;38;SP;SULDESTE;30;57.14;2017;>= 3 anos;60;25935.61;1.14;3772.0;1394.0;16;N;N;EF;671;;;;;N;4;0.0
obs4315;64;RJ;SULDESTE;30;49.14;2022;0 Km;48;36749.62;0.88;4920.0;3321.0;20;N;N;EF;720;3.0;A4;RUIM;A2;N;-1;0.0
obs8215;66;SP;SULDESTE;30;53.78;2022;0 Km;37;41625.1;1.42;7380.0;8446.0;20;N;N;EF;751;3.0;A4;BOM;A2;S;-1;0.0
obs7548;50;SP;SULDESTE;30;50.01;2020;2 anos;48;17627.31;0.89;6560.0;8364.0;6;N;N;EF;689;;;;;S;1;0.0
obs2609;41;MG;SULDESTE;30;48.37;2022;0 Km;49;22983.71;1.16;3690.0;1312.0;19;N;N;EF;737;3.0;A4;BOM;A3;N;-1;0.0
obs6492;49;SP;SULDESTE;30;59.32;2022;0 Km;36;24122.77;0.83;4100.0;1927.0;19;N;N;EF;715;2.0;A2;BOM;A1;S;-1;0.0
obs1936;53;PR;SUL;30;7.41;2021;0 Km;60;41445.11;1.26;4305.0;4387.0;24;N;N;EF;742;3.0;A4;BOM;C3;S;0;0.0
obs2035;42;SP;SULDESTE;30;0.0;2021;0 Km;60;74223.35;1.04;6560.0;8364.0;26;N;N;EF;746;3.0;A4;BOM;C3;S;0;0.0
obs9119;46;PR;SUL;30;67.28;2020;2 anos;24;23196.01;0.75;5330.0;6068.0;20;N;N;EF;716;;;;;N;1;0.0
obs5277;80;PI;NORDESTE;30;44.85;2022;0 Km;60;24340.83;0.98;3690.0;1845.0;14;N;N;EF;751;2.0;A2;BOM;A3;S;-1;0.0
obs245;47;SC;SUL;30;10.78;2021;0 Km;60;38523.0;1.24;5576.0;1927.0;17;N;N;EF;668;3.0;A1;RUIM;C3;S;0;0.0
obs7809;50;SP;SULDESTE;30;54.07;2014;>= 3 anos;48;15137.31;1.25;4100.0;1681.0;10;N;N;EF;704;;;;;S;7;0.0
obs7938;38;RS;SUL;30;50.46;2021;0 Km;60;35780.74;0.97;2870.0;5945.0;28;N;N;EF;733;3.0;A2;BOM;A3;N;0;0.0
obs7378;75;RS;SUL;30;0.0;2022;0 Km;60;48353.58;1.12;4100.0;1968.0;27;N;N;EF;747;3.0;A1;BOM;C3;S;-1;0.0
obs9290;30;MG;SULDESTE;30;40.43;2022;0 Km;37;44187.85;1.07;5084.0;1312.0;30;N;N;EF;746;3.0;A1;BOM;A2;S;-1;0.0
obs1401;42;PB;NORDESTE;30;40.01;2021;0 Km;36;38140.95;0.84;4018.0;1845.0;32;S;N;EF;650;3.0;A2;PESS;A1;S;0;0.0
obs6435;21;CE;NORDESTE;30;0.0;2022;0 Km;60;81133.33;1.39;6560.0;779.0;31;S;N;EF;725;1.0;A2;BOM;C3;;-1;0.0
obs6633;72;PB;NORDESTE;30;19.44;2022;0 Km;60;35193.55;1.2;3116.0;820.0;27;N;N;EF;692;1.0;A2;BOM;C3;N;-1;0.0
obs5116;46;MT;CENTRO-OESTE;30;20.65;2022;0 Km;60;64715.93;1.18;4756.0;1845.0;31;N;N;EF;742;2.0;A2;RUIM;B3;S;-1;0.0
obs6320;69;SC;SUL;30;84.95;2021;0 Km;36;12456.45;1.03;3444.0;1763.0;12;N;N;EF;747;3.0;A4;BOM;A1;S;0;0.0
obs687;24;SP;SULDESTE;30;0.0;2021;0 Km;60;39379.28;1.55;4018.0;1394.0;25;N;N;EF;725;1.0;A1;BOM;C3;;0;0.0
obs1961;49;SC;SUL;30;31.05;2018;>= 3 anos;48;22829.79;1.34;2870.0;2542.0;22;N;N;EF;633;;;;;S;3;0.0
obs8157;71;SC;SUL;30;12.5;2014;>= 3 anos;48;24323.79;1.76;4100.0;1681.0;19;N;N;EF;660;;;;;S;7;0.0
obs8151;76;RJ;SULDESTE;30;0.0;2022;0 Km;48;84327.17;1.42;6396.0;2132.0;38;N;N;EF;747;2.0;A4;BOM;C2;S;-1;0.0
obs8011;52;PR;SUL;30;13.3;2022;0 Km;60;55057.22;1.4;5022.76;1845.0;28;N;N;EF;706;2.0;A2;BOM;C3;N;-1;1.0
obs473;34;CE;NORDESTE;30;19.35;2015;>= 3 anos;48;21660.51;1.95;2870.0;1927.0;25;S;N;EF;668;;;;;N;6;0.0
obs8176;34;GO;CENTRO-OESTE;30;37.98;2022;0 Km;48;86787.56;0.91;12300.0;1312.0;0;N;N;EF;723;2.0;A2;BOM;B2;S;-1;0.0
obs6018;42;PE;NORDESTE;30;10.63;2022;0 Km;60;43473.78;1.08;8200.0;1968.0;12;N;N;EF;669;3.0;A2;RUIM;C3;N;-1;1.0
obs3006;57;PI;NORDESTE;30;61.12;2021;0 Km;36;37827.5;0.72;6970.0;2583.0;18;N;N;EF;692;3.0;A2;BOM;A1;S;0;0.0
obs7783;71;MA;NORDESTE;30;53.5;2022;0 Km;48;20898.57;0.83;4100.0;1640.0;13;N;N;EF;751;3.0;A2;BOM;A2;S;-1;0.0
obs9214;31;PR;SUL;30;27.89;2022;0 Km;49;36993.73;1.16;3198.0;1230.0;34;S;N;EF;697;3.0;A2;BOM;B3;N;-1;0.0
obs4206;47;RS;SUL;30;0.0;2021;0 Km;36;42840.79;0.98;4510.0;1353.0;33;N;N;EF;746;3.0;A4;BOM;C1;S;0;0.0
obs2503;47;RJ;SULDESTE;30;53.05;2022;0 Km;30;33713.15;0.0;5740.0;4838.0;20;N;N;EF;676;3.0;A4;RUIM;A1;S;-1;0.0
obs5614;69;PR;SUL;30;28.0;2022;0 Km;49;40395.66;1.16;3116.0;2624.0;40;N;N;EF;711;3.0;A4;RUIM;B3;S;-1;0.0
obs510;24;DF;CENTRO-OESTE;30;56.86;2018;>= 3 anos;36;16084.57;1.33;3098.44;984.0;19;N;N;EF;664;;;;;;3;0.0
obs4963;70;RS;SUL;30;47.53;2021;0 Km;48;46620.54;0.99;8200.0;1886.0;15;N;N;EF;751;1.0;A4;BOM;A2;;0;0.0
obs4340;67;PE;NORDESTE;30;26.81;2021;0 Km;49;49435.51;1.16;5740.0;1927.0;26;N;N;EF;683;3.0;A1;RUIM;B3;;0;0.0
obs7189;50;ES;SULDESTE;30;11.7;2022;0 Km;60;38563.12;1.14;3444.0;2214.0;27;N;N;EF;700;3.0;A1;BOM;C3;S;-1;0.0
obs2118;23;RJ;SULDESTE;30;32.03;2021;0 Km;36;31364.77;1.65;6970.0;0.0;16;N;N;EF;608;1.0;A0;BOM;B1;;0;0.0
obs2295;33;RS;SUL;30;63.14;2021;0 Km;24;27986.28;0.0;6558.36;3239.0;18;N;N;EF;746;3.0;A2;BOM;A1;N;0;0.0
obs4677;41;SP;SULDESTE;30;22.26;2022;0 Km;36;102256.6;0.87;12300.0;6109.0;28;N;N;EF;659;3.0;A4;BOM;B1;S;-1;0.0
obs7549;51;SC;SUL;30;17.16;2022;0 Km;48;64967.23;1.21;6560.0;1476.0;28;N;N;EF;706;1.0;A4;BOM;C2;;-1;0.0
obs4053;48;PR;SUL;30;18.98;2021;0 Km;60;48863.75;1.56;4920.0;2706.0;26;N;N;EF;687;2.0;A2;BOM;C3;S;0;0.0
obs4373;35;PI;NORDESTE;30;10.02;2022;0 Km;60;38152.03;1.29;4920.0;1804.0;19;N;N;EF;737;1.0;A1;BOM;C3;S;-1;0.0
obs4007;47;CE;NORDESTE;30;28.0;2022;0 Km;60;38783.41;1.28;5740.0;2009.0;16;S;N;EF;674;1.0;A2;BOM;B3;S;-1;0.0
obs4861;51;MT;CENTRO-OESTE;30;62.91;2022;0 Km;24;33698.83;0.0;6560.0;1394.0;21;N;N;EF;755;3.0;A2;BOM;A1;S;-1;0.0
obs1750;69;PA;NORTE;30;83.07;2021;0 Km;24;33827.75;1.04;4100.0;11726.0;0;S;N;EF;768;3.0;A2;BOM;A1;;0;0.0
obs489;48;SP;SULDESTE;30;20.05;2021;0 Km;36;40417.61;0.83;4100.0;1230.0;32;N;N;EF;755;3.0;A4;BOM;B1;N;0;0.0
obs5027;39;GO;CENTRO-OESTE;30;58.64;2022;0 Km;18;27175.3;0.0;12300.0;5945.0;0;N;N;EF;706;3.0;A2;RUIM;A1;N;-1;0.0
obs769;54;SP;SULDESTE;30;79.62;2021;0 Km;24;20140.71;0.0;12300.0;2009.0;7;N;N;EF;755;3.0;A4;BOM;A1;S;0;0.0
obs950;62;DF;CENTRO-OESTE;30;62.54;2021;0 Km;24;30289.13;0.0;4428.0;2501.0;28;N;N;EF;720;3.0;A4;BOM;A1;S;0;0.0
obs9622;36;PE;NORDESTE;30;29.3;2022;0 Km;60;57191.44;1.44;4920.0;2583.0;30;N;N;EF;665;1.0;A1;RUIM;B3;S;-1;0.0
obs3987;46;SP;SULDESTE;30;13.6;2021;0 Km;48;35073.91;1.21;6150.0;3280.0;15;N;N;EF;706;2.0;A4;BOM;C2;N;0;0.0
obs5769;56;PB;NORDESTE;30;83.84;2022;0 Km;36;10219.95;0.0;4100.0;861.0;7;N;N;EF;760;3.0;A2;BOM;A1;N;-1;0.0
obs1033;44;RS;SUL;30;0.0;2021;0 Km;48;44769.71;1.07;6760.56;5986.0;18;N;N;EF;746;2.0;A4;BOM;C2;N;0;0.0
obs7068;25;SP;SULDESTE;30;51.15;2022;0 Km;48;20608.67;1.13;3444.0;943.0;17;N;N;EF;670;1.0;A1;PESS;A2;;-1;0.0
obs2764;37;PR;SUL;30;28.0;2021;0 Km;49;45192.36;1.16;3189.8;820.0;43;N;N;EF;697;3.0;A2;BOM;B3;S;0;0.0
obs3;56;RJ;SULDESTE;30;53.0;2021;0 Km;30;29476.83;0.0;9840.0;2665.0;10;N;N;EF;760;3.0;A4;RUIM;A1;S;0;0.0
obs1280;43;SC;SUL;30;38.19;2019;2 anos;48;22589.93;1.35;2870.0;2542.0;22;N;S;EF;681;;;;;;2;0.0
obs8041;48;BA;NORDESTE;30;0.0;2022;0 Km;48;55716.31;1.47;5740.0;8364.0;29;N;N;EF;702;3.0;A2;BOM;C2;N;-1;0.0
obs1942;48;BA;NORDESTE;30;14.41;2022;0 Km;60;36867.58;1.45;4100.0;3362.0;23;N;N;EF;659;3.0;A2;RUIM;C3;S;-1;0.0
obs1929;59;SP;SULDESTE;30;63.94;2021;0 Km;37;23721.75;1.28;4100.0;1927.0;21;N;N;EF;751;3.0;A4;BOM;A2;N;0;0.0
obs180;54;SP;SULDESTE;30;30.33;2021;0 Km;37;55233.11;1.24;5740.0;3526.0;34;S;N;EF;706;3.0;A4;BOM;B2;S;0;0.0
obs9286;25;SP;SULDESTE;30;12.16;2018;>= 3 anos;60;25039.05;1.85;2460.0;984.0;29;N;N;EF;670;;;;;S;3;0.0
obs5214;62;MG;SULDESTE;30;67.02;2021;2 anos;36;27307.18;1.37;3690.0;1189.0;27;N;N;EF;665;;;;;;0;0.0
obs9712;47;SP;SULDESTE;30;0.0;2022;0 Km;60;41389.22;1.23;8200.0;1312.0;12;N;N;EF;742;3.0;A4;BOM;C3;S;-1;0.0
obs9187;37;PA;NORTE;30;38.24;2021;0 Km;60;47107.75;1.45;4100.0;1107.0;30;N;N;EF;658;3.0;A1;BOM;B3;N;0;0.0
obs6436;58;RJ;SULDESTE;30;78.15;2022;0 Km;24;13423.86;0.88;1078.3;861.0;58;N;N;EF;747;1.0;A4;BOM;A1;;-1;0.0
obs869;39;MA;NORDESTE;30;20.34;2021;0 Km;60;39906.52;1.4;4920.0;1312.0;0;N;N;EF;710;1.0;A2;BOM;B3;;0;0.0
obs5333;42;CE;NORDESTE;30;39.06;2022;0 Km;49;56335.42;0.93;7380.0;5453.0;22;N;N;EF;697;3.0;A1;BOM;B3;S;-1;0.0
obs4612;79;PE;NORDESTE;30;60.6;2022;0 Km;36;21307.76;0.83;4510.0;1312.0;15;N;N;EF;707;3.0;A2;RUIM;A1;N;-1;0.0
obs4549;29;PE;NORDESTE;30;13.3;2022;0 Km;60;36839.84;1.22;3936.0;1271.0;23;N;N;EF;733;3.0;A2;BOM;C3;S;-1;0.0
obs3544;58;PI;NORDESTE;30;0.0;2022;0 Km;60;42825.76;1.39;4100.0;1804.0;26;N;N;EF;692;2.0;A2;BOM;C3;S;-1;0.0
obs4512;67;RJ;SULDESTE;30;31.19;2021;0 Km;60;28469.97;1.2;3280.0;1148.0;21;N;N;EF;747;3.0;A4;BOM;B3;S;0;0.0
obs4597;39;RS;SUL;30;25.98;2021;0 Km;60;43128.8;1.26;2050.0;492.0;0;N;N;EF;710;3.0;A1;RUIM;B3;N;0;0.0
obs3061;42;PE;NORDESTE;30;45.06;2018;>= 3 anos;48;20346.91;1.08;2460.0;2542.0;23;N;N;EF;704;;;;;S;3;0.0
obs6494;45;ES;SULDESTE;30;61.31;2022;0 Km;24;32538.98;0.62;4264.0;2583.0;0;N;N;EF;693;1.0;A2;BOM;A1;;-1;0.0
obs4920;71;GO;CENTRO-OESTE;30;90.68;2022;0 Km;18;6808.6;0.0;5330.0;1763.0;7;N;N;EF;720;3.0;A2;RUIM;A1;N;-1;0.0
obs7239;36;PE;NORDESTE;30;33.95;2021;0 Km;49;60674.12;0.83;6970.0;2542.0;0;N;N;EF;708;2.0;A2;BOM;B3;S;0;0.0
obs1762;53;RJ;SULDESTE;30;12.63;2016;>= 3 anos;48;28964.51;1.73;4100.0;1394.0;22;N;N;EF;672;;;;;S;5;0.0
obs4308;76;BA;NORDESTE;30;49.74;2016;>= 3 anos;60;16774.11;1.54;2132.0;1804.0;20;N;N;EF;643;;;;;S;5;0.0
obs5419;63;BA;NORDESTE;30;85.67;2021;0 Km;36;23655.64;1.04;8200.0;2952.0;10;N;N;EF;692;1.0;A2;BOM;A1;;0;0.0
obs803;66;MS;CENTRO-OESTE;30;68.63;2021;0 Km;36;29407.98;0.0;3490.05;4305.0;24;N;N;EF;720;3.0;A2;PESS;A1;S;0;0.0
obs8284;64;SP;SULDESTE;30;45.93;2022;0 Km;36;22283.61;0.87;4100.0;4305.0;0;N;N;EF;768;2.0;A4;BOM;A1;S;-1;0.0
obs6375;62;MG;SULDESTE;30;60.05;2022;0 Km;12;23752.18;0.0;2624.0;8282.0;0;N;N;EF;722;1.0;A4;PESS;A1;S;-1;0.0
obs646;60;SP;SULDESTE;30;76.15;2021;0 Km;24;17854.89;0.0;4100.0;6068.0;18;N;N;EF;760;3.0;A4;BOM;A1;N;0;0.0
obs181;64;ES;SULDESTE;30;26.95;2021;0 Km;37;33739.37;1.13;3936.0;2091.0;32;N;N;EF;681;3.0;A2;PESS;B2;S;0;1.0
obs4078;33;PA;NORTE;30;0.0;2022;0 Km;60;45527.43;1.12;4168.12;2501.0;0;N;N;EF;750;3.0;A2;BOM;C3;S;-1;0.0
obs8339;45;PA;NORTE;30;20.74;2019;2 anos;48;29518.39;1.34;5740.0;4264.0;15;N;N;EF;675;;;;;S;2;0.0
obs6488;42;SP;SULDESTE;30;50.64;2022;0 Km;24;29102.77;0.59;3772.0;2583.0;0;N;N;EF;763;3.0;A2;BOM;A1;S;-1;0.0
obs2945;42;RJ;SULDESTE;30;4.43;2018;>= 3 anos;48;37097.68;1.49;4920.0;2583.0;23;N;N;EF;658;;;;;;3;0.0
obs656;29;DF;CENTRO-OESTE;30;40.17;2021;0 Km;48;25705.93;0.83;7380.0;1394.0;8;N;N;EF;746;1.0;A2;BOM;A2;;0;0.0
obs1506;76;RJ;SULDESTE;30;56.05;2021;0 Km;36;22857.37;1.01;4756.0;2501.0;16;N;N;EF;692;3.0;A4;RUIM;A1;N;0;0.0
obs7441;59;SP;SULDESTE;30;46.21;2021;0 Km;49;98387.14;1.06;12300.0;8487.0;0;N;N;EF;760;2.0;A4;BOM;A3;S;0;0.0
obs7393;27;PB;NORDESTE;30;6.97;2018;>= 3 anos;60;29743.77;1.65;3116.0;1025.0;26;N;N;EF;663;;;;;S;3;0.0
obs3992;38;MG;SULDESTE;30;29.78;2021;0 Km;36;35315.15;1.27;5412.0;4264.0;22;N;N;EF;693;3.0;A2;BOM;B1;S;0;0.0
obs4380;53;GO;CENTRO-OESTE;30;41.41;2022;0 Km;48;24323.09;1.16;3280.0;1845.0;20;N;S;EF;674;3.0;A2;RUIM;A2;N;-1;0.0
obs6209;62;CE;NORDESTE;30;29.14;2021;0 Km;49;62126.33;0.93;4920.0;1558.0;36;N;N;EF;711;1.0;A2;BOM;B3;;0;0.0
obs3935;36;PE;NORDESTE;30;28.28;2022;0 Km;49;63413.12;0.93;5904.0;4346.0;31;N;N;EF;682;1.0;A2;BOM;B3;S;-1;0.0
obs3051;47;RJ;SULDESTE;30;13.3;2018;>= 3 anos;48;27959.38;1.45;4920.0;2952.0;17;N;N;EF;661;;;;;N;3;0.0
obs7311;31;CE;NORDESTE;30;54.01;2022;0 Km;36;21161.68;0.62;2296.0;779.0;30;N;N;EF;746;3.0;A1;BOM;A1;N;-1;0.0
obs396;41;RS;SUL;30;31.95;2021;0 Km;60;29408.9;1.39;4920.0;1230.0;14;N;N;EF;665;2.0;A2;BOM;B3;S;0;0.0
obs6369;25;SP;SULDESTE;30;36.17;2022;0 Km;36;37402.77;1.22;4510.0;2583.0;28;N;N;EF;617;1.0;A1;BOM;B1;N;-1;0.0
obs5522;44;PE;NORDESTE;30;25.0;2015;>= 3 anos;48;25409.91;1.61;3280.0;2501.0;24;N;N;EF;672;;;;;S;6;0.0
obs2270;39;PR;SUL;30;40.85;2022;0 Km;49;28670.58;1.1;1640.0;1845.0;53;N;N;EF;682;1.0;A4;PESS;A3;;-1;0.0
obs5269;39;SE;NORDESTE;30;42.55;2022;0 Km;37;47630.23;0.87;7380.0;4223.0;23;N;N;EF;697;3.0;A2;BOM;A2;S;-1;0.0
obs2491;29;PA;NORTE;30;38.63;2022;0 Km;60;40521.04;1.06;3936.0;1312.0;0;N;N;EF;693;1.0;A1;BOM;B3;;-1;0.0
obs2018;47;TO;NORTE;30;71.43;2021;0 Km;36;23564.69;0.76;6560.0;2665.0;11;N;N;EF;706;3.0;A2;BOM;A1;S;0;0.0
obs4875;62;GO;CENTRO-OESTE;30;25.17;2021;0 Km;60;45240.75;1.61;4920.0;3157.0;24;N;S;EF;646;2.0;A1;RUIM;B3;N;0;0.0
obs7733;64;PA;NORTE;30;66.65;2022;0 Km;24;16246.69;0.66;3280.0;8651.0;23;N;N;EF;747;3.0;A2;BOM;A1;S;-1;0.0
obs5694;55;DF;CENTRO-OESTE;30;12.74;2022;0 Km;60;57839.38;1.44;11480.0;6273.0;13;N;N;EF;707;2.0;A1;BOM;C3;S;-1;0.0
obs7689;58;RJ;SULDESTE;30;0.0;2021;0 Km;60;55938.68;1.23;6560.0;3239.0;21;N;N;EF;747;1.0;A4;BOM;C3;;0;0.0
obs1968;48;SP;SULDESTE;30;1.99;2022;0 Km;60;41719.72;1.23;5740.0;11726.0;0;N;N;EF;772;3.0;A1;BOM;C3;S;-1;0.0
obs6412;56;SP;SULDESTE;30;63.6;2022;0 Km;24;32134.05;0.0;5740.0;2624.0;0;N;N;EF;777;3.0;A4;BOM;A1;S;-1;0.0
obs3542;63;RS;SUL;30;29.37;2020;2 anos;48;36968.54;1.64;4264.0;1845.0;0;N;N;EF;694;;;;;N;1;0.0
obs1608;40;RO;NORTE;30;26.34;2021;0 Km;49;66484.95;0.83;4100.0;1312.0;0;N;N;EF;763;3.0;A2;BOM;B3;S;0;0.0
obs5621;55;PR;SUL;30;43.28;2015;>= 3 anos;48;19693.41;1.16;2624.0;1353.0;0;S;N;EF;688;;;;;N;6;0.0
obs7617;51;RS;SUL;30;23.94;2022;0 Km;60;66106.45;1.66;11118.38;3977.0;15;N;N;EF;674;3.0;A4;RUIM;B3;S;-1;0.0
obs8932;75;RJ;SULDESTE;30;45.7;2021;0 Km;37;37838.04;1.24;12300.0;2829.0;0;N;N;EF;724;3.0;A4;PESS;A2;S;0;0.0
obs5054;26;SC;SUL;30;48.86;2022;0 Km;49;48616.23;0.93;4920.0;1804.0;27;N;N;EF;689;2.0;A1;BOM;A3;S;-1;0.0
obs9107;50;AM;NORTE;30;29.63;2022;0 Km;37;30584.11;1.18;2460.0;1845.0;47;N;N;EF;678;3.0;A2;RUIM;B2;S;-1;0.0
obs8053;46;PE;NORDESTE;30;28.0;2022;0 Km;49;57682.37;1.02;8200.0;2091.0;20;S;N;EF;706;3.0;A2;PESS;B3;S;-1;0.0
obs944;53;SP;SULDESTE;30;59.3;2021;0 Km;48;29271.92;0.93;4100.0;4346.0;18;N;N;EF;715;3.0;A4;PESS;A2;S;0;0.0
obs7650;59;MG;SULDESTE;30;26.57;2022;0 Km;49;60467.34;0.83;14760.0;2788.0;11;N;N;EF;681;3.0;A4;RUIM;B3;S;-1;0.0
obs9296;23;SC;SUL;30;30.03;2022;0 Km;48;60402.23;1.16;3772.0;820.0;45;N;N;EF;689;1.0;A1;BOM;B2;S;-1;1.0
obs3671;51;ES;SULDESTE;30;61.43;2019;2 anos;48;23623.12;0.96;4920.0;4469.0;13;N;N;EF;675;;;;;N;2;0.0
obs1432;41;CE;NORDESTE;30;48.97;2012;>= 3 anos;48;10870.51;1.69;2132.0;1312.0;16;N;N;EF;646;;;;;N;9;0.0
obs590;45;RS;SUL;30;72.0;2021;0 Km;24;25322.31;0.0;4346.0;2501.0;25;N;N;EF;755;3.0;A4;BOM;A1;N;0;0.0
obs9521;44;AM;NORTE;30;50.53;2022;0 Km;36;40805.56;1.22;6560.0;8364.0;21;N;N;EF;742;3.0;A2;BOM;A1;S;-1;0.0
obs5784;57;RJ;SULDESTE;30;43.77;2022;0 Km;48;42650.38;0.95;9840.0;4387.0;11;N;N;EF;747;3.0;A4;BOM;A2;S;-1;0.0
obs4136;46;SC;SUL;30;10.07;2021;0 Km;60;37172.19;1.33;6150.0;1845.0;0;N;S;EF;702;2.0;A1;RUIM;C3;S;0;0.0
obs9681;74;PA;NORTE;30;1.06;2022;0 Km;60;43534.6;1.18;3608.0;1845.0;28;N;N;EF;747;3.0;A2;BOM;C3;N;-1;0.0
obs9109;42;SP;SULDESTE;30;17.42;2017;>= 3 anos;48;35094.5;1.69;4100.0;2583.0;26;S;N;EF;657;;;;;N;4;0.0
obs8513;41;SC;SUL;30;58.69;2022;0 Km;60;33820.65;1.38;4920.0;1312.0;17;N;N;EF;682;1.0;A2;BOM;A3;;-1;0.0
obs7459;61;RS;SUL;30;63.61;2022;0 Km;36;24546.69;0.61;1230.0;533.0;65;N;N;EF;696;1.0;A4;BOM;A1;;-1;0.0
obs8862;54;MA;NORDESTE;30;0.0;2015;>= 3 anos;48;31116.7;2.13;4182.0;8446.0;25;N;N;EF;643;;;;;S;6;0.0
obs9498;37;MG;SULDESTE;30;33.21;2022;0 Km;49;43399.74;1.22;3280.0;1107.0;41;N;N;EF;737;1.0;A1;BOM;B3;;-1;0.0
obs2004;44;ES;SULDESTE;30;60.26;2018;>= 3 anos;36;15489.95;0.86;8200.0;6027.0;6;N;N;EF;683;;;;;S;3;0.0
obs3121;30;PE;NORDESTE;30;10.35;2021;0 Km;60;36199.91;0.93;5330.0;1804.0;14;N;N;EF;746;3.0;A4;BOM;C3;S;0;0.0
obs2526;62;SP;SULDESTE;30;60.0;2021;0 Km;12;21783.9;0.0;8200.0;2624.0;23;N;N;EF;681;3.0;A4;PESS;A1;N;0;0.0
obs7530;36;PB;NORDESTE;30;46.76;2021;0 Km;24;83947.25;0.84;13776.0;1312.0;28;N;N;EF;746;3.0;A2;BOM;A1;N;0;0.0
obs2414;62;SP;SULDESTE;30;75.38;2021;0 Km;24;22368.27;0.0;14760.0;8446.0;0;N;N;EF;777;3.0;A4;BOM;A1;S;0;0.0
obs809;28;RR;NORTE;30;22.4;2021;0 Km;49;32098.0;1.05;4510.0;615.0;21;N;N;EF;706;2.0;A4;BOM;B3;S;0;0.0
obs2654;45;SP;SULDESTE;30;17.6;2021;0 Km;60;46754.5;1.08;4674.0;15744.0;0;N;N;EF;772;3.0;A1;BOM;C3;S;0;0.0
obs2049;57;MG;SULDESTE;30;76.63;2016;>= 3 anos;48;29572.25;1.18;4100.0;5945.0;20;N;N;EF;711;;;;;;5;0.0
obs3291;27;RJ;SULDESTE;30;70.67;2021;0 Km;60;16165.62;1.08;4264.0;1271.0;9;N;N;EF;729;1.0;A1;BOM;A3;;0;0.0
obs5080;55;SP;SULDESTE;30;11.14;2022;0 Km;48;40527.01;1.21;6560.0;1599.0;17;S;N;EF;707;3.0;A4;BOM;C2;N;-1;0.0
obs2265;34;MG;SULDESTE;30;44.27;2022;0 Km;60;25074.48;1.04;2132.0;1312.0;27;N;N;EF;691;3.0;A1;RUIM;A3;N;-1;0.0
obs719;53;SC;SUL;30;28.84;2021;0 Km;48;33608.04;1.06;3690.0;2665.0;0;N;N;EF;691;3.0;A4;BOM;B2;;0;0.0
obs1486;66;PA;NORTE;30;50.45;2021;0 Km;60;39344.47;0.83;7954.0;4264.0;0;N;N;EF;760;2.0;A2;BOM;A3;S;0;0.0
obs9082;37;SC;SUL;30;20.0;2015;>= 3 anos;48;25651.79;1.93;3936.0;1312.0;21;N;N;EF;658;;;;;N;6;0.0
obs2602;42;SP;SULDESTE;30;24.0;2021;0 Km;60;37973.1;1.26;2870.0;1886.0;32;N;N;EF;706;3.0;A2;RUIM;B3;S;0;0.0
obs156;72;RJ;SULDESTE;30;25.55;2021;0 Km;60;53782.34;1.4;9840.0;2788.0;14;N;N;EF;683;3.0;A4;RUIM;B3;N;0;0.0
obs3294;62;SP;SULDESTE;30;32.57;2021;2 anos;36;25935.61;0.88;3280.0;1968.0;26;S;N;EF;692;;;;;S;0;0.0
obs1937;32;RS;SUL;30;40.0;2014;>= 3 anos;48;19920.34;1.48;3034.0;1517.0;20;N;N;EF;687;;;;;;7;0.0
obs3855;38;PR;SUL;30;16.86;2021;0 Km;60;36631.94;1.2;2993.0;1271.0;28;N;N;EF;737;1.0;A4;BOM;C3;;0;0.0
obs6726;36;SC;SUL;30;51.61;2017;>= 3 anos;48;25983.79;1.02;3690.0;1886.0;19;N;N;EF;700;;;;;N;4;0.0
obs677;34;SC;SUL;30;77.66;2018;>= 3 anos;18;7653.64;1.06;1722.0;820.0;28;N;N;EF;700;;;;;S;3;0.0
obs5918;62;RJ;SULDESTE;30;81.18;2021;0 Km;24;13923.25;0.09;5740.0;3280.0;10;N;N;EF;760;3.0;A4;BOM;A1;S;0;0.0
obs6959;36;GO;CENTRO-OESTE;30;49.73;2017;>= 3 anos;48;36522.49;1.76;4756.0;1845.0;23;N;N;EF;647;;;;;N;4;0.0
obs4811;46;SP;SULDESTE;30;71.06;2020;2 anos;24;19287.31;0.86;3690.0;6027.0;24;N;N;EF;662;;;;;S;1;0.0
obs4714;57;PR;SUL;30;72.1;2021;0 Km;24;20612.11;0.0;4920.0;16031.0;0;N;N;EF;777;3.0;A4;BOM;A1;N;0;0.0
obs1014;63;CE;NORDESTE;30;51.56;2021;0 Km;48;47449.44;0.95;32800.0;16974.0;0;N;N;EF;764;3.0;A1;BOM;A2;S;0;0.0
obs9482;69;ES;SULDESTE;30;39.14;2021;0 Km;49;43840.38;1.22;12300.0;6232.0;11;N;N;EF;711;3.0;A2;BOM;B3;S;0;0.0
obs5642;43;SP;SULDESTE;30;24.96;2021;0 Km;49;56240.57;1.42;4428.0;1804.0;39;N;N;EF;669;1.0;A1;BOM;B3;;0;0.0
obs2807;67;RJ;SULDESTE;30;58.73;2022;0 Km;36;30582.18;0.82;6560.0;3157.0;0;N;N;EF;777;3.0;A4;BOM;A1;N;-1;0.0
obs7986;62;SP;SULDESTE;30;15.24;2014;>= 3 anos;36;17635.61;1.66;6560.0;4346.0;10;N;N;EF;664;;;;;S;7;0.0
obs7951;24;PI;NORDESTE;30;60.07;2022;0 Km;37;19767.53;1.18;4100.0;984.0;18;N;N;EF;689;1.0;A2;BOM;A2;;-1;0.0
obs8094;62;MA;NORDESTE;30;0.0;2022;0 Km;60;47446.12;1.5;3280.0;1066.0;0;N;N;EF;724;3.0;A4;RUIM;C3;S;-1;0.0
obs5103;44;SP;SULDESTE;30;0.0;2015;>= 3 anos;48;33737.61;1.5;7134.0;3198.0;13;N;N;EF;681;;;;;S;6;0.0
obs3420;41;MG;SULDESTE;30;34.77;2020;2 anos;36;35342.41;0.88;3280.0;2542.0;36;N;N;EF;679;;;;;N;1;0.0
obs5401;39;BA;NORDESTE;30;72.22;2021;2 anos;18;21754.11;0.63;13940.0;5945.0;9;N;N;EF;664;;;;;S;0;0.0
obs5654;57;MG;SULDESTE;30;63.04;2022;0 Km;24;30858.75;0.0;24600.0;11275.0;5;N;N;EF;760;3.0;A1;BOM;A1;S;-1;0.0
obs3206;57;CE;NORDESTE;30;41.52;2021;0 Km;49;28722.98;1.1;8200.0;1927.0;10;N;N;EF;664;3.0;A1;PESS;A3;S;0;0.0
obs7780;35;PR;SUL;30;30.99;2022;0 Km;60;36069.31;1.13;3280.0;1148.0;26;N;N;EF;697;2.0;A1;RUIM;B3;S;-1;0.0
obs5337;65;RR;NORTE;30;55.56;2021;0 Km;48;67403.25;1.26;15580.0;3321.0;12;N;N;EF;655;3.0;A4;PESS;A2;N;0;0.0
obs143;36;SP;SULDESTE;30;19.33;2021;0 Km;48;45381.01;1.43;4100.0;1312.0;33;N;N;EF;678;3.0;A1;RUIM;C2;N;0;0.0
obs1815;51;SE;NORDESTE;30;32.66;2021;0 Km;49;29344.63;1.16;3936.0;3321.0;23;N;N;EF;691;3.0;A1;PESS;B3;S;0;0.0
obs4724;52;MT;CENTRO-OESTE;30;0.0;2022;0 Km;60;76850.53;1.12;9020.0;1763.0;20;N;N;EF;742;2.0;A4;BOM;C3;N;-1;0.0
obs1666;62;GO;CENTRO-OESTE;30;77.25;2021;0 Km;24;19905.83;0.0;12300.0;10619.0;7;N;N;EF;760;2.0;A4;BOM;A1;N;0;0.0
obs8086;51;SP;SULDESTE;30;71.99;2014;>= 3 anos;24;12655.61;1.24;9594.0;4428.0;6;N;N;EF;651;;;;;S;7;0.0
obs7947;51;MT;CENTRO-OESTE;30;44.64;2022;0 Km;36;46208.42;1.04;8200.0;1230.0;19;N;N;EF;663;3.0;A2;RUIM;A1;S;-1;0.0
obs4736;72;PA;NORTE;30;12.01;2022;0 Km;60;51397.19;1.55;5330.0;1353.0;24;N;N;EF;672;3.0;A1;RUIM;C3;S;-1;0.0
obs4522;70;SP;SULDESTE;30;61.13;2014;>= 3 anos;48;12647.31;1.07;4100.0;4264.0;8;N;N;EF;675;;;;;S;7;0.0
obs4500;42;SP;SULDESTE;30;47.78;2022;0 Km;37;28912.53;1.14;9430.0;4346.0;0;N;N;EF;686;2.0;A4;PESS;A2;S;-1;0.0
obs229;51;SP;SULDESTE;30;28.01;2021;0 Km;49;43182.42;0.79;6560.0;1845.0;17;N;N;EF;715;3.0;A4;BOM;B3;S;0;0.0
obs5130;69;PE;NORDESTE;30;71.74;2021;0 Km;18;22664.27;0.9;8200.0;4305.0;16;N;N;EF;692;1.0;A2;BOM;A1;;0;0.0
obs8776;50;PR;SUL;30;56.95;2020;2 anos;48;31313.41;1.58;4838.0;1845.0;20;N;N;EF;650;;;;;S;1;0.0
obs9020;72;SP;SULDESTE;30;90.32;2020;2 anos;36;6032.05;1.18;3280.0;1066.0;6;N;N;EF;678;;;;;S;1;0.0
obs4223;58;SP;SULDESTE;30;51.17;2022;0 Km;36;30560.37;1.07;4100.0;3526.0;26;N;N;EF;751;3.0;A4;BOM;A1;S;-1;0.0
obs3298;49;SP;SULDESTE;30;82.88;2021;0 Km;18;11827.27;0.0;3280.0;3239.0;0;N;N;EF;772;3.0;A2;BOM;A1;S;0;0.0
obs2535;57;CE;NORDESTE;30;45.03;2021;0 Km;49;46263.37;1.07;3690.0;2624.0;37;N;N;EF;751;3.0;A1;BOM;A3;S;0;0.0
obs9168;49;MA;NORDESTE;30;0.0;2022;0 Km;60;45703.95;1.23;7111.61;3280.0;15;N;N;EF;742;3.0;A2;BOM;C3;S;-1;0.0
obs5303;50;PR;SUL;30;83.23;2022;0 Km;12;6716.75;0.47;5740.0;3280.0;10;N;N;EF;755;3.0;A4;BOM;A1;S;-1;0.0
obs2799;42;GO;CENTRO-OESTE;30;19.92;2021;0 Km;60;53966.04;1.04;6560.0;2009.0;19;S;N;EF;697;3.0;A1;BOM;C3;N;0;0.0
obs825;42;SP;SULDESTE;30;51.54;2021;0 Km;25;43430.51;1.16;12300.0;8364.0;0;N;N;EF;654;3.0;A1;RUIM;A1;S;0;0.0
obs8645;70;SE;NORDESTE;30;0.0;2022;0 Km;60;42639.41;1.23;3690.0;902.0;27;N;N;EF;747;3.0;A2;BOM;C3;S;-1;0.0
obs2362;58;PA;NORTE;30;52.33;2021;0 Km;49;47838.15;1.19;4920.0;1353.0;30;S;N;EF;747;3.0;A2;BOM;A3;S;0;0.0
obs9244;55;DF;CENTRO-OESTE;30;4.07;2014;>= 3 anos;48;22741.17;2.15;2952.0;2501.0;26;N;N;EF;654;;;;;N;7;0.0
obs2136;46;GO;CENTRO-OESTE;30;20.02;2022;0 Km;60;62825.13;1.46;14760.0;2952.0;11;S;N;EF;687;3.0;A4;PESS;B3;S;-1;0.0
obs7728;60;RS;SUL;30;72.83;2021;0 Km;18;20308.71;0.0;3854.0;4264.0;0;N;N;EF;709;3.0;A4;RUIM;A1;S;0;0.0
obs4844;38;GO;CENTRO-OESTE;30;28.18;2022;0 Km;49;31139.05;1.27;2460.0;1845.0;38;N;N;EF;669;3.0;A1;RUIM;B3;S;-1;0.0
obs6363;85;MT;CENTRO-OESTE;30;10.44;2020;2 anos;48;43909.49;1.84;14760.0;1189.0;9;N;N;EF;665;;;;;S;1;1.0
obs6935;51;MA;NORDESTE;30;29.7;2022;0 Km;60;30370.53;1.54;3116.0;1845.0;26;N;N;EF;674;3.0;A2;RUIM;B3;S;-1;0.0
obs2867;61;SC;SUL;30;37.3;2021;0 Km;60;44827.28;1.13;4920.0;2952.0;21;N;N;EF;707;3.0;A4;BOM;B3;S;0;0.0
obs7723;49;SC;SUL;30;20.39;2022;0 Km;60;37778.09;1.51;3116.0;861.0;32;N;N;EF;678;1.0;A2;BOM;B3;;-1;0.0
obs8795;50;RJ;SULDESTE;30;60.01;2022;0 Km;24;17254.87;1.2;3280.0;820.0;26;N;N;EF;702;3.0;A1;BOM;A1;N;-1;0.0
obs6714;57;BA;NORDESTE;30;21.81;2022;0 Km;37;34162.34;1.13;3936.0;1271.0;32;N;N;EF;696;1.0;A2;BOM;B2;S;-1;1.0
obs4582;64;SC;SUL;30;22.66;2022;0 Km;60;41045.51;1.07;4264.0;4264.0;21;N;N;EF;747;3.0;A4;BOM;B3;N;-1;0.0
obs9278;68;PR;SUL;30;27.95;2022;0 Km;49;62777.05;1.01;5494.0;3034.0;0;N;N;EF;713;2.0;A4;RUIM;B3;S;-1;0.0
obs8314;29;SC;SUL;30;52.27;2018;>= 3 anos;48;18513.79;1.06;2624.0;1804.0;19;N;N;EF;700;;;;;N;3;0.0
obs3552;56;GO;CENTRO-OESTE;30;43.01;2013;>= 3 anos;48;20994.79;1.23;2460.0;1763.0;23;N;N;EF;678;;;;;S;8;0.0
obs7929;43;SC;SUL;30;36.41;2020;2 anos;60;42251.79;1.11;8200.0;1353.0;12;N;N;EF;662;;;;;N;1;0.0
obs5372;49;PR;SUL;30;79.65;2015;>= 3 anos;36;10817.28;1.01;3772.0;4264.0;10;N;N;EF;698;;;;;S;6;0.0
obs8037;37;MG;SULDESTE;30;3.97;2022;0 Km;60;46297.58;1.39;4920.0;1394.0;24;N;N;EF;733;3.0;A2;RUIM;C3;S;-1;0.0
obs7954;48;SE;NORDESTE;30;57.99;2022;0 Km;24;19847.61;0.57;3690.0;4346.0;25;N;N;EF;746;3.0;A2;BOM;A1;S;-1;0.0
obs9077;71;RJ;SULDESTE;30;17.84;2022;0 Km;48;34690.68;1.14;8200.0;5986.0;12;N;N;EF;720;1.0;A4;RUIM;C2;S;-1;0.0
obs6982;53;RJ;SULDESTE;30;63.01;2022;0 Km;24;27751.05;0.0;5581.17;4305.0;0;N;N;EF;772;3.0;A4;BOM;A1;N;-1;0.0
obs773;36;PA;NORTE;30;14.26;2021;0 Km;48;36105.83;1.21;3280.0;820.0;31;N;N;EF;697;3.0;A2;BOM;C2;S;0;0.0
obs8869;54;RS;SUL;30;55.82;2022;0 Km;37;19088.51;1.18;3198.0;1886.0;22;S;N;EF;706;1.0;A2;BOM;A2;;-1;0.0
obs8369;58;PR;SUL;30;15.7;2016;>= 3 anos;60;32408.18;2.01;8200.0;1148.0;11;N;N;EF;711;;;;;N;5;0.0
obs4409;46;PR;SUL;30;25.41;2013;>= 3 anos;36;13332.18;1.54;5740.0;1435.0;0;N;N;EF;667;;;;;S;8;0.0
obs8140;48;AM;NORTE;30;6.67;2022;0 Km;60;41124.28;1.66;3280.0;3198.0;14;N;N;EF;691;3.0;A1;RUIM;C3;S;-1;0.0
obs5696;38;DF;CENTRO-OESTE;30;78.21;2019;2 anos;48;9544.17;0.99;3444.0;2009.0;7;N;N;EF;658;;;;;;2;0.0
obs7556;58;DF;CENTRO-OESTE;30;26.02;2021;0 Km;49;71646.6;1.19;5740.0;1476.0;38;N;N;EF;668;3.0;A4;PESS;B3;S;0;0.0
obs8760;41;MG;SULDESTE;30;17.9;2022;0 Km;36;37757.71;1.09;4346.0;1886.0;30;N;N;EF;733;3.0;A4;BOM;C1;N;-1;0.0
obs9222;43;SP;SULDESTE;30;54.5;2022;0 Km;48;32660.11;1.17;9020.0;6027.0;0;N;N;EF;750;3.0;A2;BOM;A2;S;-1;0.0
obs4324;24;CE;NORDESTE;30;44.25;2022;0 Km;49;44621.63;0.93;4920.0;902.0;26;S;N;EF;661;1.0;A4;BOM;A3;;-1;0.0
obs7159;68;RS;SUL;30;32.53;2017;>= 3 anos;48;28591.28;1.43;7380.0;1845.0;11;N;N;EF;675;;;;;S;4;0.0
obs1376;62;SP;SULDESTE;30;53.11;2021;0 Km;30;29074.67;0.0;6560.0;1845.0;15;N;N;EF;760;3.0;A4;BOM;A1;S;0;0.0
obs8692;50;SP;SULDESTE;30;32.25;2022;0 Km;24;32185.35;0.72;5986.0;1599.0;24;N;N;EF;700;3.0;A4;BOM;B1;S;-1;0.0
obs2487;38;MT;CENTRO-OESTE;30;27.22;2022;0 Km;49;64567.36;0.93;4100.0;4387.0;45;N;N;EF;697;3.0;A2;BOM;B3;S;-1;0.0
obs1381;44;MG;SULDESTE;30;58.02;2021;0 Km;36;18667.71;0.93;5740.0;1804.0;11;N;N;EF;665;1.0;A1;BOM;A1;;0;0.0
obs464;46;SP;SULDESTE;30;37.63;2021;0 Km;24;28214.95;0.62;4100.0;1353.0;31;N;N;EF;755;3.0;A2;BOM;B1;S;0;0.0
obs7246;47;SP;SULDESTE;30;73.13;2022;0 Km;24;22838.05;0.0;6560.0;8487.0;0;N;N;EF;772;3.0;A2;BOM;A1;N;-1;0.0
obs4252;40;SP;SULDESTE;30;38.14;2022;0 Km;49;54627.05;0.93;4920.0;1394.0;0;N;N;EF;686;1.0;A1;BOM;B3;;-1;0.0
obs7029;25;BA;NORDESTE;30;1.96;2022;0 Km;60;42255.81;1.39;3690.0;1271.0;29;N;N;EF;725;1.0;A2;BOM;C3;;-1;0.0
obs8326;63;RS;SUL;30;41.83;2022;0 Km;49;33126.11;1.22;2624.0;3239.0;39;N;N;EF;711;3.0;A4;BOM;A3;N;-1;0.0
obs958;33;PR;SUL;30;37.53;2019;2 anos;48;20652.78;1.12;4100.0;902.0;14;N;N;EF;694;;;;;S;2;0.0
obs1940;45;PR;SUL;30;58.16;2021;0 Km;30;19955.25;0.0;3280.0;4346.0;0;N;N;EF;732;3.0;A4;RUIM;A1;N;0;0.0
obs889;56;SP;SULDESTE;30;47.94;2021;0 Km;24;36835.17;0.46;6560.0;3239.0;25;N;N;EF;760;3.0;A4;BOM;A1;S;0;0.0
obs9864;74;SC;SUL;30;40.06;2022;0 Km;24;48617.06;0.87;10254.1;2091.0;22;N;N;EF;747;3.0;A4;BOM;A1;S;-1;0.0
obs9024;44;CE;NORDESTE;30;46.7;2022;0 Km;37;48035.42;0.93;24600.0;1312.0;7;N;N;EF;658;3.0;A4;RUIM;A2;S;-1;0.0
obs6313;34;RN;NORDESTE;30;41.75;2022;0 Km;49;27363.44;1.16;3116.0;533.0;27;N;N;EF;682;3.0;A2;PESS;A3;S;-1;0.0
obs4305;63;SC;SUL;30;20.11;2022;0 Km;48;36781.26;1.47;3936.0;1353.0;28;N;N;EF;696;1.0;A2;BOM;B2;S;-1;1.0
obs2586;56;SC;SUL;30;32.83;2021;0 Km;48;60422.15;1.1;6560.0;4346.0;25;N;N;EF;747;3.0;A4;BOM;B2;S;0;0.0
obs3693;41;PE;NORDESTE;30;31.23;2022;0 Km;60;37082.63;0.88;4555.03;2542.0;17;N;N;EF;746;3.0;A2;BOM;B3;S;-1;0.0
obs8732;43;PE;NORDESTE;30;33.73;2022;0 Km;48;53610.82;0.88;8200.0;2706.0;16;N;N;EF;746;3.0;A2;BOM;B2;S;-1;0.0
obs3363;21;PI;NORDESTE;30;75.53;2022;0 Km;36;8933.43;0.72;3280.0;0.0;8;N;N;EF;604;1.0;A0;BOM;A1;;-1;0.0
obs9475;42;PA;NORTE;30;60.52;2021;0 Km;48;35207.63;0.95;4920.0;2583.0;19;N;N;EF;665;3.0;A1;RUIM;A2;N;0;0.0
obs927;65;SP;SULDESTE;30;40.36;2014;>= 3 anos;48;21860.31;1.37;4100.0;2993.0;15;N;N;EF;665;;;;;N;7;0.0
obs4246;40;BA;NORDESTE;30;53.2;2022;0 Km;48;19007.36;1.2;4100.0;1312.0;13;S;N;EF;678;3.0;A2;RUIM;A2;N;-1;0.0
obs586;31;MG;SULDESTE;30;68.23;2021;0 Km;36;15619.27;1.05;6560.0;2009.0;8;N;N;EF;733;3.0;A4;BOM;A1;N;0;0.0
obs6292;51;ES;SULDESTE;30;45.26;2022;0 Km;49;44039.46;0.93;5740.0;1845.0;22;N;N;EF;659;3.0;A2;PESS;A3;S;-1;0.0
obs4101;50;AP;NORTE;30;11.13;2021;0 Km;60;82196.56;1.33;7380.0;11931.0;0;N;N;EF;719;2.0;A1;BOM;C3;S;0;0.0
obs2141;52;MA;NORDESTE;30;70.36;2021;0 Km;36;27132.7;0.72;8200.0;5699.0;11;N;N;EF;742;3.0;A2;BOM;A1;S;0;0.0
obs3956;52;RS;SUL;30;51.68;2022;0 Km;36;26368.32;0.62;2788.0;2993.0;0;N;N;EF;772;3.0;A2;BOM;A1;S;-1;0.0
obs6266;70;SC;SUL;30;38.11;2022;0 Km;60;34933.39;1.02;12300.0;5945.0;0;N;N;EF;764;1.0;A4;BOM;B3;;-1;0.0
obs7600;63;AM;NORTE;30;40.01;2021;0 Km;49;55076.59;1.07;10660.0;15785.0;14;N;N;EF;751;3.0;A2;BOM;A3;S;0;0.0
obs4387;63;PR;SUL;30;14.99;2021;0 Km;60;40374.41;1.61;3936.0;3362.0;27;N;N;EF;679;3.0;A4;RUIM;C3;;0;0.0
obs7222;46;RR;NORTE;30;0.0;2022;0 Km;60;45627.29;1.3;8200.0;1025.0;14;N;N;EF;755;2.0;A1;BOM;C3;S;-1;0.0
obs4892;58;SP;SULDESTE;30;2.87;2015;>= 3 anos;48;29172.61;1.48;5740.0;1722.0;15;N;N;EF;662;;;;;S;6;0.0
obs4762;49;PR;SUL;60;42.93;2017;>= 3 anos;60;27749.28;1.08;5084.0;1353.0;13;S;N;EF;685;;;;;N;4;0.0
obs8922;38;PR;SUL;30;32.08;2016;>= 3 anos;60;28259.01;1.91;2870.0;1353.0;28;N;N;EF;636;;;;;N;5;0.0
obs1699;52;SP;SULDESTE;30;73.39;2021;0 Km;24;21190.5;0.0;12300.0;3567.0;7;N;N;EF;755;2.0;A4;BOM;A1;S;0;0.0
obs104;62;PE;NORDESTE;30;0.0;2018;>= 3 anos;36;11701.44;1.13;3116.0;1886.0;12;N;N;EF;709;;;;;S;3;0.0
obs4408;63;PA;NORTE;30;48.5;2022;0 Km;36;29172.82;0.99;3936.0;492.0;25;N;N;EF;692;1.0;A1;BOM;A1;;-1;0.0
obs5716;65;RS;SUL;30;63.23;2022;0 Km;36;24936.12;0.75;4920.0;1804.0;16;N;N;EF;707;2.0;A4;BOM;A1;S;-1;0.0
obs7291;59;SC;SUL;30;45.54;2017;>= 3 anos;48;19841.79;1.06;4100.0;820.0;13;N;S;EF;707;;;;;N;4;0.0
obs7885;30;BA;NORDESTE;30;29.25;2022;0 Km;49;39086.85;1.16;3116.0;820.0;38;N;N;EF;669;3.0;A4;BOM;B3;S;-1;0.0
obs2502;62;PB;NORDESTE;30;73.42;2021;0 Km;24;23722.01;0.0;4920.0;2009.0;20;N;N;EF;760;3.0;A2;BOM;A1;S;0;0.0
obs232;23;MA;NORDESTE;30;20.45;2021;0 Km;60;33107.04;1.44;2870.0;820.0;30;N;N;EF;670;1.0;A2;RUIM;B3;;0;0.0
obs5439;83;RJ;SULDESTE;30;43.28;2022;0 Km;36;36008.86;0.97;7380.0;3403.0;16;N;N;EF;760;3.0;A4;BOM;A1;S;-1;0.0
obs7400;36;TO;NORTE;30;25.17;2022;0 Km;49;60573.56;1.42;8200.0;1435.0;23;N;N;EF;669;3.0;A2;PESS;B3;S;-1;0.0
obs539;75;RJ;SULDESTE;30;42.94;2021;0 Km;36;35326.56;0.9;9840.0;11726.0;11;N;N;EF;751;3.0;A2;RUIM;A1;S;0;0.0
obs8259;39;SC;SUL;30;14.08;2022;0 Km;60;41363.69;1.18;3690.0;1845.0;27;N;N;EF;733;3.0;A4;BOM;C3;N;-1;0.0
obs6559;52;SP;SULDESTE;30;30.96;2022;0 Km;48;47067.41;1.0;2870.0;11808.0;43;N;N;EF;742;3.0;A4;BOM;B2;S;-1;0.0
obs55;29;PB;NORDESTE;30;52.18;2016;>= 3 anos;60;14719.68;1.23;4100.0;1066.0;8;N;N;EF;685;;;;;N;5;0.0
obs8818;41;PE;NORDESTE;30;32.56;2022;0 Km;49;43575.81;1.22;4920.0;1599.0;0;N;N;EF;714;2.0;A2;BOM;B3;S;-1;0.0
obs5396;57;MG;SULDESTE;30;61.11;2021;0 Km;18;35692.67;0.0;15294.08;8446.0;0;N;N;EF;760;3.0;A2;BOM;A1;S;0;0.0
obs5244;75;RJ;SULDESTE;30;38.86;2022;0 Km;48;39179.0;1.37;7380.0;1927.0;0;N;N;EF;679;3.0;A4;PESS;B2;;-1;0.0
obs9199;35;PR;SUL;30;66.42;2020;2 anos;36;22183.41;1.21;3509.6;1025.0;22;N;N;EF;658;;;;;N;1;0.0
obs7833;59;DF;CENTRO-OESTE;30;39.58;2021;0 Km;60;118935.95;1.39;24600.0;1681.0;12;N;N;EF;707;3.0;A1;BOM;B3;S;0;1.0
obs5897;48;PE;NORDESTE;30;71.05;2022;0 Km;37;16785.92;1.01;5067.6;4387.0;12;N;N;EF;755;3.0;A2;BOM;A2;N;-1;0.0
obs921;49;SP;SULDESTE;30;0.0;2018;>= 3 anos;48;32052.71;1.76;4100.0;2624.0;25;N;N;EF;657;;;;;S;3;1.0
obs5756;36;PB;NORDESTE;30;42.62;2022;0 Km;24;34308.77;0.62;5330.0;1271.0;30;N;N;EF;706;3.0;A2;BOM;A1;N;-1;0.0
obs7297;71;ES;SULDESTE;30;28.74;2022;0 Km;60;31408.52;1.02;2214.0;2378.0;33;N;N;EF;747;3.0;A4;BOM;B3;S;-1;0.0
obs8338;42;SP;SULDESTE;30;26.58;2018;>= 3 anos;60;46229.94;1.41;4510.0;6150.0;26;N;N;EF;664;;;;;S;3;0.0
obs1378;43;CE;NORDESTE;30;37.01;2021;0 Km;49;26453.76;1.05;4100.0;2624.0;0;N;N;EF;659;3.0;A1;RUIM;B3;N;0;0.0
obs4764;49;SP;SULDESTE;30;61.02;2021;0 Km;18;30485.67;0.0;6150.0;1640.0;27;N;N;EF;715;3.0;A4;BOM;A1;N;0;0.0
obs6937;58;BA;NORDESTE;30;45.92;2021;0 Km;24;39859.6;0.78;16400.0;943.0;11;N;N;EF;664;3.0;A2;PESS;A1;N;0;0.0
obs1136;52;SP;SULDESTE;30;31.0;2012;>= 3 anos;48;28520.23;1.6;5576.0;1394.0;7;N;N;EF;672;;;;;S;9;0.0
obs591;44;SP;SULDESTE;30;47.73;2017;>= 3 anos;48;20122.45;0.83;4100.0;5904.0;0;N;N;EF;703;;;;;N;4;0.0
obs4626;37;PA;NORTE;30;50.0;2020;2 anos;36;17816.22;1.77;2870.0;2501.0;23;N;N;EF;623;;;;;S;1;0.0
obs9675;46;SC;SUL;30;51.29;2022;0 Km;24;40241.53;0.51;8200.0;2009.0;22;N;N;EF;715;3.0;A4;BOM;A1;N;-1;0.0
obs9331;34;SP;SULDESTE;30;34.6;2022;0 Km;36;30607.52;1.03;3271.8;2624.0;31;N;N;EF;737;3.0;A2;BOM;B1;S;-1;0.0
obs3158;65;MT;CENTRO-OESTE;30;0.93;2020;2 anos;48;34869.96;1.49;3280.0;8323.0;32;N;N;EF;678;;;;;S;1;0.0
obs2005;72;PR;SUL;30;10.02;2022;0 Km;60;42182.98;1.33;3690.0;1845.0;29;N;N;EF;692;3.0;A4;BOM;C3;S;-1;0.0
obs5009;50;MG;SULDESTE;30;63.03;2021;0 Km;24;33206.99;0.0;9840.0;15908.0;14;N;N;EF;755;3.0;A1;BOM;A1;S;0;0.0
obs8942;55;MA;NORDESTE;30;24.82;2021;0 Km;48;112283.23;1.19;9840.0;15990.0;32;N;N;EF;668;3.0;A2;PESS;B2;S;0;0.0
obs2822;68;PB;NORDESTE;30;10.22;2013;>= 3 anos;48;26465.39;1.85;2706.0;1230.0;32;N;N;EF;668;;;;;N;8;1.0
obs2386;42;PB;NORDESTE;30;36.79;2014;>= 3 anos;48;16712.89;1.41;3280.0;1886.0;15;N;N;EF;648;;;;;S;7;0.0
obs953;37;RJ;SULDESTE;30;12.75;2021;0 Km;60;38301.18;1.35;4428.0;1312.0;0;N;N;EF;723;1.0;A1;RUIM;C3;;0;0.0
obs6401;59;SE;NORDESTE;30;56.85;2022;0 Km;36;26164.95;1.03;3280.0;1107.0;28;S;N;EF;707;3.0;A1;BOM;A1;S;-1;0.0
obs4334;48;DF;CENTRO-OESTE;30;44.54;2021;0 Km;24;21663.83;0.72;8200.0;2870.0;12;N;N;EF;700;3.0;A2;BOM;A1;N;0;0.0
obs5960;23;BA;NORDESTE;30;43.41;2022;0 Km;48;33222.8;1.32;984.0;0.0;96;N;N;EF;608;1.0;A0;BOM;A2;;-1;0.0
obs5865;54;SP;SULDESTE;30;28.01;2022;0 Km;48;37463.19;1.16;3690.0;2542.0;27;S;N;EF;707;1.0;A4;BOM;B2;S;-1;0.0
obs5717;52;BA;NORDESTE;30;33.07;2021;0 Km;49;56211.43;1.19;7790.0;1886.0;0;N;N;EF;674;3.0;A2;BOM;B3;S;0;0.0
obs3793;66;GO;CENTRO-OESTE;30;51.94;2021;0 Km;36;30347.48;0.83;7380.0;2542.0;0;N;N;EF;709;3.0;A2;BOM;A1;S;0;0.0
obs7695;43;SP;SULDESTE;30;53.01;2021;0 Km;30;29054.75;0.0;2870.0;492.0;35;N;N;EF;706;3.0;A2;BOM;A1;S;0;0.0
obs8412;31;SP;SULDESTE;30;41.82;2022;0 Km;48;26203.54;0.93;2460.0;1804.0;27;N;N;EF;746;1.0;A1;BOM;A2;;-1;0.0
obs8448;28;AM;NORTE;30;28.87;2021;0 Km;49;43718.86;1.43;4100.0;1025.0;33;N;N;EF;669;3.0;A2;RUIM;B3;S;0;0.0
obs5711;21;SE;NORDESTE;30;34.76;2022;0 Km;60;27447.01;1.4;2870.0;902.0;24;N;N;EF;661;1.0;A2;BOM;B3;;-1;0.0
obs2856;36;MA;NORDESTE;30;42.16;2018;>= 3 anos;60;18574.57;1.67;3116.0;779.0;16;N;N;EF;658;;;;;;3;0.0
obs8936;47;AL;NORDESTE;30;27.54;2015;>= 3 anos;36;21660.51;1.44;3116.0;2624.0;26;N;N;EF;662;;;;;N;6;0.0
obs4910;48;SP;SULDESTE;30;41.14;2021;0 Km;49;51045.6;1.42;4100.0;1353.0;37;S;N;EF;659;2.0;A4;RUIM;A3;S;0;1.0
obs8449;58;SP;SULDESTE;30;31.52;2015;>= 3 anos;48;20889.05;1.18;2460.0;1886.0;24;N;N;EF;664;;;;;S;6;0.0
obs484;53;AL;NORDESTE;30;47.26;2021;0 Km;36;33828.1;1.11;4592.0;820.0;0;N;N;EF;759;3.0;A2;PESS;A1;S;0;0.0
obs260;57;MA;NORDESTE;30;48.89;2021;0 Km;48;26052.87;1.0;2460.0;779.0;29;N;N;EF;707;1.0;A1;BOM;A2;;0;0.0
obs7612;33;RJ;SULDESTE;30;37.66;2013;>= 3 anos;48;13277.51;1.92;1640.0;1804.0;27;N;N;EF;657;;;;;S;8;0.0
obs804;35;SP;SULDESTE;30;40.01;2021;0 Km;37;48070.21;0.98;5740.0;2542.0;30;N;N;EF;697;3.0;A2;BOM;A2;S;0;0.0
obs5963;49;SP;SULDESTE;30;37.13;2021;0 Km;48;51813.35;0.72;12300.0;8569.0;10;N;N;EF;755;3.0;A4;BOM;B2;N;0;0.0
obs718;52;DF;CENTRO-OESTE;30;0.0;2013;>= 3 anos;48;20318.4;1.93;5330.0;6109.0;12;N;N;EF;662;;;;;S;8;0.0
obs1819;61;BA;NORDESTE;30;0.0;2022;0 Km;60;40671.47;1.42;16400.0;533.0;6;N;N;EF;751;2.0;A2;RUIM;C3;S;-1;0.0
obs9547;49;CE;NORDESTE;30;46.21;2022;0 Km;36;24813.68;0.78;2624.0;1845.0;31;N;N;EF;700;3.0;A2;BOM;A1;S;-1;0.0
obs6897;69;MA;NORDESTE;30;36.83;2022;0 Km;48;29372.87;1.0;4920.0;6068.0;0;N;N;EF;764;3.0;A4;BOM;B2;S;-1;0.0
obs183;54;BA;NORDESTE;30;52.63;2016;>= 3 anos;24;17604.11;1.02;3526.0;2583.0;24;N;N;EF;636;;;;;N;5;0.0
obs7867;37;RJ;SULDESTE;30;14.01;2022;0 Km;48;41372.18;1.25;5494.0;820.0;0;N;N;EF;706;1.0;A1;BOM;C2;;-1;0.0
obs7812;62;BA;NORDESTE;30;0.0;2022;0 Km;60;44342.29;1.39;5740.0;2993.0;19;N;N;EF;707;3.0;A2;BOM;C3;N;-1;0.0
obs2703;46;SP;SULDESTE;30;27.15;2019;2 anos;48;43357.31;1.85;4100.0;1886.0;34;N;N;EF;646;;;;;N;2;0.0
obs5479;27;SC;SUL;30;72.67;2015;>= 3 anos;36;8885.79;0.85;1640.0;574.0;18;N;N;EF;670;;;;;N;6;0.0
obs4784;50;SP;SULDESTE;30;56.95;2022;0 Km;24;17726.91;0.46;4469.73;3239.0;0;N;N;EF;772;3.0;A4;BOM;A1;S;-1;0.0
obs3488;51;BA;NORDESTE;30;30.44;2021;0 Km;49;67148.47;1.02;13940.0;2706.0;13;N;N;EF;755;1.0;A2;BOM;B3;;0;0.0
obs5051;65;SP;SULDESTE;30;11.49;2021;0 Km;60;38129.97;1.65;4346.0;1927.0;23;N;N;EF;681;3.0;A4;RUIM;C3;S;0;0.0
obs2205;35;SP;SULDESTE;30;0.0;2015;>= 3 anos;48;29172.61;1.85;3444.0;1312.0;27;N;N;EF;657;;;;;S;6;0.0
obs2682;63;PR;SUL;30;33.5;2018;>= 3 anos;60;46589.45;1.66;8200.0;2009.0;15;N;N;EF;643;;;;;S;3;0.0
obs8038;43;CE;NORDESTE;30;48.85;2021;0 Km;48;44116.16;1.26;8200.0;11849.0;15;N;N;EF;693;2.0;A2;PESS;A2;S;0;0.0
obs1786;37;SP;SULDESTE;30;55.05;2021;0 Km;36;41449.97;0.67;6560.0;1722.0;20;S;N;EF;746;3.0;A2;BOM;A1;N;0;0.0
obs5281;38;PR;SUL;30;52.38;2021;0 Km;60;37071.38;1.04;6560.0;2583.0;13;N;N;EF;746;3.0;A2;BOM;A3;N;0;0.0
obs2385;41;TO;NORTE;30;71.98;2021;0 Km;48;13593.9;0.88;3444.0;2583.0;10;N;N;EF;733;3.0;A1;BOM;A2;S;0;0.0
obs100;26;PE;NORDESTE;30;24.21;2021;0 Km;60;31286.71;1.2;3444.0;1025.0;21;N;N;EF;698;2.0;A4;BOM;B3;S;0;0.0
obs725;50;MA;NORDESTE;30;54.13;2021;0 Km;48;42405.53;1.16;4100.0;492.0;0;N;N;EF;695;1.0;A1;BOM;A2;;0;0.0
obs4779;59;PA;NORTE;30;19.77;2021;0 Km;60;48668.15;1.72;4920.0;1804.0;0;N;N;EF;696;1.0;A2;RUIM;C3;;0;0.0
obs6036;48;PE;NORDESTE;30;32.73;2022;0 Km;49;52282.82;0.93;9840.0;11726.0;15;N;N;EF;691;3.0;A1;RUIM;B3;S;-1;0.0
obs3879;53;SP;SULDESTE;30;32.23;2021;0 Km;49;50743.48;0.83;3690.0;1394.0;38;N;N;EF;755;3.0;A4;BOM;B3;S;0;0.0
obs9499;51;BA;NORDESTE;30;50.48;2022;0 Km;36;33515.35;0.93;4920.0;1845.0;23;N;N;EF;702;3.0;A2;RUIM;A1;N;-1;0.0
obs8325;36;PR;SUL;30;17.67;2022;0 Km;60;65278.97;1.28;4100.0;1845.0;23;N;N;EF;710;3.0;A1;BOM;C3;S;-1;0.0
obs7412;61;SC;SUL;30;39.48;2022;0 Km;48;53663.46;0.93;5084.0;8446.0;27;N;N;EF;751;3.0;A4;BOM;B2;S;-1;0.0
obs8676;61;RJ;SULDESTE;30;78.31;2022;0 Km;24;16753.55;0.0;9840.0;7708.0;7;N;N;EF;760;3.0;A2;BOM;A1;N;-1;0.0
obs6410;35;TO;NORTE;30;33.08;2021;0 Km;49;59028.93;0.93;20651.16;1927.0;8;N;N;EF;682;3.0;A4;BOM;B3;S;0;0.0
obs6552;36;BA;NORDESTE;30;36.18;2022;0 Km;49;59316.46;0.83;6560.0;1271.0;25;N;N;EF;706;1.0;A1;BOM;B3;;-1;0.0
obs6556;73;DF;CENTRO-OESTE;30;51.88;2022;0 Km;49;27742.75;1.16;6150.0;5658.0;13;N;N;EF;751;2.0;A2;BOM;A3;S;-1;0.0
obs9685;62;RJ;SULDESTE;30;62.83;2021;2 anos;48;19162.21;1.08;2460.0;2542.0;21;N;N;EF;694;;;;;N;0;0.0
obs3191;35;PR;SUL;30;56.74;2021;0 Km;48;25676.77;1.01;5494.0;2419.0;12;N;N;EF;737;3.0;A2;BOM;A2;S;0;0.0
obs157;41;RJ;SULDESTE;30;58.53;2018;>= 3 anos;48;27959.38;1.29;5740.0;6437.0;14;N;N;EF;681;;;;;S;3;0.0
obs3998;45;SP;SULDESTE;30;0.0;2014;>= 3 anos;48;28342.61;1.65;7421.0;2542.0;12;N;N;EF;675;;;;;N;7;0.0
obs3504;60;SP;SULDESTE;30;29.48;2021;0 Km;49;61350.05;0.93;6560.0;1599.0;26;N;N;EF;751;3.0;A2;BOM;B3;S;0;0.0
obs1798;32;CE;NORDESTE;30;31.06;2021;0 Km;48;28300.51;0.99;5740.0;1312.0;13;N;N;EF;706;1.0;A2;BOM;B2;;0;0.0
obs8787;48;RS;SUL;30;32.3;2021;0 Km;60;47848.84;1.35;3936.0;1845.0;0;N;S;EF;723;2.0;A2;RUIM;B3;S;0;0.0
obs5987;56;PA;NORTE;30;37.37;2021;0 Km;48;49648.38;1.37;4920.0;4264.0;30;N;N;EF;692;2.0;A2;PESS;B2;S;0;0.0
obs4190;62;SP;SULDESTE;30;28.0;2021;0 Km;49;63536.27;1.02;6150.0;861.0;30;N;N;EF;673;1.0;A4;RUIM;B3;S;0;0.0
obs7203;54;ES;SULDESTE;30;42.92;2022;0 Km;60;46922.88;1.29;3280.0;8405.0;35;N;N;EF;668;1.0;A4;PESS;A3;;-1;0.0
obs7943;33;MA;NORDESTE;30;13.36;2022;0 Km;60;38178.34;1.33;3198.0;3239.0;30;N;N;EF;678;1.0;A4;BOM;C3;;-1;0.0
obs3526;64;PR;SUL;30;9.32;2020;2 anos;60;34389.28;1.61;4009.8;4387.0;23;N;N;EF;664;;;;;S;1;0.0
obs3858;62;SP;SULDESTE;30;40.39;2021;0 Km;60;36229.27;1.18;3690.0;8364.0;22;N;N;EF;711;3.0;A4;RUIM;A3;S;0;0.0
obs5949;45;SP;SULDESTE;30;34.73;2022;0 Km;60;38232.77;0.99;4100.0;1271.0;0;N;N;EF;715;3.0;A2;BOM;B3;N;-1;0.0
obs2597;52;AP;NORTE;30;39.2;2021;0 Km;36;90377.87;1.21;12300.0;1845.0;25;S;N;EF;706;1.0;A1;RUIM;B1;S;0;0.0
obs7685;78;SP;SULDESTE;30;53.3;2021;0 Km;30;28490.35;0.0;5740.0;1640.0;16;N;N;EF;760;3.0;A4;BOM;A1;S;0;0.0
obs9079;38;SP;SULDESTE;30;8.78;2017;>= 3 anos;60;35073.75;1.83;3075.0;1845.0;31;N;N;EF;671;;;;;S;4;0.0
obs2173;43;ES;SULDESTE;30;49.99;2022;0 Km;37;25628.15;1.14;3526.0;2542.0;0;N;N;EF;697;3.0;A1;BOM;A2;S;-1;0.0
obs1916;53;MA;NORDESTE;30;10.2;2022;0 Km;48;38178.34;1.37;3772.0;820.0;30;N;N;EF;702;1.0;A1;BOM;C2;;-1;0.0
obs7405;64;PR;SUL;30;61.35;2021;2 anos;36;16888.01;1.03;3280.0;1968.0;17;S;N;EF;711;;;;;S;0;0.0
obs3569;45;RJ;SULDESTE;30;0.0;2018;>= 3 anos;18;10806.62;1.68;1722.0;861.0;40;N;N;EF;658;;;;;S;3;0.0
obs7762;56;PR;SUL;30;50.92;2022;0 Km;60;44063.87;1.29;5740.0;1558.0;18;N;N;EF;707;3.0;A1;BOM;A3;S;-1;0.0
obs8428;72;MA;NORDESTE;30;11.68;2022;0 Km;60;54897.54;1.49;15990.0;8569.0;9;N;N;EF;711;3.0;A1;BOM;C3;S;-1;0.0
obs4143;70;SP;SULDESTE;30;76.92;2021;0 Km;36;34693.77;0.96;8200.0;2583.0;14;N;N;EF;711;3.0;A4;RUIM;A1;N;0;0.0
obs3996;37;SP;SULDESTE;30;42.63;2021;0 Km;48;34295.37;0.99;3198.0;1230.0;29;N;N;EF;678;3.0;A2;RUIM;A2;S;0;0.0
obs5543;40;MA;NORDESTE;30;0.0;2022;0 Km;60;48002.22;1.39;5740.0;3444.0;21;N;N;EF;693;3.0;A2;BOM;C3;S;-1;0.0
obs5451;78;MA;NORDESTE;30;61.34;2022;0 Km;48;17420.04;1.0;2460.0;2378.0;0;N;N;EF;696;3.0;A4;BOM;A2;S;-1;0.0
obs8315;73;SC;SUL;30;44.09;2021;0 Km;49;51366.23;1.01;4100.0;1845.0;0;N;N;EF;696;1.0;A1;BOM;A3;N;0;0.0
obs6281;41;PI;NORDESTE;30;50.51;2022;0 Km;49;43155.27;0.93;3116.0;779.0;40;N;N;EF;669;1.0;A1;BOM;A3;;-1;0.0
obs6748;56;PR;SUL;30;64.37;2021;0 Km;37;30158.05;0.87;4100.0;4305.0;26;N;N;EF;751;3.0;A4;BOM;A2;N;0;0.0
obs6636;40;SE;NORDESTE;30;21.4;2022;0 Km;36;26873.23;1.34;3690.0;2542.0;26;N;N;EF;665;3.0;A2;PESS;B1;S;-1;0.0
obs4529;50;SP;SULDESTE;30;35.97;2021;0 Km;36;53978.82;0.81;9840.0;6027.0;18;N;N;EF;746;3.0;A4;BOM;B1;S;0;0.0
obs4203;51;BA;NORDESTE;30;2.21;2022;0 Km;60;41157.02;1.12;10660.0;1353.0;9;N;N;EF;742;3.0;A2;BOM;C3;S;-1;0.0
obs3399;69;SC;SUL;30;48.82;2021;0 Km;60;45644.83;1.02;4018.0;1066.0;25;N;N;EF;707;2.0;A4;BOM;A3;S;0;0.0
obs2271;54;SP;SULDESTE;30;40.41;2021;0 Km;36;25264.97;1.16;4510.0;2009.0;19;N;N;EF;702;3.0;A4;BOM;A1;S;0;0.0
obs6455;60;RJ;SULDESTE;30;86.63;2022;0 Km;30;8986.51;0.0;5904.0;1763.0;5;N;N;EF;760;3.0;A4;BOM;A1;S;-1;0.0
obs2466;40;SP;SULDESTE;30;68.13;2021;0 Km;37;28493.67;0.93;11070.0;8651.0;9;N;N;EF;737;3.0;A2;BOM;A2;S;0;0.0
obs5893;36;MS;CENTRO-OESTE;30;12.05;2022;0 Km;60;49344.89;1.23;4510.0;1804.0;27;N;S;EF;733;1.0;A1;BOM;C3;S;-1;0.0
obs891;63;RS;SUL;30;23.67;2021;0 Km;60;48071.55;1.23;7649.78;5986.0;14;N;N;EF;747;3.0;A4;BOM;B3;N;0;0.0
obs2478;48;RS;SUL;30;67.85;2022;0 Km;37;17081.49;1.14;2870.0;1886.0;22;N;N;EF;746;3.0;A2;BOM;A2;N;-1;0.0
obs6601;86;ES;SULDESTE;30;0.0;2022;0 Km;60;90179.16;1.12;5658.0;2460.0;36;N;N;EF;747;3.0;A4;BOM;C3;N;-1;0.0
obs1682;75;MA;NORDESTE;30;14.3;2021;0 Km;60;45686.64;1.55;8200.0;820.0;14;N;N;EF;692;3.0;A1;RUIM;C3;;0;0.0
obs6086;51;SP;SULDESTE;30;83.01;2022;0 Km;36;10710.35;0.0;4100.0;4264.0;7;N;N;EF;755;1.0;A2;BOM;A1;;-1;0.0
obs6161;45;SP;SULDESTE;30;57.8;2022;0 Km;36;18971.08;0.62;5214.53;3444.0;11;N;N;EF;755;3.0;A2;BOM;A1;N;-1;0.0
obs6540;62;MG;SULDESTE;30;0.0;2021;2 anos;60;40226.92;1.63;3444.0;2501.0;30;N;N;EF;675;;;;;S;0;0.0
obs5263;50;AP;NORTE;30;0.0;2022;0 Km;60;45646.68;1.19;5002.0;4428.0;0;N;N;EF;763;2.0;A2;BOM;C3;S;-1;0.0
obs7679;42;AM;NORTE;30;21.75;2022;0 Km;60;63939.32;1.28;13940.0;492.0;11;N;N;EF;693;1.0;A2;BOM;B3;;-1;0.0
obs1240;66;PE;NORDESTE;30;17.18;2021;0 Km;60;34173.88;1.09;3608.0;1312.0;22;N;N;EF;720;3.0;A2;BOM;C3;;0;0.0
obs8316;40;BA;NORDESTE;30;55.05;2022;0 Km;48;51776.72;1.2;4920.0;697.0;0;S;N;EF;750;3.0;A2;BOM;A2;S;-1;0.0
obs2594;38;MG;SULDESTE;30;67.57;2015;>= 3 anos;48;11040.01;1.29;2378.0;1312.0;13;N;S;EF;647;;;;;N;6;0.0
obs9177;41;PE;NORDESTE;30;56.26;2022;0 Km;49;39521.57;1.01;8200.0;8569.0;14;N;N;EF;746;1.0;A2;BOM;A3;S;-1;0.0
obs3673;32;SP;SULDESTE;30;44.17;2021;0 Km;60;47998.67;1.23;13120.0;3280.0;9;N;N;EF;733;3.0;A1;BOM;A3;S;0;0.0
obs2038;46;SP;SULDESTE;30;67.32;2021;0 Km;37;28587.29;0.87;18450.0;11767.0;5;N;N;EF;706;3.0;A4;RUIM;A2;S;0;0.0
obs547;69;PR;SUL;30;28.03;2021;0 Km;49;36123.01;1.1;4510.0;2009.0;24;N;N;EF;711;2.0;A4;RUIM;B3;S;0;0.0
obs9553;53;SC;SUL;30;71.81;2022;0 Km;24;19267.99;0.66;4674.0;1681.0;19;N;N;EF;742;3.0;A2;BOM;A1;N;-1;0.0
obs6647;59;MG;SULDESTE;30;46.96;2022;0 Km;18;25732.67;0.3;24600.0;6068.0;6;N;N;EF;760;1.0;A4;BOM;A1;;-1;0.0
obs8090;47;SP;SULDESTE;30;2.98;2014;>= 3 anos;48;30492.31;2.39;3099.6;1804.0;36;N;N;EF;710;;;;;;7;0.0
obs6664;25;MA;NORDESTE;30;0.0;2022;0 Km;60;49008.18;1.7;4346.0;5986.0;30;N;N;EF;725;1.0;A1;BOM;C3;S;-1;0.0
obs8957;54;MG;SULDESTE;30;63.99;2022;0 Km;24;29279.8;0.0;8200.0;2501.0;15;N;N;EF;687;3.0;A4;RUIM;A1;N;-1;0.0
obs3161;77;SP;SULDESTE;30;0.0;2016;>= 3 anos;60;32501.74;1.64;4069.66;2009.0;20;N;N;EF;707;;;;;S;5;0.0
obs3623;75;PE;NORDESTE;30;71.31;2022;0 Km;36;12618.78;0.54;3280.0;1886.0;11;N;N;EF;751;3.0;A2;BOM;A1;N;-1;0.0
obs8222;66;SP;SULDESTE;30;31.09;2022;0 Km;36;55971.65;0.88;16400.0;2747.0;0;N;N;EF;777;2.0;A4;RUIM;B1;S;-1;0.0
obs3582;33;PR;SUL;30;40.16;2018;>= 3 anos;60;33052.98;1.22;2706.0;1845.0;0;N;N;EF;704;;;;;S;3;0.0
obs6856;37;SC;SUL;30;68.83;2022;0 Km;24;25517.33;0.0;6560.0;1312.0;16;N;N;EF;678;3.0;A4;BOM;A1;N;-1;0.0
obs3295;72;SP;SULDESTE;30;7.45;2019;2 anos;48;31978.01;1.8;4100.0;1312.0;25;N;N;EF;662;;;;;S;2;0.0
obs7144;25;MA;NORDESTE;30;0.28;2022;0 Km;60;43505.28;1.44;4100.0;1066.0;27;N;N;EF;685;1.0;A2;BOM;C3;;-1;0.0
obs5942;46;SP;SULDESTE;30;21.13;2022;0 Km;48;47246.12;1.42;5740.0;2624.0;0;N;N;EF;687;3.0;A2;RUIM;B2;S;-1;0.0
obs6011;42;PI;NORDESTE;30;61.38;2020;2 anos;48;13644.62;1.49;1640.0;1517.0;25;N;N;EF;647;;;;;S;1;0.0
obs8675;55;DF;CENTRO-OESTE;30;28.0;2021;0 Km;49;53842.0;1.19;8200.0;8323.0;20;N;N;EF;751;3.0;A1;BOM;B3;S;0;0.0
obs8300;36;SP;SULDESTE;30;66.6;2022;0 Km;18;27017.1;1.13;2460.0;861.0;0;S;N;EF;686;3.0;A2;RUIM;A1;S;-1;0.0
obs8475;66;RJ;SULDESTE;30;48.56;2022;0 Km;60;22858.22;1.28;3280.0;1845.0;17;N;N;EF;707;3.0;A4;BOM;A3;S;-1;0.0
obs1076;41;MT;CENTRO-OESTE;30;26.92;2021;0 Km;49;58391.33;0.93;3362.0;1353.0;50;N;N;EF;669;2.0;A2;PESS;B3;S;0;0.0
obs5461;55;PA;NORTE;30;25.36;2022;0 Km;49;60939.7;0.93;5740.0;1722.0;0;N;N;EF;700;3.0;A2;BOM;B3;S;-1;0.0
obs3594;44;PA;NORTE;30;0.0;2022;0 Km;60;44383.69;1.39;4510.0;2501.0;25;N;S;EF;693;3.0;A2;BOM;C3;S;-1;0.0
obs3008;40;RR;NORTE;30;27.39;2022;0 Km;49;31636.06;1.05;4100.0;5904.0;23;N;N;EF;667;1.0;A2;RUIM;B3;;-1;0.0
obs2640;31;SC;SUL;30;43.53;2018;>= 3 anos;60;40923.79;1.2;4100.0;1312.0;24;N;N;EF;694;;;;;S;3;0.0
obs5299;32;MA;NORDESTE;30;56.5;2022;0 Km;60;36058.52;0.91;2609.24;902.0;31;N;N;EF;733;3.0;A2;BOM;A3;S;-1;0.0
obs4338;41;MA;NORDESTE;30;25.04;2022;0 Km;49;43866.33;1.27;3690.0;2542.0;37;N;N;EF;669;3.0;A2;BOM;B3;S;-1;0.0
obs1318;29;PE;NORDESTE;30;28.0;2021;0 Km;49;36107.64;1.05;3774.46;820.0;27;N;N;EF;706;3.0;A1;BOM;B3;N;0;0.0
obs3605;43;PE;NORDESTE;30;60.97;2022;0 Km;24;16205.21;0.41;2870.0;861.0;25;N;N;EF;706;2.0;A1;BOM;A1;N;-1;0.0
obs115;44;PE;NORDESTE;30;33.59;2015;>= 3 anos;48;16992.45;1.49;2870.0;2870.0;18;N;N;EF;650;;;;;N;6;0.0
obs5648;68;PE;NORDESTE;30;46.66;2012;>= 3 anos;48;13614.78;1.5;2460.0;1312.0;16;N;N;EF;655;;;;;S;9;0.0
obs6493;38;SC;SUL;30;50.81;2022;0 Km;36;39411.53;0.7;5002.0;656.0;26;S;N;EF;697;3.0;A2;BOM;A1;S;-1;0.0
obs6567;75;SE;NORDESTE;30;57.16;2022;0 Km;48;25849.55;1.17;902.0;820.0;78;N;N;EF;707;1.0;A2;BOM;A2;S;-1;0.0
obs884;44;SP;SULDESTE;30;0.0;2021;2 anos;48;39630.61;1.46;2881.96;1845.0;0;N;N;EF;699;;;;;S;0;0.0
obs3271;47;SC;SUL;30;44.23;2016;>= 3 anos;48;25153.79;1.04;3280.0;2542.0;21;N;N;EF;681;;;;;S;5;0.0
obs2232;52;PR;SUL;30;47.2;2021;0 Km;49;24097.28;1.1;3690.0;1312.0;19;N;N;EF;659;1.0;A1;PESS;A3;;0;0.0
obs385;40;RJ;SULDESTE;30;20.05;2017;>= 3 anos;48;28051.51;1.86;2378.0;1312.0;37;S;N;EF;668;;;;;N;4;0.0
obs5542;50;PI;NORDESTE;30;0.0;2022;0 Km;60;43483.12;0.99;3854.0;1804.0;25;N;N;EF;755;3.0;A2;BOM;C3;S;-1;0.0
obs8486;44;BA;NORDESTE;30;29.51;2022;0 Km;49;54469.95;0.97;7380.0;8405.0;0;N;N;EF;732;3.0;A4;BOM;B3;S;-1;0.0
obs425;29;MA;NORDESTE;30;31.49;2021;0 Km;49;28874.87;1.1;2460.0;1271.0;34;N;N;EF;697;1.0;A1;BOM;B3;;0;0.0
obs3523;29;MG;SULDESTE;30;36.5;2021;0 Km;37;58599.84;0.98;13940.0;2337.0;0;N;N;EF;695;1.0;A1;BOM;B2;;0;0.0
obs6109;70;PE;NORDESTE;30;28.68;2022;0 Km;36;31219.91;0.96;4100.0;2911.0;0;N;N;EF;728;2.0;A2;RUIM;B1;S;-1;0.0
obs1214;34;PA;NORTE;30;25.92;2021;0 Km;49;74257.88;1.19;6396.0;1845.0;34;N;N;EF;678;1.0;A2;BOM;B3;S;0;0.0
obs1669;34;GO;CENTRO-OESTE;30;53.0;2021;0 Km;30;31418.03;0.0;6970.0;1886.0;15;N;N;EF;746;3.0;A2;BOM;A1;S;0;0.0
obs7197;46;SP;SULDESTE;30;0.0;2013;>= 3 anos;48;27587.31;1.61;2460.0;1312.0;0;N;N;EF;699;;;;;S;8;1.0
obs1549;48;BA;NORDESTE;30;58.21;2021;0 Km;12;16002.21;0.04;4920.0;1927.0;27;N;N;EF;715;2.0;A2;RUIM;A1;S;0;0.0
obs6557;63;RJ;SULDESTE;30;48.64;2022;0 Km;37;22572.68;1.0;4100.0;8487.0;20;N;N;EF;760;2.0;A2;BOM;A2;S;-1;0.0
obs898;82;GO;CENTRO-OESTE;30;79.12;2021;0 Km;36;9808.36;0.85;4510.0;1476.0;7;N;N;EF;705;3.0;A4;BOM;A1;S;0;0.0
obs8031;50;SP;SULDESTE;30;50.23;2021;0 Km;36;44030.44;1.13;12300.0;1640.0;12;N;N;EF;687;1.0;A4;BOM;A1;S;0;0.0
obs6653;58;SC;SUL;30;70.79;2021;0 Km;24;25668.39;0.71;5740.0;2583.0;21;N;N;EF;679;3.0;A4;RUIM;A1;S;0;0.0
obs2459;31;SP;SULDESTE;30;36.59;2021;0 Km;36;29552.13;1.13;6970.0;1845.0;15;N;N;EF;737;1.0;A1;BOM;B1;;0;0.0
obs5864;35;CE;NORDESTE;30;9.76;2022;0 Km;48;39214.18;1.26;2870.0;2460.0;39;N;N;EF;733;1.0;A1;BOM;C2;;-1;0.0
obs973;35;PB;NORDESTE;30;41.03;2021;0 Km;49;54395.72;1.02;4920.0;15826.0;0;N;N;EF;746;3.0;A2;BOM;A3;N;0;0.0
obs8849;50;BA;NORDESTE;30;54.76;2017;>= 3 anos;36;16963.91;1.28;4100.0;1271.0;0;N;N;EF;685;;;;;S;4;0.0
obs1880;43;SP;SULDESTE;30;65.0;2021;0 Km;18;32946.62;0.0;5740.0;3362.0;0;N;N;EF;763;3.0;A2;BOM;A1;N;0;0.0
obs7363;65;GO;CENTRO-OESTE;30;77.27;2022;0 Km;36;12630.92;0.57;4100.0;3239.0;9;N;N;EF;760;3.0;A4;BOM;A1;S;-1;0.0
obs5831;67;PB;NORDESTE;30;28.18;2022;0 Km;48;43087.12;0.93;3690.0;1394.0;31;N;N;EF;760;3.0;A2;BOM;B2;S;-1;0.0
obs2879;30;SP;SULDESTE;30;1.79;2022;0 Km;36;46207.36;0.99;2050.0;1845.0;78;N;N;EF;746;3.0;A4;BOM;C1;S;-1;0.0
obs5470;44;BA;NORDESTE;30;18.79;2022;0 Km;60;37525.64;1.18;3198.0;1845.0;27;N;N;EF;742;2.0;A2;BOM;C3;S;-1;0.0
obs3866;35;PE;NORDESTE;30;31.82;2018;>= 3 anos;60;50309.91;1.29;4100.0;1845.0;29;N;N;EF;694;;;;;S;3;0.0
obs7523;78;GO;CENTRO-OESTE;30;48.27;2022;0 Km;24;36419.39;0.56;12300.0;1886.0;13;N;N;EF;760;1.0;A4;BOM;A1;S;-1;0.0
obs5163;43;SP;SULDESTE;30;40.99;2021;0 Km;36;52165.27;0.99;15170.0;2583.0;11;N;N;EF;678;1.0;A4;PESS;A1;;0;0.0
obs204;56;SP;SULDESTE;30;0.0;2017;>= 3 anos;48;28729.55;1.54;6560.0;1353.0;13;N;N;EF;671;;;;;S;4;0.0
obs4171;51;SC;SUL;30;0.0;2013;>= 3 anos;48;35280.62;1.76;4920.0;1886.0;23;N;S;EF;668;;;;;S;8;0.0
obs7342;78;MA;NORDESTE;30;28.02;2022;0 Km;49;55250.61;0.93;4920.0;1476.0;0;N;N;EF;768;3.0;A2;BOM;B3;S;-1;0.0
obs4151;40;SP;SULDESTE;60;16.85;2013;>= 3 anos;48;24275.61;1.8;2870.0;2583.0;27;N;S;EF;681;;;;;S;8;0.0
obs5832;41;RJ;SULDESTE;30;62.11;2021;0 Km;24;31040.34;0.15;3444.0;4182.0;40;N;N;EF;746;3.0;A2;BOM;A1;N;0;0.0
obs6969;30;SP;SULDESTE;30;52.74;2021;0 Km;36;37309.1;0.62;13940.0;1189.0;0;N;N;EF;763;2.0;A1;BOM;A1;N;0;0.0
obs6470;46;CE;NORDESTE;30;82.15;2021;0 Km;36;27712.04;1.21;12300.0;1886.0;8;N;N;EF;702;3.0;A2;BOM;A1;N;0;0.0
obs2137;27;MA;NORDESTE;30;11.0;2022;0 Km;60;38039.73;1.38;4100.0;1066.0;22;N;N;EF;725;1.0;A2;BOM;C3;;-1;0.0
obs5484;38;SC;SUL;30;62.18;2016;>= 3 anos;36;27129.19;1.77;12300.0;1845.0;8;N;N;EF;629;;;;;;5;0.0
obs7233;42;MS;CENTRO-OESTE;30;0.0;2022;0 Km;60;44611.69;1.28;4920.0;2050.0;0;S;N;EF;710;3.0;A2;BOM;C3;S;-1;0.0
obs7537;25;PR;SUL;30;51.66;2022;0 Km;60;40320.57;1.11;5740.0;943.0;16;N;N;EF;689;1.0;A2;BOM;A3;;-1;0.0
obs5211;24;SP;SULDESTE;30;40.07;2022;0 Km;36;25611.08;0.72;4100.0;738.0;20;N;N;EF;698;1.0;A2;BOM;A1;;-1;0.0
obs566;43;SP;SULDESTE;30;21.3;2021;0 Km;60;40118.81;1.47;2870.0;1845.0;35;N;N;EF;665;3.0;A2;BOM;B3;S;0;0.0
obs4207;37;SP;SULDESTE;30;33.33;2021;0 Km;48;26186.27;1.01;3444.0;2624.0;20;N;N;EF;746;3.0;A2;BOM;B2;S;0;0.0
obs4293;32;SC;SUL;30;79.49;2019;2 anos;18;11790.79;0.98;4428.0;1148.0;17;N;N;EF;677;;;;;;2;0.0
obs6385;53;AL;NORDESTE;30;25.23;2022;0 Km;60;61406.72;1.18;3945.49;3198.0;37;N;N;EF;702;3.0;A2;BOM;B3;N;-1;0.0
obs6741;55;SP;SULDESTE;30;40.33;2022;0 Km;60;24117.91;0.83;2050.0;2501.0;25;N;N;EF;760;3.0;A4;BOM;A3;S;-1;0.0
obs1342;60;MG;SULDESTE;30;65.33;2021;0 Km;12;18455.36;0.09;8200.0;2542.0;19;N;N;EF;760;3.0;A4;PESS;A1;N;0;0.0
obs3115;56;PR;SUL;30;18.59;2016;>= 3 anos;48;19449.28;1.72;4510.0;1886.0;13;N;N;EF;664;;;;;N;5;0.0
obs2201;70;SE;NORDESTE;30;47.81;2021;0 Km;48;37196.43;1.1;9840.0;1845.0;10;N;N;EF;747;1.0;A2;BOM;A2;;0;0.0
obs7042;42;BA;NORDESTE;30;28.47;2022;0 Km;36;46639.2;1.03;5740.0;8446.0;27;N;N;EF;665;3.0;A2;RUIM;B1;S;-1;0.0
obs1447;74;DF;CENTRO-OESTE;30;10.22;2014;>= 3 anos;48;26759.45;2.18;3116.0;3239.0;29;N;N;EF;678;;;;;N;7;0.0
obs7240;49;RS;SUL;30;28.28;2022;0 Km;49;33720.68;1.16;10660.0;8364.0;9;N;N;EF;706;3.0;A4;BOM;B3;S;-1;0.0
obs2492;59;SP;SULDESTE;30;0.0;2021;0 Km;60;40377.61;1.09;3690.0;3239.0;25;N;N;EF;760;3.0;A4;RUIM;C3;N;0;0.0
obs6503;42;PA;NORTE;30;26.7;2022;0 Km;60;49964.12;1.09;4920.0;4223.0;23;N;N;EF;669;3.0;A2;RUIM;B3;S;-1;0.0
obs3385;65;RS;SUL;30;59.81;2021;0 Km;18;25269.79;0.41;4838.0;2665.0;0;N;N;EF;737;3.0;A4;RUIM;A1;S;0;0.0
obs6083;32;SP;SULDESTE;30;21.0;2021;0 Km;49;29944.51;1.16;2870.0;1353.0;32;N;N;EF;737;1.0;A1;BOM;B3;;0;0.0
obs8120;78;PA;NORTE;30;0.0;2022;0 Km;60;50498.55;1.2;4920.0;1353.0;24;N;N;EF;707;1.0;A2;BOM;C3;;-1;1.0
obs5981;60;MG;SULDESTE;30;33.95;2021;0 Km;49;39483.28;1.16;3280.0;697.0;37;N;N;EF;751;3.0;A2;BOM;B3;S;0;0.0
obs9755;37;PR;SUL;30;28.76;2022;0 Km;49;41053.17;1.17;3800.0;1845.0;0;N;N;EF;669;1.0;A1;BOM;B3;N;-1;0.0
obs6922;37;SC;SUL;30;67.03;2022;0 Km;24;25744.75;1.17;5576.0;902.0;23;N;N;EF;733;2.0;A4;BOM;A1;S;-1;0.0
obs1495;59;SP;SULDESTE;30;27.44;2021;0 Km;48;33702.13;1.1;4100.0;1312.0;22;N;N;EF;760;1.0;A4;BOM;B2;S;0;0.0
obs3050;47;SP;SULDESTE;30;8.39;2022;0 Km;48;42718.21;0.88;4510.0;2583.0;24;N;N;EF;755;3.0;A2;BOM;C2;N;-1;0.0
obs7744;55;PA;NORTE;30;22.83;2021;0 Km;48;71111.35;1.53;4510.0;1230.0;48;N;N;EF;747;2.0;A2;BOM;B2;S;0;0.0
obs715;45;MG;SULDESTE;30;59.83;2021;0 Km;24;39828.59;0.51;9840.0;11849.0;18;N;N;EF;715;3.0;A1;BOM;A1;S;0;0.0
obs8055;55;RR;NORTE;30;14.89;2021;0 Km;60;45822.94;1.25;4510.0;861.0;25;N;N;EF;720;1.0;A1;BOM;C3;;0;0.0
obs2639;47;PR;SUL;30;40.1;2021;0 Km;49;53099.14;1.03;4100.0;1804.0;37;N;N;EF;659;1.0;A4;RUIM;A3;S;0;0.0
obs3257;62;SP;SULDESTE;30;61.58;2021;0 Km;18;31083.27;0.0;5330.0;2911.0;0;N;N;EF;737;3.0;A4;BOM;A1;S;0;0.0
obs538;42;SC;SUL;30;42.0;2014;>= 3 anos;48;17937.34;1.59;2050.0;492.0;27;N;N;EF;642;;;;;;7;0.0
obs3439;53;SP;SULDESTE;30;17.84;2021;0 Km;60;48360.79;1.41;4592.0;1886.0;26;N;N;EF;687;3.0;A2;BOM;C3;N;0;0.0
obs3982;42;SP;SULDESTE;30;81.51;2021;0 Km;24;16043.67;0.0;10660.0;8569.0;6;N;N;EF;746;3.0;A2;BOM;A1;S;0;0.0
obs6925;70;MA;NORDESTE;30;35.04;2022;0 Km;60;38752.7;1.56;922.5;820.0;0;N;N;EF;643;1.0;A2;BOM;B3;N;-1;0.0
obs6878;50;RJ;SULDESTE;30;52.88;2022;0 Km;37;35420.25;0.74;6560.0;4674.0;17;N;N;EF;715;3.0;A4;RUIM;A2;N;-1;0.0
obs4187;61;SP;SULDESTE;30;47.82;2021;0 Km;37;46079.71;0.87;7380.0;6068.0;21;N;N;EF;711;3.0;A4;BOM;A2;S;0;0.0
obs1410;38;MS;CENTRO-OESTE;30;65.88;2017;>= 3 anos;36;13495.22;1.16;2460.0;4182.0;19;N;N;EF;658;;;;;;4;0.0
obs2888;73;MG;SULDESTE;30;68.54;2021;0 Km;24;28111.45;0.0;8200.0;1968.0;15;N;N;EF;705;3.0;A4;RUIM;A1;N;0;0.0
obs6271;52;SP;SULDESTE;30;0.0;2018;>= 3 anos;60;30085.61;1.28;4592.0;1886.0;16;N;N;EF;706;;;;;S;3;0.0
obs7053;38;PR;SUL;30;30.23;2021;0 Km;60;52406.2;0.98;4100.0;1517.0;0;N;N;EF;754;3.0;A2;BOM;B3;S;0;0.0
obs2301;44;GO;CENTRO-OESTE;30;14.29;2017;>= 3 anos;48;30963.09;2.01;4018.0;779.0;26;N;N;EF;662;;;;;;4;0.0
obs1071;58;SP;SULDESTE;30;28.37;2021;0 Km;49;37006.73;1.16;12300.0;15826.0;0;N;N;EF;728;3.0;A4;BOM;B3;S;0;0.0
obs5099;43;RS;SUL;30;51.28;2017;>= 3 anos;48;18398.88;1.01;1804.0;1886.0;28;N;N;EF;708;;;;;S;4;0.0
obs4457;41;SE;NORDESTE;30;36.84;2021;0 Km;49;57891.52;1.02;3690.0;1804.0;44;N;N;EF;706;3.0;A2;RUIM;B3;S;0;0.0
obs7385;30;PR;SUL;30;28.0;2022;0 Km;49;39959.58;1.05;2706.0;820.0;44;S;N;EF;706;2.0;A1;RUIM;B3;S;-1;0.0
obs9431;54;SC;SUL;30;86.33;2012;>= 3 anos;12;5779.93;1.38;3116.0;1886.0;17;N;N;EF;684;;;;;N;9;0.0
obs5178;32;AM;NORTE;30;12.11;2021;0 Km;48;44113.11;1.1;3936.0;2501.0;31;N;N;EF;733;2.0;A2;BOM;C2;S;0;0.0
obs3656;64;TO;NORTE;30;61.5;2021;0 Km;18;37777.33;0.0;6560.0;1804.0;33;N;N;EF;705;3.0;A4;BOM;A1;S;0;0.0
obs9501;64;MT;CENTRO-OESTE;30;58.39;2022;0 Km;48;33454.15;1.03;4100.0;1230.0;21;S;N;EF;707;1.0;A4;BOM;A2;;-1;0.0
obs3601;29;SC;SUL;30;22.14;2012;>= 3 anos;48;19177.79;1.98;2870.0;1312.0;22;N;N;EF;664;;;;;S;9;0.0
obs8735;31;SP;SULDESTE;30;26.15;2021;0 Km;49;66430.32;1.01;3280.0;1394.0;0;N;N;EF;754;2.0;A1;BOM;B3;S;0;0.0
obs6430;55;MT;CENTRO-OESTE;30;45.12;2022;0 Km;36;50202.55;1.2;4920.0;2050.0;35;N;N;EF;692;3.0;A4;RUIM;A1;S;-1;0.0
obs7883;51;GO;CENTRO-OESTE;30;2.0;2022;0 Km;60;41561.69;1.46;4100.0;1886.0;25;N;N;EF;715;2.0;A4;BOM;C3;S;-1;0.0
obs6813;65;RJ;SULDESTE;30;29.07;2022;0 Km;60;51284.87;1.22;5330.0;1230.0;22;N;N;EF;705;1.0;A4;BOM;B3;;-1;0.0
obs3690;49;BA;NORDESTE;30;51.13;2022;0 Km;48;20591.28;0.72;3280.0;1353.0;16;N;N;EF;715;3.0;A2;BOM;A2;S;-1;0.0
obs3118;37;PI;NORDESTE;30;33.81;2021;0 Km;60;57072.71;1.14;8534.72;4223.0;16;N;N;EF;737;3.0;A2;BOM;B3;S;0;0.0
obs6847;51;PR;SUL;30;53.89;2021;0 Km;36;92253.67;1.29;16400.0;2665.0;20;N;N;EF;691;3.0;A4;RUIM;A1;N;0;0.0
obs5720;42;SP;SULDESTE;30;28.01;2021;0 Km;37;45393.3;1.01;4100.0;1886.0;38;N;N;EF;706;3.0;A4;PESS;B2;S;0;0.0
obs5770;60;MS;CENTRO-OESTE;30;25.07;2022;0 Km;60;51981.26;1.61;6560.0;1189.0;21;N;N;EF;652;2.0;A2;RUIM;B3;N;-1;0.0
obs6779;43;SP;SULDESTE;30;30.78;2012;>= 3 anos;24;15967.31;1.72;3690.0;1845.0;0;N;N;EF;672;;;;;S;9;0.0
obs3753;25;PB;NORDESTE;30;45.96;2022;0 Km;36;24669.87;0.62;4526.4;820.0;17;N;N;EF;738;1.0;A2;BOM;A1;;-1;0.0
obs8122;73;PR;SUL;30;52.21;2021;0 Km;36;35148.01;1.18;3926.16;3403.0;30;N;N;EF;696;3.0;A1;BOM;A1;N;0;0.0
obs2069;50;MA;NORDESTE;30;40.56;2022;0 Km;49;25231.17;1.16;6560.0;2583.0;11;N;N;EF;659;3.0;A1;RUIM;A3;N;-1;0.0
obs5102;35;GO;CENTRO-OESTE;30;30.06;2022;0 Km;60;30715.75;1.34;2870.0;1845.0;27;N;N;EF;693;1.0;A1;BOM;B3;;-1;1.0
obs334;34;SP;SULDESTE;30;37.8;2012;>= 3 anos;48;11242.28;1.42;2460.0;1804.0;13;N;N;EF;665;;;;;S;9;0.0
obs8400;36;RS;SUL;30;72.72;2022;0 Km;24;16813.48;0.98;3280.0;2501.0;25;N;N;EF;638;2.0;A2;RUIM;A1;S;-1;0.0
obs6336;57;MS;CENTRO-OESTE;30;62.38;2021;0 Km;36;63454.35;1.17;8200.0;2378.0;28;N;N;EF;705;3.0;A2;PESS;A1;N;0;0.0
obs7669;68;SC;SUL;30;0.0;2019;2 anos;60;34401.01;1.96;4510.0;1476.0;22;N;N;EF;688;;;;;N;2;0.0
obs2743;45;RS;SUL;30;0.0;2021;0 Km;60;41201.54;1.39;3690.0;1804.0;28;N;N;EF;702;3.0;A1;BOM;C3;N;0;0.0
obs6378;27;PE;NORDESTE;30;13.61;2022;0 Km;60;37831.69;1.55;4100.0;820.0;24;N;N;EF;685;1.0;A4;BOM;C3;;-1;0.0
obs1182;62;MG;SULDESTE;30;45.84;2021;0 Km;36;48975.16;0.72;18040.0;15826.0;8;N;N;EF;760;3.0;A4;BOM;A1;S;0;0.0
obs6272;34;MS;CENTRO-OESTE;30;49.39;2018;>= 3 anos;48;35581.29;1.16;4100.0;1886.0;0;N;N;EF;694;;;;;S;3;0.0
obs2096;27;PI;NORDESTE;30;45.67;2021;0 Km;37;40363.98;1.34;3936.0;779.0;38;N;N;EF;661;1.0;A4;RUIM;A2;;0;0.0
obs3973;23;PE;NORDESTE;30;11.28;2022;0 Km;60;37693.08;1.28;3116.0;779.0;30;N;N;EF;685;1.0;A2;BOM;C3;;-1;0.0
obs3375;41;SP;SULDESTE;30;63.78;2022;0 Km;24;26978.09;0.0;8200.0;1435.0;13;N;N;EF;691;3.0;A2;PESS;A1;S;-1;0.0
obs3907;30;SC;SUL;30;69.39;2017;>= 3 anos;36;10205.49;0.85;5740.0;1845.0;5;N;N;EF;700;;;;;N;4;0.0
obs711;51;PR;SUL;30;0.0;2021;0 Km;60;63751.47;1.61;5731.8;820.0;0;N;N;EF;704;3.0;A2;BOM;C3;;0;0.0
obs1646;53;PE;NORDESTE;30;29.01;2021;0 Km;60;30887.08;1.38;3526.0;2542.0;22;N;N;EF;702;3.0;A2;BOM;B3;S;0;0.0
obs3194;39;SC;SUL;30;28.0;2022;0 Km;49;62201.6;0.93;5166.0;1558.0;35;N;N;EF;697;2.0;A4;BOM;B3;S;-1;0.0
obs8550;49;MT;CENTRO-OESTE;30;48.65;2021;2 anos;48;32712.79;0.93;4100.0;1845.0;0;S;N;EF;680;;;;;N;0;0.0
obs7738;38;PA;NORTE;30;28.6;2021;0 Km;49;73485.15;1.19;8200.0;1394.0;27;N;N;EF;693;3.0;A2;BOM;B3;S;0;0.0
obs3875;70;PA;NORTE;30;36.85;2021;0 Km;48;50760.58;1.05;5740.0;15785.0;24;N;N;EF;751;3.0;A2;BOM;B2;S;0;0.0
obs745;42;GO;CENTRO-OESTE;30;56.06;2014;>= 3 anos;48;25153.09;2.1;4100.0;1312.0;21;N;N;EF;623;;;;;N;7;0.0
obs9424;60;SC;SUL;30;32.14;2022;0 Km;60;56243.93;1.18;3280.0;1640.0;41;S;N;EF;707;3.0;A1;BOM;B3;S;-1;0.0
obs1367;59;SP;SULDESTE;30;12.09;2016;>= 3 anos;60;31222.71;1.83;9840.0;2009.0;9;N;N;EF;684;;;;;S;5;0.0
obs1554;82;PA;NORTE;30;52.76;2021;0 Km;24;35263.65;1.28;6150.0;2419.0;28;N;N;EF;679;3.0;A2;RUIM;A1;S;0;0.0
obs7604;37;MT;CENTRO-OESTE;30;40.7;2021;0 Km;37;51721.45;1.27;8200.0;1886.0;22;N;N;EF;737;1.0;A2;BOM;A2;;0;0.0
obs945;50;PE;NORDESTE;30;22.55;2021;0 Km;60;31973.68;1.39;3444.0;1886.0;23;N;N;EF;674;2.0;A1;BOM;B3;S;0;0.0
obs1097;56;MA;NORDESTE;30;27.0;2021;0 Km;60;50270.61;1.55;4920.0;1353.0;27;N;N;EF;679;3.0;A2;PESS;B3;S;0;0.0
obs7825;68;MA;NORDESTE;30;52.07;2022;0 Km;60;43277.03;1.21;6560.0;3321.0;16;N;N;EF;751;3.0;A2;BOM;A3;S;-1;0.0
obs8755;61;SP;SULDESTE;30;45.07;2022;0 Km;48;24435.64;1.05;3280.0;4346.0;19;N;N;EF;751;1.0;A4;BOM;A2;;-1;0.0
obs5776;48;PE;NORDESTE;30;38.49;2021;0 Km;48;53610.82;0.83;4100.0;1558.0;33;N;N;EF;755;1.0;A2;BOM;B2;;0;0.0
obs9242;25;GO;CENTRO-OESTE;30;50.06;2021;0 Km;48;37114.55;1.21;4920.0;984.0;20;N;N;EF;657;1.0;A1;RUIM;A2;;0;0.0
obs3853;39;SC;SUL;30;47.8;2022;0 Km;36;23493.79;0.7;3690.0;861.0;21;N;N;EF;697;3.0;A2;BOM;A1;S;-1;0.0
obs7742;65;AL;NORDESTE;30;14.81;2022;0 Km;60;48416.93;1.44;4920.0;1312.0;25;N;N;EF;707;1.0;A2;BOM;C3;;-1;0.0
obs3370;61;RS;SUL;30;33.26;2022;0 Km;37;28983.11;1.13;3690.0;1476.0;29;N;N;EF;711;1.0;A2;BOM;B2;S;-1;0.0
obs191;50;CE;NORDESTE;30;20.37;2021;0 Km;48;33186.72;0.93;8200.0;6560.0;0;N;N;EF;763;3.0;A2;BOM;B2;S;0;0.0
obs3084;68;ES;SULDESTE;30;25.36;2022;0 Km;48;49835.47;0.99;3280.0;1107.0;40;N;N;EF;692;3.0;A2;BOM;B2;S;-1;0.0
obs4498;66;MG;SULDESTE;30;43.55;2018;>= 3 anos;60;33350.41;1.07;4920.0;6027.0;16;N;N;EF;701;;;;;S;3;0.0
obs237;60;RJ;SULDESTE;30;0.0;2021;0 Km;60;42244.51;1.04;6478.0;4305.0;15;N;N;EF;760;2.0;A4;BOM;C3;S;0;0.0
obs6356;29;PE;NORDESTE;30;0.0;2022;0 Km;60;81187.57;1.4;4920.0;1886.0;40;N;N;EF;697;3.0;A1;RUIM;C3;S;-1;0.0
obs7940;33;RS;SUL;30;30.04;2022;0 Km;48;39455.69;1.16;3444.0;1476.0;32;N;N;EF;693;3.0;A1;BOM;B2;S;-1;0.0
obs9312;39;SP;SULDESTE;60;0.0;2016;>= 3 anos;60;39149.05;2.01;10660.0;8323.0;11;N;N;EF;681;;;;;;5;0.0
obs759;44;PE;NORDESTE;30;63.27;2021;0 Km;36;30126.37;0.51;6068.0;4305.0;0;N;N;EF;763;3.0;A4;BOM;A1;N;0;0.0
obs8567;52;CE;NORDESTE;30;0.0;2022;0 Km;36;42418.81;1.01;5740.0;3321.0;24;N;N;EF;746;3.0;A1;BOM;C1;N;-1;0.0
obs1657;60;RJ;SULDESTE;30;65.0;2021;0 Km;18;29422.67;0.0;9840.0;12013.0;16;N;N;EF;760;3.0;A4;BOM;A1;S;0;0.0
obs9645;54;SE;NORDESTE;30;54.35;2012;>= 3 anos;48;21963.28;1.89;2632.2;451.0;26;N;N;EF;660;;;;;;9;0.0
obs5213;38;DF;CENTRO-OESTE;30;38.33;2015;>= 3 anos;48;31291.0;1.61;4100.0;1025.0;23;N;N;EF;671;;;;;N;6;0.0
obs7836;36;PI;NORDESTE;30;40.41;2022;0 Km;60;40641.2;1.06;3280.0;820.0;0;N;N;EF;645;1.0;A1;BOM;A3;;-1;0.0
obs4069;37;GO;CENTRO-OESTE;30;65.79;2022;0 Km;60;26952.53;1.04;5061.04;4305.0;12;N;N;EF;667;3.0;A2;BOM;A3;S;-1;0.0
obs7271;53;DF;CENTRO-OESTE;30;6.4;2022;0 Km;60;40982.08;1.14;3198.0;1845.0;0;N;N;EF;732;3.0;A1;BOM;C3;S;-1;0.0
obs3604;25;SP;SULDESTE;30;24.12;2021;0 Km;60;44280.27;1.54;3982.74;820.0;0;N;N;EF;674;1.0;A1;BOM;B3;;0;0.0
obs3405;43;PR;SUL;30;15.09;2021;0 Km;60;38374.94;1.14;4920.0;4387.0;18;N;N;EF;737;3.0;A2;BOM;C3;S;0;0.0
obs8457;44;SP;SULDESTE;30;72.81;2022;0 Km;48;22700.11;0.95;5330.0;1804.0;11;N;N;EF;715;1.0;A4;BOM;A2;;-1;0.0
obs6611;71;SP;SULDESTE;30;15.62;2021;0 Km;60;66275.27;1.46;4510.0;3649.0;37;N;N;EF;720;3.0;A4;PESS;C3;S;0;0.0
obs4167;45;PE;NORDESTE;30;13.07;2022;0 Km;60;36938.61;1.55;3180.78;779.0;0;N;N;EF;691;3.0;A1;BOM;C3;N;-1;0.0
obs8522;66;SC;SUL;30;31.03;2014;>= 3 anos;48;17683.79;1.21;2460.0;1722.0;20;N;N;EF;678;;;;;;7;0.0
obs7688;32;RJ;SULDESTE;30;68.22;2022;0 Km;24;23988.43;0.88;5330.0;1107.0;21;N;N;EF;746;3.0;A1;BOM;A1;N;-1;0.0
obs1355;42;SP;SULDESTE;30;0.0;2016;>= 3 anos;48;31662.61;1.89;2870.0;2583.0;35;N;N;EF;642;;;;;S;5;0.0
obs2582;57;SC;SUL;30;26.76;2014;>= 3 anos;48;21750.79;1.67;4756.0;3116.0;14;N;N;EF;684;;;;;S;7;0.0
obs3402;46;MG;SULDESTE;30;48.92;2018;>= 3 anos;48;30544.18;0.98;8200.0;8487.0;10;N;N;EF;670;;;;;N;3;0.0
obs4643;47;SP;SULDESTE;30;11.98;2022;0 Km;60;61130.1;1.31;10660.0;6068.0;0;N;N;EF;715;2.0;A4;BOM;C3;S;-1;0.0
obs1048;77;MA;NORDESTE;30;28.61;2021;0 Km;49;54752.61;0.93;4920.0;4264.0;31;N;N;EF;683;3.0;A2;PESS;B3;S;0;0.0
obs7176;24;MT;CENTRO-OESTE;30;19.73;2022;0 Km;60;34688.19;1.18;2624.0;2132.0;0;N;N;EF;687;1.0;A2;BOM;C3;S;-1;0.0
obs5765;56;MT;CENTRO-OESTE;30;79.47;2021;0 Km;18;14753.25;0.0;12300.0;1845.0;6;N;N;EF;705;3.0;A4;RUIM;A1;N;0;0.0
obs7903;44;PR;SUL;30;7.4;2022;0 Km;60;44413.04;1.4;4100.0;4182.0;27;N;N;EF;691;1.0;A1;BOM;C3;;-1;0.0
obs4111;38;MA;NORDESTE;30;49.19;2022;0 Km;24;35196.98;1.2;9840.0;1189.0;18;N;N;EF;654;3.0;A2;BOM;A1;S;-1;0.0
obs1081;40;RS;SUL;30;76.31;2021;0 Km;60;11618.06;1.14;2050.0;1353.0;13;N;N;EF;737;3.0;A2;BOM;A3;S;0;0.0
obs294;33;CE;NORDESTE;30;56.92;2014;>= 3 anos;24;24150.51;1.85;5576.0;779.0;23;N;N;EF;642;;;;;;7;0.0
obs23;34;BA;NORDESTE;30;42.4;2020;2 anos;48;34942.81;1.29;4018.0;861.0;24;S;N;EF;664;;;;;S;1;0.0
obs419;42;SP;SULDESTE;30;79.37;2021;0 Km;24;33072.11;1.04;16318.0;11890.0;10;N;N;EF;737;3.0;A4;BOM;A1;S;0;0.0
obs6478;72;PR;SUL;30;27.5;2022;0 Km;60;33778.51;0.93;4920.0;2419.0;15;N;N;EF;760;3.0;A4;BOM;B3;S;-1;0.0
obs8663;46;MT;CENTRO-OESTE;30;24.34;2022;0 Km;60;63055.93;1.28;4920.0;1312.0;32;N;N;EF;702;3.0;A2;RUIM;B3;S;-1;0.0
obs4961;34;ES;SULDESTE;30;40.53;2022;0 Km;48;32327.87;1.37;3690.0;2050.0;26;N;N;EF;646;2.0;A1;PESS;A2;S;-1;0.0
obs2840;37;PE;NORDESTE;30;33.51;2019;2 anos;48;24571.61;1.82;4100.0;1845.0;19;N;N;EF;642;;;;;N;2;0.0
obs6916;45;MG;SULDESTE;30;28.02;2022;0 Km;49;37476.05;1.05;3654.31;2583.0;30;N;N;EF;715;3.0;A4;RUIM;B3;S;-1;0.0
obs9046;58;MA;NORDESTE;30;20.16;2022;0 Km;60;51846.05;1.13;5740.0;3239.0;21;N;N;EF;751;3.0;A2;BOM;B3;S;-1;0.0
obs2851;26;MS;CENTRO-OESTE;30;47.1;2022;0 Km;49;24185.62;1.16;4920.0;820.0;15;N;N;EF;661;1.0;A1;BOM;A3;;-1;0.0
obs2370;65;PR;SUL;30;92.37;2021;0 Km;12;6370.03;0.39;6560.0;2583.0;0;N;N;EF;768;1.0;A1;BOM;A1;N;0;0.0
obs7998;48;RS;SUL;30;62.89;2022;0 Km;60;16449.21;1.02;3690.0;4756.0;10;N;N;EF;702;3.0;A1;RUIM;A3;S;-1;0.0
obs8516;42;RS;SUL;30;28.28;2022;0 Km;37;40504.71;1.32;3690.0;3321.0;42;N;N;EF;697;3.0;A2;RUIM;B2;S;-1;0.0
obs3859;34;SC;SUL;30;63.03;2022;0 Km;24;34331.93;0.0;3936.0;861.0;38;N;N;EF;746;3.0;A4;BOM;A1;S;-1;0.0
obs4623;46;MG;SULDESTE;30;73.0;2021;0 Km;24;22346.27;0.0;16400.0;8487.0;5;N;N;EF;755;3.0;A4;BOM;A1;N;0;0.0
obs5738;58;SC;SUL;30;31.71;2021;0 Km;60;47316.45;1.12;4100.0;1886.0;27;N;N;EF;707;2.0;A2;BOM;B3;S;0;0.0
obs7588;41;PR;SUL;30;10.13;2022;0 Km;60;42203.01;1.56;4018.0;1558.0;28;N;N;EF;682;1.0;A1;BOM;C3;S;-1;0.0
obs3573;67;CE;NORDESTE;30;58.48;2022;0 Km;36;27179.93;0.75;2870.0;1312.0;31;N;N;EF;660;3.0;A1;PESS;A1;N;-1;0.0
obs9229;31;PB;NORDESTE;30;12.27;2022;0 Km;60;38523.06;1.14;3198.0;1271.0;29;N;N;EF;706;3.0;A1;BOM;C3;N;-1;0.0
obs461;45;RJ;SULDESTE;30;58.14;2021;0 Km;24;17718.84;0.46;4100.0;4387.0;19;N;N;EF;755;3.0;A2;BOM;A1;N;0;0.0
obs4928;40;SP;SULDESTE;30;51.02;2022;0 Km;48;20708.27;0.93;4100.0;4223.0;0;N;N;EF;763;3.0;A2;BOM;A2;S;-1;0.0
obs879;43;GO;CENTRO-OESTE;30;10.01;2021;0 Km;60;57670.56;1.18;5740.0;1886.0;23;N;N;EF;678;2.0;A4;RUIM;C3;S;0;0.0
obs3456;43;BA;NORDESTE;30;44.92;2021;0 Km;37;41459.14;1.34;8200.0;5986.0;19;N;N;EF;737;3.0;A2;PESS;A2;S;0;0.0
obs9143;77;SP;SULDESTE;30;86.92;2022;0 Km;12;8485.8;0.0;2362.57;1517.0;0;N;N;EF;777;3.0;A4;BOM;A1;S;-1;0.0
obs3727;75;MG;SULDESTE;30;37.98;2022;0 Km;49;34036.53;1.1;3690.0;1312.0;26;N;N;EF;696;3.0;A4;RUIM;B3;S;-1;0.0
obs2708;53;SC;SUL;30;16.84;2021;0 Km;60;47987.09;1.24;4100.0;1353.0;27;N;N;EF;706;2.0;A4;BOM;C3;N;0;0.0
obs4144;26;SC;SUL;30;38.15;2015;>= 3 anos;48;14944.79;1.73;2013.59;984.0;23;S;N;EF;670;;;;;N;6;0.0
obs1066;56;CE;NORDESTE;30;72.5;2021;0 Km;18;17792.21;0.0;3280.0;2583.0;31;N;N;EF;692;3.0;A1;BOM;A1;N;0;0.0
obs35;28;PB;NORDESTE;30;3.26;2021;0 Km;60;49920.81;1.35;5166.0;943.0;23;N;N;EF;706;3.0;A2;BOM;C3;N;0;0.0
obs9488;41;RS;SUL;30;28.28;2022;0 Km;60;70746.05;1.23;7096.21;6519.0;23;N;N;EF;693;3.0;A4;BOM;B3;S;-1;0.0
obs9211;74;PA;NORTE;30;0.0;2022;0 Km;60;55500.01;1.55;5002.0;4387.0;0;N;N;EF;724;1.0;A2;BOM;C3;N;-1;0.0
obs5084;29;SC;SUL;30;25.34;2021;0 Km;48;43628.76;1.21;4059.0;820.0;31;N;N;EF;697;1.0;A1;BOM;B2;;0;1.0
obs643;44;PE;NORDESTE;30;79.77;2021;0 Km;24;20256.84;0.0;4100.0;1353.0;21;S;N;EF;746;3.0;A2;BOM;A1;S;0;0.0
obs4946;58;SP;SULDESTE;30;60.18;2022;0 Km;36;29505.44;0.75;4083.6;1271.0;24;N;N;EF;711;3.0;A4;RUIM;A1;S;-1;0.0
obs2399;46;SP;SULDESTE;30;77.37;2022;0 Km;24;10497.61;0.56;8200.0;2378.0;5;N;N;EF;742;3.0;A2;BOM;A1;N;-1;0.0
obs9655;68;RS;SUL;30;22.89;2022;0 Km;60;43938.42;1.18;3936.0;1886.0;26;N;N;EF;747;3.0;A4;BOM;B3;N;-1;0.0
obs1106;71;PA;NORTE;30;46.78;2021;0 Km;48;28350.58;1.44;8200.0;2952.0;10;N;N;EF;672;3.0;A2;PESS;A2;S;0;0.0
obs4330;51;RJ;SULDESTE;30;62.01;2013;>= 3 anos;36;12862.51;1.1;2870.0;2009.0;15;N;N;EF;657;;;;;;8;0.0
obs2427;54;SP;SULDESTE;30;21.26;2015;>= 3 anos;48;28172.46;1.77;4510.0;2501.0;19;N;N;EF;660;;;;;;6;0.0
obs5843;55;SC;SUL;30;63.36;2022;0 Km;24;30542.15;0.11;5658.0;1517.0;23;N;N;EF;720;3.0;A4;RUIM;A1;S;-1;0.0
obs1716;63;MS;CENTRO-OESTE;30;65.75;2013;>= 3 anos;24;9428.22;1.08;2624.0;1804.0;17;N;N;EF;678;;;;;N;8;0.0
obs4655;35;MG;SULDESTE;30;35.8;2014;>= 3 anos;48;23407.01;1.98;4100.0;861.0;19;N;N;EF;647;;;;;S;7;0.0
obs4763;77;MA;NORDESTE;30;27.78;2022;0 Km;24;38888.53;0.92;8200.0;2624.0;22;N;N;EF;747;3.0;A2;BOM;B1;S;-1;0.0
obs6654;46;SP;SULDESTE;30;42.4;2022;0 Km;36;34614.35;1.08;4264.0;4223.0;0;N;N;EF;704;1.0;A4;BOM;A1;N;-1;0.0
obs3101;43;PA;NORTE;30;2.8;2021;0 Km;60;78559.77;1.23;6560.0;2009.0;28;N;N;EF;693;3.0;A2;BOM;C3;S;0;0.0
obs676;52;PR;SUL;30;15.03;2021;0 Km;60;38340.08;1.33;33888279.3;1394.0;0;N;N;EF;706;1.0;A2;BOM;C3;;0;1.0
obs2975;79;PB;NORDESTE;30;12.55;2022;0 Km;60;39443.87;1.13;2854.6;1312.0;32;N;N;EF;711;3.0;A2;BOM;C3;;-1;0.0
obs7793;62;SC;SUL;30;70.64;2020;2 anos;18;13849.19;1.34;6560.0;2501.0;13;N;N;EF;701;;;;;N;1;0.0
obs1426;40;SP;SULDESTE;30;12.51;2014;>= 3 anos;48;18457.31;1.8;2296.0;1845.0;26;N;N;EF;668;;;;;S;7;0.0
obs2433;65;MG;SULDESTE;30;50.06;2021;0 Km;60;25673.87;0.83;4100.0;1927.0;13;N;N;EF;720;3.0;A2;BOM;A3;S;0;0.0
obs3748;61;SP;SULDESTE;30;0.0;2022;0 Km;60;44436.31;1.02;3690.0;2542.0;0;N;S;EF;747;3.0;A4;BOM;C3;S;-1;0.0
obs8281;30;SP;SULDESTE;30;69.26;2017;>= 3 anos;12;10987.31;0.49;5740.0;1353.0;16;N;N;EF;708;;;;;S;4;0.0
obs1368;64;PA;NORTE;30;70.44;2021;0 Km;18;27096.45;0.0;7544.0;2501.0;20;N;N;EF;720;1.0;A1;RUIM;A1;;0;0.0
obs1391;64;BA;NORDESTE;30;24.98;2021;0 Km;60;31473.41;0.99;3280.0;1927.0;21;N;N;EF;760;3.0;A2;BOM;B3;N;0;0.0
obs4077;55;SP;SULDESTE;30;19.83;2022;0 Km;60;57162.82;1.09;12300.0;1886.0;10;N;N;EF;720;3.0;A4;RUIM;C3;S;-1;0.0
obs4872;81;SP;SULDESTE;60;34.96;2022;0 Km;60;46455.77;1.21;5740.0;2050.0;19;N;N;EF;747;3.0;A4;BOM;B3;S;-1;0.0
obs4891;68;SP;SULDESTE;30;39.16;2021;0 Km;49;48492.52;0.93;9840.0;3403.0;14;N;N;EF;751;3.0;A4;BOM;B3;S;0;0.0
obs5122;24;SP;SULDESTE;30;54.78;2022;0 Km;30;32793.07;0.0;3936.0;1025.0;28;S;N;EF;738;1.0;A2;BOM;A1;;-1;0.0
obs5839;86;SP;SULDESTE;30;51.22;2020;2 anos;48;34235.61;0.71;8200.0;1927.0;10;N;N;EF;715;;;;;N;1;0.0
obs7457;40;GO;CENTRO-OESTE;30;88.95;2022;0 Km;24;9093.75;1.03;3280.0;1312.0;13;N;N;EF;693;3.0;A1;BOM;A1;N;-1;0.0
obs6641;64;SP;SULDESTE;30;28.01;2022;0 Km;49;38327.22;1.16;2870.0;1968.0;41;N;N;EF;683;2.0;A4;BOM;B3;S;-1;0.0
obs7635;73;AC;NORTE;30;46.19;2021;0 Km;49;34897.33;1.16;4100.0;861.0;25;N;N;EF;672;1.0;A1;BOM;A3;;0;0.0
obs8611;42;PA;NORTE;30;26.63;2022;0 Km;49;45236.1;1.22;2952.0;1886.0;46;N;N;EF;697;3.0;A2;RUIM;B3;S;-1;0.0
obs5354;65;PI;NORDESTE;30;72.92;2022;0 Km;36;13127.53;0.65;5492.53;3567.0;7;N;N;EF;751;3.0;A2;RUIM;A1;S;-1;0.0
obs3173;66;PA;NORTE;30;0.0;2021;0 Km;60;73676.05;1.5;5740.0;984.0;34;N;N;EF;692;3.0;A1;BOM;C3;;0;0.0
obs7151;63;PR;SUL;30;28.39;2021;0 Km;49;104952.67;1.23;9840.0;2665.0;0;N;N;EF;724;2.0;A4;BOM;B3;S;0;0.0
obs2007;57;PE;NORDESTE;30;62.76;2022;0 Km;24;29624.65;0.0;6560.0;1599.0;19;N;N;EF;760;3.0;A2;BOM;A1;N;-1;0.0
obs219;54;SC;SUL;30;45.83;2015;>= 3 anos;48;22088.17;1.25;8200.0;3321.0;7;N;N;EF;701;;;;;S;6;0.0
obs555;43;PE;NORDESTE;30;28.06;2021;0 Km;49;64594.61;1.19;6150.0;1845.0;31;N;N;EF;733;3.0;A2;BOM;B3;S;0;0.0
obs6986;59;BA;NORDESTE;30;41.47;2022;0 Km;36;53464.96;0.67;4100.0;2665.0;0;S;N;EF;777;3.0;A2;BOM;A1;S;-1;0.0
obs5202;81;PB;NORDESTE;30;78.44;2022;0 Km;12;9906.77;0.58;4920.0;1763.0;17;N;N;EF;707;1.0;A2;BOM;A1;;-1;0.0
obs2142;50;SP;SULDESTE;30;0.0;2022;0 Km;60;43441.97;1.12;7380.0;1722.0;0;N;N;EF;772;3.0;A4;BOM;C3;N;-1;0.0
obs4792;51;MG;SULDESTE;30;25.97;2021;0 Km;37;73775.56;0.81;12300.0;5986.0;21;N;N;EF;678;3.0;A4;PESS;B2;S;0;0.0
obs2467;70;RJ;SULDESTE;30;75.56;2022;0 Km;30;17991.08;0.0;5740.0;6847.0;11;N;N;EF;639;3.0;A2;BOM;A1;S;-1;0.0
obs6204;51;RJ;SULDESTE;30;2.44;2019;2 anos;60;34102.21;1.62;2919.2;902.0;30;N;N;EF;661;;;;;;2;0.0
obs1354;44;GO;CENTRO-OESTE;30;41.45;2021;0 Km;36;24281.59;0.92;4920.0;1763.0;16;N;N;EF;697;3.0;A2;BOM;A1;N;0;0.0
obs4415;55;SC;SUL;30;59.01;2021;0 Km;60;34858.15;1.07;5740.0;4346.0;0;N;N;EF;764;3.0;A2;BOM;A3;S;0;0.0
obs4841;34;RN;NORDESTE;30;14.75;2021;0 Km;60;48951.74;1.33;9840.0;902.0;12;N;N;EF;693;1.0;A1;RUIM;C3;;0;0.0
obs4314;57;BA;NORDESTE;30;19.81;2022;0 Km;48;34353.51;1.04;3239.0;1066.0;29;N;N;EF;705;3.0;A1;BOM;C2;N;-1;0.0
obs5975;80;BA;NORDESTE;30;7.37;2021;0 Km;60;34944.34;1.18;3280.0;1066.0;24;N;N;EF;707;3.0;A2;BOM;C3;S;0;0.0
obs7634;71;PE;NORDESTE;30;33.88;2022;0 Km;48;54161.11;1.35;12300.0;6109.0;13;N;N;EF;747;3.0;A2;BOM;B2;S;-1;0.0
obs1684;50;SP;SULDESTE;30;59.19;2022;0 Km;18;50762.57;0.0;12300.0;2583.0;23;N;N;EF;755;3.0;A1;BOM;A1;N;-1;0.0
obs2745;42;RS;SUL;30;66.42;2021;0 Km;37;30172.5;0.93;8200.0;1886.0;13;N;N;EF;682;3.0;A2;BOM;A2;S;0;0.0
obs5232;84;SP;SULDESTE;30;14.03;2022;0 Km;36;38432.92;0.78;4018.0;1968.0;0;N;N;EF;760;3.0;A4;BOM;C1;S;-1;0.0
obs9298;34;SC;SUL;60;31.4;2017;>= 3 anos;48;27560.79;1.42;2624.0;1804.0;31;N;N;EF;647;;;;;N;4;0.0
obs3000;40;AP;NORTE;30;40.5;2021;0 Km;49;61891.44;1.19;12300.0;15744.0;15;N;N;EF;733;3.0;A2;BOM;A3;N;0;0.0
obs4552;46;GO;CENTRO-OESTE;30;52.33;2019;2 anos;36;24655.09;1.2;4100.0;1558.0;20;S;N;EF;657;;;;;N;2;0.0
obs2449;75;PE;NORDESTE;30;11.66;2022;0 Km;60;37535.38;1.46;6560.0;1763.0;14;N;N;EF;692;3.0;A2;BOM;C3;S;-1;0.0
obs178;39;GO;CENTRO-OESTE;30;64.35;2021;0 Km;18;34782.75;0.0;16400.0;8282.0;11;N;N;EF;746;3.0;A2;BOM;A1;S;0;0.0
obs6243;69;CE;NORDESTE;30;25.75;2021;0 Km;60;132300.34;1.5;19270.0;1845.0;0;N;N;EF;689;3.0;A2;RUIM;B3;N;0;0.0
obs7043;74;AM;NORTE;30;24.87;2022;0 Km;49;62279.32;0.93;4920.0;1845.0;35;N;N;EF;683;3.0;A2;RUIM;B3;S;-1;0.0
obs4802;39;SP;SULDESTE;30;63.42;2021;0 Km;18;23862.27;0.0;5330.0;2542.0;0;N;N;EF;763;3.0;A2;BOM;A1;N;0;0.0
obs8058;42;CE;NORDESTE;30;5.24;2022;0 Km;60;44078.81;1.55;4073.89;1640.0;27;N;N;EF;693;3.0;A1;RUIM;C3;;-1;1.0
obs639;46;SP;SULDESTE;30;28.57;2017;>= 3 anos;48;27260.45;1.43;3526.0;3198.0;22;N;N;EF;651;;;;;S;4;0.0
obs4428;65;SP;SULDESTE;30;1.87;2021;0 Km;60;37847.77;1.25;4100.0;1640.0;22;N;N;EF;760;3.0;A4;BOM;C3;S;0;0.0
obs3586;44;SP;SULDESTE;30;0.0;2022;0 Km;60;44295.21;0.99;3362.0;1353.0;30;N;N;EF;755;3.0;A2;BOM;C3;S;-1;0.0
obs7275;71;RS;SUL;30;13.41;2022;0 Km;60;35572.41;0.93;2870.0;1394.0;27;N;N;EF;760;3.0;A4;BOM;C3;N;-1;0.0
obs741;32;SC;SUL;30;38.94;2015;>= 3 anos;48;18269.34;1.29;3280.0;1271.0;16;N;N;EF;700;;;;;S;6;0.0
obs8354;30;AC;NORTE;30;64.31;2021;0 Km;24;56337.89;0.99;24600.0;1927.0;11;N;N;EF;678;3.0;A2;RUIM;A1;S;0;0.0
obs2363;31;GO;CENTRO-OESTE;30;69.98;2021;0 Km;24;13126.39;0.3;9348.0;4305.0;6;N;N;EF;746;3.0;A2;BOM;A1;N;0;0.0
obs9014;39;SC;SUL;30;20.04;2022;0 Km;60;37927.49;1.29;3608.0;1353.0;26;N;N;EF;697;1.0;A1;BOM;B3;;-1;1.0
obs4332;49;PR;SUL;30;0.0;2022;0 Km;60;42931.64;1.28;4264.0;1804.0;0;N;S;EF;759;3.0;A2;BOM;C3;S;-1;0.0
obs3842;53;SC;SUL;30;21.58;2022;0 Km;60;43070.71;1.03;7380.0;4346.0;0;N;N;EF;763;3.0;A1;BOM;B3;S;-1;0.0
obs7642;68;BA;NORDESTE;30;24.86;2021;0 Km;49;59406.79;0.93;9479.2;4387.0;18;N;N;EF;711;3.0;A2;PESS;B3;S;0;0.0
obs6509;78;PE;NORDESTE;30;42.79;2022;0 Km;49;45151.68;0.93;3832.52;820.0;33;N;N;EF;664;3.0;A2;RUIM;A3;S;-1;0.0
obs5400;37;MA;NORDESTE;30;65.22;2020;2 anos;24;21072.87;1.19;4920.0;820.0;21;N;N;EF;671;;;;;N;1;0.0
obs3976;38;SP;SULDESTE;30;30.57;2021;0 Km;48;48238.54;1.22;4100.0;1435.0;34;N;N;EF;737;3.0;A2;BOM;B2;S;0;0.0
obs4051;54;PR;SUL;60;20.0;2017;>= 3 anos;60;27832.28;1.52;3690.0;12669.0;20;N;N;EF;665;;;;;;4;0.0
obs2161;45;BA;NORDESTE;30;37.9;2018;>= 3 anos;48;20085.81;1.13;5740.0;6027.0;9;N;N;EF;685;;;;;S;3;0.0
obs8274;43;AP;NORTE;30;13.62;2022;0 Km;60;38074.59;1.33;7216.0;820.0;13;N;N;EF;693;1.0;A2;BOM;C3;;-1;0.0
obs8553;58;DF;CENTRO-OESTE;30;4.48;2022;0 Km;60;41935.19;1.29;4920.0;820.0;20;N;N;EF;751;2.0;A1;BOM;C3;;-1;0.0
obs6591;67;BA;NORDESTE;30;32.8;2022;0 Km;60;29467.17;1.38;4920.0;1107.0;15;N;N;EF;679;1.0;A2;BOM;B3;;-1;1.0
obs7433;33;SP;SULDESTE;30;28.0;2022;0 Km;49;65672.69;0.83;6560.0;3034.0;28;N;N;EF;678;3.0;A2;RUIM;B3;S;-1;0.0
obs4446;60;SP;SULDESTE;30;65.05;2021;0 Km;18;28925.27;0.0;24600.0;8487.0;0;N;N;EF;777;3.0;A4;BOM;A1;S;0;0.0
obs3444;45;PE;NORDESTE;30;34.84;2021;0 Km;60;59263.12;1.18;5330.0;1886.0;0;N;N;EF;719;2.0;A2;RUIM;B3;S;0;0.0
obs3703;50;SC;SUL;30;60.87;2015;>= 3 anos;48;16023.79;1.56;2132.0;1312.0;23;N;N;EF;640;;;;;S;6;0.0
obs7065;75;SC;SUL;30;57.31;2022;0 Km;48;18763.62;1.17;4100.0;2460.0;12;N;N;EF;707;3.0;A1;BOM;A2;S;-1;0.0
obs748;32;BA;NORDESTE;30;60.04;2021;0 Km;49;36105.64;1.02;5330.0;2501.0;20;N;N;EF;746;3.0;A2;RUIM;A3;S;0;0.0
obs7739;59;SP;SULDESTE;30;49.1;2022;0 Km;48;66049.51;0.79;5740.0;6068.0;29;N;N;EF;760;3.0;A4;BOM;A2;N;-1;0.0
obs923;46;SP;SULDESTE;30;79.74;2021;0 Km;24;16607.24;0.99;5740.0;11808.0;13;N;N;EF;742;3.0;A2;BOM;A1;S;0;0.0
obs1681;54;PA;NORTE;30;0.0;2021;0 Km;60;44211.05;1.55;4920.0;3526.0;0;N;N;EF;706;2.0;A2;BOM;C3;S;0;0.0
obs2921;40;SE;NORDESTE;30;46.94;2019;2 anos;48;36484.99;1.58;4083.6;1845.0;27;N;N;EF;629;;;;;N;2;0.0
obs9356;39;GO;CENTRO-OESTE;30;28.0;2021;0 Km;49;72878.42;1.11;5330.0;1517.0;41;N;N;EF;669;2.0;A1;RUIM;B3;S;0;0.0
obs8880;34;BA;NORDESTE;30;36.24;2021;0 Km;49;58176.73;1.01;5330.0;1804.0;32;N;N;EF;669;2.0;A2;RUIM;B3;N;0;1.0
obs9625;33;GO;CENTRO-OESTE;30;46.42;2022;0 Km;60;22929.85;1.44;36900.0;1886.0;1;N;N;EF;665;1.0;A2;RUIM;A3;S;-1;0.0
obs5909;55;BA;NORDESTE;30;43.61;2021;0 Km;49;52276.4;1.02;8200.0;902.0;18;N;N;EF;760;3.0;A2;BOM;A3;N;0;0.0
obs2711;60;PE;NORDESTE;30;16.79;2022;0 Km;60;35369.91;1.46;3690.0;1312.0;25;N;N;EF;683;3.0;A2;RUIM;C3;N;-1;0.0
obs9633;43;RJ;SULDESTE;30;35.44;2018;>= 3 anos;36;43240.51;1.23;10660.0;8323.0;14;N;N;EF;685;;;;;S;3;0.0
obs7462;77;MG;SULDESTE;30;34.26;2022;0 Km;60;61515.19;0.97;13940.0;1968.0;0;N;N;EF;764;3.0;A4;BOM;B3;S;-1;0.0
obs5003;61;BA;NORDESTE;30;42.26;2022;0 Km;36;43659.47;1.01;5330.0;3239.0;27;N;N;EF;705;1.0;A1;BOM;A1;;-1;0.0
obs1520;59;CE;NORDESTE;30;35.93;2021;0 Km;36;33225.85;0.99;4428.0;1107.0;26;N;N;EF;673;1.0;A1;BOM;B1;;0;0.0
obs6805;34;SP;SULDESTE;30;25.26;2022;0 Km;48;32716.71;1.2;4100.0;1845.0;22;N;N;EF;678;3.0;A1;RUIM;B2;N;-1;0.0
obs7162;50;MG;SULDESTE;30;29.87;2021;0 Km;37;57086.75;0.74;6150.0;1763.0;30;S;N;EF;687;2.0;A1;RUIM;B2;S;0;0.0
obs8248;35;SC;SUL;30;13.52;2018;>= 3 anos;48;32939.19;1.7;2050.0;1804.0;0;N;N;EF;663;;;;;;3;0.0
obs8081;61;MS;CENTRO-OESTE;30;14.79;2022;0 Km;60;39156.38;1.45;4920.0;1394.0;19;S;N;EF;751;2.0;A2;BOM;C3;S;-1;0.0
obs7109;39;SC;SUL;30;0.0;2022;0 Km;60;47671.69;1.39;4920.0;1845.0;0;N;N;EF;710;3.0;A4;BOM;C3;S;-1;0.0
obs1304;23;PE;NORDESTE;30;63.34;2021;0 Km;36;17073.6;1.35;82.0;2378.0;39;N;N;EF;604;1.0;A0;BOM;A1;N;0;0.0
obs6966;59;CE;NORDESTE;60;43.32;2020;2 anos;60;51954.68;1.0;4920.0;1681.0;24;N;N;EF;684;;;;;N;1;0.0
obs1508;28;PE;NORDESTE;30;36.2;2021;0 Km;48;29523.6;1.39;4510.0;1148.0;19;N;N;EF;733;1.0;A4;BOM;B2;;0;0.0
obs7413;86;PE;NORDESTE;30;4.4;2022;0 Km;60;41768.38;1.2;2665.0;3280.0;36;N;N;EF;720;3.0;A1;RUIM;C3;;-1;0.0
obs3438;65;SP;SULDESTE;30;0.0;2022;0 Km;60;45267.97;1.58;8200.0;1927.0;14;N;S;EF;707;3.0;A4;RUIM;C3;N;-1;0.0
obs6233;43;SP;SULDESTE;30;41.1;2020;2 anos;48;35481.44;1.05;5248.0;2050.0;18;N;N;EF;681;;;;;S;1;0.0
obs2557;73;MA;NORDESTE;30;51.05;2021;0 Km;48;48662.9;0.95;4920.0;1681.0;25;N;N;EF;707;3.0;A4;BOM;A2;S;0;0.0
obs5011;54;BA;NORDESTE;30;27.16;2017;>= 3 anos;36;25904.11;1.56;3690.0;2542.0;25;N;N;EF;678;;;;;N;4;0.0
obs5488;42;SC;SUL;30;66.75;2022;0 Km;48;30289.83;0.78;3198.0;820.0;24;N;N;EF;737;3.0;A2;BOM;A2;S;-1;0.0
obs5254;55;GO;CENTRO-OESTE;30;0.0;2022;0 Km;48;41694.99;0.93;4100.0;1845.0;27;N;N;EF;760;3.0;A4;BOM;C2;S;-1;0.0
obs2339;28;MS;CENTRO-OESTE;30;49.61;2012;>= 3 anos;48;8656.32;1.48;2050.0;902.0;12;N;N;EF;664;;;;;N;9;0.0
obs3447;50;DF;CENTRO-OESTE;30;40.01;2021;0 Km;48;45306.38;1.26;12300.0;15826.0;10;N;N;EF;668;3.0;A1;PESS;A2;S;0;1.0
obs6357;49;RJ;SULDESTE;30;30.35;2014;>= 3 anos;24;14597.21;1.22;6560.0;1722.0;0;N;N;EF;682;;;;;S;7;0.0
obs8894;44;BA;NORDESTE;30;63.03;2021;0 Km;24;32051.65;0.0;16400.0;15867.0;0;N;N;EF;763;3.0;A2;BOM;A1;S;0;0.0
obs9703;76;RJ;SULDESTE;30;3.04;2022;0 Km;60;40335.51;1.35;3690.0;1558.0;26;N;N;EF;720;2.0;A4;BOM;C3;S;-1;0.0
obs9148;45;BA;NORDESTE;30;30.35;2022;0 Km;48;31850.75;1.16;3444.0;1476.0;26;N;S;EF;687;2.0;A2;PESS;B2;S;-1;0.0
obs3309;60;BA;NORDESTE;30;44.5;2022;0 Km;48;49797.32;1.0;3280.0;2583.0;41;N;N;EF;707;3.0;A1;RUIM;A2;S;-1;0.0
obs7182;56;BA;NORDESTE;30;63.44;2022;0 Km;24;30037.38;0.0;8692.0;5986.0;14;N;N;EF;692;3.0;A2;PESS;A1;S;-1;0.0
obs3244;64;PA;NORTE;30;31.59;2022;0 Km;48;29831.3;0.95;2624.0;1558.0;0;N;N;EF;764;3.0;A2;BOM;B2;N;-1;0.0
obs2393;66;RS;SUL;30;69.92;2021;0 Km;48;38287.0;0.74;11480.0;1640.0;8;N;N;EF;751;3.0;A4;BOM;A2;N;0;0.0
obs5305;28;SP;SULDESTE;30;54.91;2018;>= 3 anos;36;20117.31;0.82;3034.0;1804.0;21;N;N;EF;678;;;;;;3;0.0
obs1928;41;GO;CENTRO-OESTE;30;28.0;2021;0 Km;49;47681.78;1.24;4920.0;1886.0;29;N;N;EF;693;3.0;A2;RUIM;B3;S;0;0.0
obs2541;63;SP;SULDESTE;30;41.43;2018;>= 3 anos;24;33306.01;1.27;8200.0;2542.0;19;N;N;EF;654;;;;;N;3;0.0
obs3480;63;SP;SULDESTE;30;63.0;2021;0 Km;24;32565.65;0.0;4920.0;3034.0;0;N;N;EF;777;3.0;A4;BOM;A1;S;0;0.0
obs3736;33;SC;SUL;30;20.3;2021;0 Km;60;68616.74;1.73;14678.0;1148.0;0;N;N;EF;695;3.0;A1;RUIM;B3;;0;0.0
obs883;65;MA;NORDESTE;30;61.09;2021;0 Km;36;24690.86;0.67;3280.0;1353.0;24;N;N;EF;747;3.0;A2;BOM;A1;N;0;0.0
obs7784;32;MG;SULDESTE;30;59.36;2021;0 Km;48;26678.04;0.88;3116.0;1804.0;22;N;N;EF;706;3.0;A1;BOM;A2;N;0;0.0
obs7606;57;AM;NORTE;30;30.69;2021;0 Km;49;50932.39;1.07;16325.38;11726.0;0;N;N;EF;751;3.0;A4;BOM;B3;S;0;0.0
obs3248;32;DF;CENTRO-OESTE;30;32.06;2021;0 Km;60;46646.83;1.43;3690.0;1353.0;32;N;N;EF;693;3.0;A1;PESS;B3;S;0;0.0
obs16;64;PE;NORDESTE;30;0.0;2021;0 Km;60;42450.21;1.08;3690.0;1845.0;26;N;N;EF;751;3.0;A2;BOM;C3;S;0;0.0
obs1471;38;SP;SULDESTE;30;55.42;2021;0 Km;36;21152.53;1.05;6970.0;4305.0;0;N;N;EF;723;3.0;A4;BOM;A1;S;0;0.0
obs1539;47;PE;NORDESTE;30;85.5;2018;>= 3 anos;36;10785.31;1.02;1640.0;0.0;23;N;N;EF;681;;;;;S;3;0.0
obs309;37;MA;NORDESTE;30;31.38;2021;0 Km;49;55269.7;1.12;4920.0;4346.0;34;N;N;EF;737;3.0;A2;BOM;B3;S;0;0.0
obs5851;69;MA;NORDESTE;30;32.56;2022;0 Km;48;35284.34;1.27;5740.0;1312.0;18;N;S;EF;707;3.0;A1;BOM;B2;S;-1;0.0
obs5331;46;SP;SULDESTE;30;34.53;2016;>= 3 anos;48;31953.11;1.42;5330.0;2624.0;17;N;N;EF;657;;;;;S;5;0.0
obs1219;63;SC;SUL;30;63.0;2021;0 Km;24;31555.59;0.0;4920.0;15785.0;28;N;N;EF;760;3.0;A4;BOM;A1;N;0;0.0
obs577;54;MS;CENTRO-OESTE;30;52.65;2018;>= 3 anos;48;16059.92;1.23;8200.0;3321.0;5;N;N;EF;665;;;;;S;3;0.0
obs1658;62;RJ;SULDESTE;30;71.12;2021;0 Km;37;14465.82;1.28;7380.0;3198.0;7;N;N;EF;751;3.0;A2;BOM;A2;S;0;0.0
obs1015;43;DF;CENTRO-OESTE;30;53.18;2021;0 Km;36;39807.63;1.14;4869.39;2009.0;29;S;N;EF;654;1.0;A1;RUIM;A1;;0;0.0
obs2752;42;BA;NORDESTE;30;71.64;2021;0 Km;24;27556.66;0.0;8200.0;2911.0;14;N;N;EF;678;3.0;A2;RUIM;A1;N;0;0.0
obs1843;23;SP;SULDESTE;30;42.11;2014;>= 3 anos;48;14730.61;1.46;2050.0;738.0;21;N;N;EF;663;;;;;;7;0.0
obs6869;57;RS;SUL;30;28.61;2022;0 Km;49;64355.15;0.93;11890.0;5699.0;15;N;N;EF;751;2.0;A2;BOM;B3;S;-1;0.0
obs1374;42;BA;NORDESTE;30;71.42;2017;>= 3 anos;36;12624.11;0.91;4920.0;4305.0;8;N;N;EF;694;;;;;S;4;0.0
obs9041;61;SP;SULDESTE;30;0.0;2022;0 Km;60;46101.13;1.35;4018.0;492.0;29;S;N;EF;720;3.0;A1;BOM;C3;N;-1;0.0
obs9393;62;ES;SULDESTE;30;74.85;2021;0 Km;37;22117.08;0.93;1640.0;2542.0;0;N;N;EF;689;3.0;A4;RUIM;A2;S;0;0.0
obs6047;69;SP;SULDESTE;30;83.0;2022;0 Km;36;10802.6;0.0;14495.96;3280.0;0;N;N;EF;760;3.0;A4;BOM;A1;N;-1;0.0
obs2072;30;PA;NORTE;30;33.97;2021;0 Km;36;40639.23;1.03;7298.0;1189.0;0;N;N;EF;750;3.0;A2;BOM;B1;S;0;0.0
obs1476;67;SP;SULDESTE;30;74.85;2021;0 Km;36;16407.54;0.54;3034.0;1927.0;0;N;N;EF;777;3.0;A4;BOM;A1;S;0;0.0
obs7440;46;PR;SUL;30;0.0;2022;0 Km;60;52635.82;1.6;12300.0;3362.0;0;N;N;EF;704;2.0;A1;BOM;C3;S;-1;0.0
obs4668;70;CE;NORDESTE;30;5.16;2022;0 Km;60;43406.51;1.2;4018.0;1312.0;26;N;N;EF;720;2.0;A1;BOM;C3;;-1;0.0
obs714;55;SP;SULDESTE;30;44.73;2016;>= 3 anos;36;26728.42;1.19;4100.0;1886.0;23;N;N;EF;707;;;;;N;5;0.0
obs8899;49;PI;NORDESTE;30;25.03;2022;0 Km;12;50638.3;1.08;18860.0;1845.0;25;N;N;EF;674;2.0;A1;RUIM;B1;N;-1;0.0
obs7551;39;RJ;SULDESTE;30;64.48;2021;0 Km;18;22802.59;0.0;4100.0;1763.0;32;N;S;EF;659;3.0;A2;PESS;A1;S;0;1.0
obs4791;49;GO;CENTRO-OESTE;30;13.83;2022;0 Km;60;37350.83;1.44;4100.0;1312.0;22;N;N;EF;702;1.0;A2;BOM;C3;;-1;0.0
obs8295;57;BA;NORDESTE;30;30.98;2022;0 Km;49;30638.99;1.22;3116.0;1804.0;30;N;N;EF;672;3.0;A2;BOM;B3;N;-1;0.0
obs8353;45;SC;SUL;30;29.45;2020;2 anos;60;46111.29;1.23;5986.0;4346.0;19;N;N;EF;675;;;;;S;1;0.0
obs9066;62;SP;SULDESTE;30;43.72;2022;0 Km;36;43538.09;0.62;8200.0;2706.0;17;N;N;EF;760;3.0;A4;BOM;A1;S;-1;0.0
obs1647;41;SP;SULDESTE;30;45.5;2021;0 Km;37;50505.27;1.19;4100.0;1353.0;0;S;N;EF;750;3.0;A1;BOM;A2;S;0;0.0
obs4233;52;RS;SUL;30;23.08;2022;0 Km;48;42280.66;1.0;4756.0;2583.0;24;N;N;EF;742;3.0;A4;BOM;B2;S;-1;0.0
obs1181;44;CE;NORDESTE;30;30.13;2021;0 Km;37;62766.26;0.87;4100.0;1353.0;52;N;N;EF;669;3.0;A2;PESS;B2;S;0;0.0
obs4524;54;PR;SUL;30;38.89;2016;>= 3 anos;60;19532.28;1.29;4264.0;4223.0;11;N;N;EF;649;;;;;S;5;0.0
obs5298;32;PI;NORDESTE;30;32.63;2022;0 Km;60;52285.27;1.02;4920.0;615.0;0;N;N;EF;750;3.0;A2;BOM;B3;S;-1;0.0
obs5782;54;RS;SUL;30;39.89;2022;0 Km;36;26980.17;0.99;4100.0;1271.0;22;N;S;EF;691;1.0;A2;RUIM;B1;;-1;0.0
obs9065;38;DF;CENTRO-OESTE;30;56.07;2022;0 Km;37;21121.84;1.32;3058.6;4264.0;27;N;N;EF;669;2.0;A1;RUIM;A2;S;-1;0.0
obs1675;45;ES;SULDESTE;30;60.15;2021;0 Km;24;30106.25;0.4;4510.0;1968.0;30;N;N;EF;746;3.0;A4;BOM;A1;N;0;0.0
obs3599;44;MG;SULDESTE;30;65.11;2018;>= 3 anos;60;13156.51;1.49;4100.0;4469.0;8;N;N;EF;693;;;;;S;3;0.0
obs2252;55;SP;SULDESTE;30;30.63;2021;0 Km;37;36507.9;1.14;6560.0;1968.0;0;N;N;EF;700;3.0;A0;BOM;B2;N;0;0.0
obs1073;33;TO;NORTE;30;29.89;2021;0 Km;60;61653.39;1.58;5494.0;861.0;29;N;N;EF;678;3.0;A2;PESS;B3;S;0;0.0
obs987;34;SC;SUL;30;31.0;2013;>= 3 anos;48;18216.66;1.61;2296.0;1312.0;24;N;N;EF;677;;;;;;8;0.0
obs4444;62;SP;SULDESTE;30;12.83;2022;0 Km;60;37563.91;1.2;2870.0;1845.0;30;N;S;EF;705;1.0;A4;RUIM;C3;;-1;0.0
obs6689;42;RS;SUL;30;29.75;2022;0 Km;49;59615.02;0.93;5330.0;4264.0;32;N;N;EF;669;3.0;A2;RUIM;B3;S;-1;0.0
obs2292;57;PR;SUL;30;12.73;2022;0 Km;60;39161.78;1.08;6150.0;4305.0;14;N;N;EF;751;3.0;A1;BOM;C3;S;-1;0.0
obs4496;52;SP;SULDESTE;30;24.8;2021;0 Km;49;41322.15;1.05;3280.0;2542.0;0;N;N;EF;700;2.0;A1;RUIM;B3;S;0;0.0
obs7962;37;SP;SULDESTE;30;67.23;2018;>= 3 anos;36;13982.78;0.82;4100.0;2542.0;11;N;N;EF;702;;;;;N;3;0.0
obs9357;51;SP;SULDESTE;30;33.13;2022;0 Km;37;27943.22;1.18;41000.0;3321.0;2;N;N;EF;678;2.0;A2;RUIM;B2;S;-1;0.0
obs5638;71;RJ;SULDESTE;30;52.78;2022;0 Km;12;20715.14;0.04;6560.0;3608.0;26;N;N;EF;705;3.0;A4;RUIM;A1;S;-1;0.0
obs8484;51;RJ;SULDESTE;30;84.68;2022;0 Km;24;12678.25;0.0;2460.0;1312.0;0;N;N;EF;704;3.0;A2;RUIM;A1;N;-1;0.0
obs5074;55;PR;SUL;30;63.81;2022;0 Km;36;22910.32;0.78;16400.0;1353.0;4;N;N;EF;711;3.0;A4;RUIM;A1;N;-1;0.0
obs8632;29;SC;SUL;30;25.91;2022;0 Km;60;33877.92;1.22;2788.0;1312.0;28;N;N;EF;706;1.0;A1;BOM;B3;;-1;0.0
obs8500;47;ES;SULDESTE;30;51.86;2020;2 anos;48;20294.82;1.12;2296.0;8446.0;24;N;N;EF;651;;;;;S;1;0.0
obs2108;47;MT;CENTRO-OESTE;30;29.23;2021;0 Km;49;61200.05;1.19;4920.0;1886.0;37;N;N;EF;702;1.0;A2;BOM;B3;;0;0.0
obs1289;42;PE;NORDESTE;30;28.31;2021;0 Km;49;66899.95;0.83;6396.0;4346.0;0;N;N;EF;763;3.0;A2;BOM;B3;S;0;0.0
obs7406;40;ES;SULDESTE;30;39.1;2020;2 anos;48;111088.52;1.03;29520.0;2583.0;10;N;N;EF;655;;;;;N;1;0.0
obs5619;63;PB;NORDESTE;30;28.11;2012;>= 3 anos;36;17626.6;1.2;3280.0;1271.0;18;N;N;EF;715;;;;;S;9;0.0
obs1067;36;PE;NORDESTE;30;65.92;2021;0 Km;48;28149.74;0.83;4100.0;1353.0;18;N;N;EF;746;2.0;A2;BOM;A2;S;0;0.0
obs6586;43;MT;CENTRO-OESTE;30;26.16;2022;0 Km;60;40747.31;1.44;4100.0;1845.0;25;N;S;EF;665;3.0;A4;PESS;B3;S;-1;1.0
obs6798;63;PR;SUL;30;83.0;2022;0 Km;36;10883.23;0.0;3608.0;1394.0;8;N;N;EF;720;1.0;A2;BOM;A1;N;-1;0.0
obs3184;50;PA;NORTE;30;20.69;2022;0 Km;60;34430.33;1.07;3362.0;861.0;24;N;N;EF;702;3.0;A2;RUIM;B3;N;-1;0.0
obs1317;37;CE;NORDESTE;30;32.92;2021;0 Km;36;53928.42;1.08;8200.0;2542.0;23;N;N;EF;737;1.0;A2;BOM;B1;;0;0.0
obs7425;52;MA;NORDESTE;30;25.13;2022;0 Km;37;32888.75;1.13;4920.0;8241.0;25;S;N;EF;625;1.0;A2;BOM;B2;S;-1;0.0
obs70;40;MG;SULDESTE;30;24.8;2021;0 Km;49;57538.3;0.93;8200.0;8446.0;20;N;N;EF;697;3.0;A1;BOM;B3;S;0;0.0
obs7230;57;PE;NORDESTE;30;15.01;2022;0 Km;60;37112.08;0.93;3034.0;1312.0;26;N;N;EF;760;3.0;A2;BOM;C3;S;-1;0.0
obs8239;33;SC;SUL;30;76.92;2022;2 anos;60;21750.79;1.09;4100.0;1886.0;12;N;N;EF;677;;;;;S;-1;0.0
obs4172;34;SE;NORDESTE;30;0.0;2021;0 Km;36;51009.29;1.09;5740.0;1845.0;31;N;N;EF;733;3.0;A2;BOM;C1;N;0;0.0
obs4574;60;PE;NORDESTE;30;48.74;2022;0 Km;24;22426.06;0.62;2870.0;3362.0;35;N;N;EF;711;3.0;A1;BOM;A1;S;-1;0.0
obs6465;76;RJ;SULDESTE;30;47.08;2019;2 anos;24;17999.38;0.84;6560.0;1845.0;12;N;N;EF;688;;;;;N;2;0.0
obs5055;75;RS;SUL;30;29.99;2022;0 Km;49;58544.32;0.93;6560.0;3485.0;25;N;N;EF;683;3.0;A4;BOM;B3;;-1;0.0
obs8775;55;DF;CENTRO-OESTE;30;42.56;2022;0 Km;60;22735.36;1.17;6560.0;16031.0;8;N;N;EF;720;3.0;A2;RUIM;A3;S;-1;0.0
obs7160;41;PB;NORDESTE;30;0.0;2022;0 Km;60;41851.81;1.25;5330.0;1845.0;18;N;N;EF;691;2.0;A1;BOM;C3;S;-1;0.0
obs4903;64;RS;SUL;30;7.43;2021;0 Km;60;42145.18;1.12;12300.0;12054.0;7;N;N;EF;747;3.0;A4;BOM;C3;S;0;0.0
obs6202;46;SP;SULDESTE;30;26.79;2021;0 Km;60;44263.67;1.63;4100.0;1271.0;29;N;N;EF;674;1.0;A2;BOM;B3;;0;0.0
obs5967;46;PR;SUL;30;26.96;2022;0 Km;37;65018.05;0.87;4920.0;1435.0;0;N;N;EF;667;3.0;A4;PESS;B2;S;-1;0.0
obs6093;42;PR;SUL;30;19.48;2021;0 Km;49;60286.98;0.88;4387.21;861.0;39;N;N;EF;737;3.0;A2;BOM;C3;S;0;0.0
obs7580;62;PR;SUL;30;20.73;2022;0 Km;60;40302.31;1.61;4346.0;451.0;25;N;N;EF;668;1.0;A1;RUIM;B3;;-1;1.0
obs7054;28;SP;SULDESTE;30;53.57;2022;0 Km;24;19129.61;0.41;3280.0;1435.0;25;N;N;EF;746;2.0;A2;BOM;A1;N;-1;0.0
obs1866;76;SC;SUL;30;49.07;2021;0 Km;37;23236.49;1.13;6560.0;1599.0;12;N;N;EF;683;3.0;A1;RUIM;A2;S;0;0.0
obs4755;46;SP;SULDESTE;30;36.32;2022;0 Km;49;54627.05;0.83;5740.0;1394.0;25;N;N;EF;715;1.0;A4;BOM;B3;S;-1;0.0
obs4291;61;SP;SULDESTE;30;36.54;2021;0 Km;48;41932.2;0.83;6150.0;4469.0;17;N;N;EF;711;3.0;A4;BOM;B2;S;0;0.0
obs1488;69;MA;NORDESTE;30;15.7;2021;0 Km;60;35424.4;1.41;4100.0;1271.0;22;N;N;EF;747;1.0;A2;BOM;C3;;0;0.0
obs7716;28;RS;SUL;30;41.52;2022;0 Km;60;28865.18;1.5;3690.0;943.0;20;N;N;EF;646;1.0;A1;RUIM;A3;;-1;0.0
obs812;55;MG;SULDESTE;30;19.13;2021;0 Km;60;33941.4;1.5;3280.0;1804.0;27;N;N;EF;679;1.0;A4;RUIM;C3;;0;1.0
obs6728;35;AM;NORTE;30;39.51;2021;0 Km;60;23298.37;1.18;2214.0;2542.0;25;N;N;EF;693;1.0;A2;BOM;B3;;0;0.0
obs7498;46;GO;CENTRO-OESTE;30;86.0;2021;0 Km;24;12463.55;0.0;12300.0;15867.0;4;N;N;EF;715;2.0;A4;BOM;A1;S;0;0.0
obs2783;23;RN;NORDESTE;30;54.19;2016;>= 3 anos;36;16675.53;1.32;2050.0;1312.0;29;S;N;EF;635;;;;;;5;0.0
obs7330;42;AL;NORDESTE;30;48.02;2021;0 Km;48;77023.17;1.42;6560.0;902.0;0;N;N;EF;686;2.0;A1;RUIM;A2;;0;0.0
obs4700;45;SP;SULDESTE;30;6.67;2014;>= 3 anos;48;35887.31;2.01;4592.0;1312.0;26;N;N;EF;657;;;;;N;7;0.0
obs256;43;SE;NORDESTE;30;42.14;2018;>= 3 anos;48;21372.34;1.45;3444.0;820.0;18;N;N;EF;646;;;;;N;3;0.0
obs1883;59;CE;NORDESTE;30;38.91;2021;0 Km;48;38166.72;1.21;8200.0;1927.0;0;N;N;EF;747;3.0;A2;BOM;B2;S;0;0.0
obs6800;48;PR;SUL;30;34.47;2016;>= 3 anos;60;21868.01;1.12;3280.0;3239.0;15;S;N;EF;683;;;;;S;5;0.0
obs1062;53;RJ;SULDESTE;30;77.44;2021;0 Km;24;19039.37;1.04;7380.0;5289.0;0;N;N;EF;677;3.0;A2;PESS;A1;S;0;0.0
obs1541;29;MS;CENTRO-OESTE;30;36.06;2021;0 Km;49;32518.57;1.16;4100.0;779.0;24;N;N;EF;669;2.0;A1;RUIM;B3;S;0;0.0
obs5255;71;SP;SULDESTE;30;31.77;2018;>= 3 anos;48;49167.31;1.14;7790.0;1476.0;17;N;N;EF;665;;;;;S;3;0.0
obs8749;39;SP;SULDESTE;30;70.01;2021;0 Km;24;24235.61;0.0;3116.0;2542.0;0;N;N;EF;763;3.0;A2;BOM;A1;S;0;0.0
obs9114;45;SP;SULDESTE;30;0.0;2013;>= 3 anos;48;28359.05;2.16;2913.46;2542.0;0;N;N;EF;678;;;;;S;8;0.0
obs7345;63;SC;SUL;30;42.06;2022;0 Km;49;47719.83;0.83;4920.0;1845.0;27;N;N;EF;692;3.0;A1;RUIM;A3;N;-1;0.0
obs2394;44;SP;SULDESTE;30;13.76;2018;>= 3 anos;48;22206.92;1.75;2460.0;1886.0;28;N;N;EF;657;;;;;N;3;0.0
obs3663;25;RS;SUL;30;20.63;2022;0 Km;60;32728.9;1.61;4774.86;1066.0;18;N;N;EF;670;3.0;A1;BOM;B3;N;-1;0.0
obs5545;54;MT;CENTRO-OESTE;30;0.0;2021;0 Km;60;55954.45;1.53;7380.0;1353.0;19;N;N;EF;755;2.0;A1;BOM;C3;S;0;0.0
obs4289;38;SC;SUL;30;37.42;2022;0 Km;48;34149.87;1.05;4592.0;1927.0;20;N;N;EF;733;2.0;A1;BOM;B2;N;-1;0.0
obs2100;38;SP;SULDESTE;30;6.77;2021;0 Km;48;38959.97;1.35;5740.0;943.0;0;N;N;EF;710;2.0;A4;BOM;C2;N;0;0.0
obs7691;47;RJ;SULDESTE;30;52.83;2021;0 Km;48;83663.17;1.16;6560.0;2501.0;36;N;N;EF;755;3.0;A4;BOM;A2;S;0;0.0
obs6162;53;SP;SULDESTE;30;41.4;2021;0 Km;48;47791.17;0.93;7790.0;3280.0;16;N;N;EF;676;3.0;A2;RUIM;A2;S;0;0.0
obs7012;43;SC;SUL;30;51.93;2022;0 Km;37;25379.26;1.01;2624.0;1353.0;0;N;N;EF;723;3.0;A4;BOM;A2;N;-1;0.0
obs2716;63;RS;SUL;30;59.77;2022;0 Km;48;22305.05;0.88;3116.0;2132.0;18;N;N;EF;711;3.0;A1;BOM;A2;S;-1;0.0
obs1093;60;DF;CENTRO-OESTE;30;48.62;2021;0 Km;36;31695.29;0.95;7380.0;1804.0;14;N;S;EF;751;3.0;A2;BOM;A1;S;0;0.0
obs2729;72;BA;NORDESTE;30;49.17;2020;2 anos;48;18425.81;1.21;1886.0;1189.0;28;N;N;EF;660;;;;;;1;0.0
obs3506;55;SC;SUL;30;72.22;2021;0 Km;24;23661.45;0.45;9020.0;6191.0;11;N;N;EF;747;3.0;A4;BOM;A1;S;0;0.0
obs1904;59;BA;NORDESTE;30;24.64;2022;0 Km;37;32552.41;1.13;3690.0;1804.0;33;N;N;EF;672;1.0;A1;BOM;B2;N;-1;0.0
obs8064;28;PE;NORDESTE;30;29.02;2022;0 Km;60;32795.25;1.23;4920.0;1189.0;16;N;N;EF;733;1.0;A2;BOM;B3;;-1;0.0
obs2961;78;RJ;SULDESTE;30;52.54;2022;0 Km;24;20906.87;0.69;8200.0;4346.0;11;N;N;EF;760;3.0;A4;BOM;A1;N;-1;0.0
obs358;65;MG;SULDESTE;30;34.48;2021;2 anos;60;27957.93;1.05;3280.0;1558.0;20;N;N;EF;709;;;;;N;0;0.0
obs2798;33;RJ;SULDESTE;30;29.43;2021;0 Km;48;30438.59;1.25;4100.0;820.0;21;N;N;EF;669;3.0;A1;RUIM;B2;S;0;0.0
obs2544;47;MA;NORDESTE;30;44.32;2021;0 Km;37;42608.88;0.87;2993.0;1763.0;50;S;N;EF;746;3.0;A2;RUIM;A2;S;0;0.0
obs1790;39;CE;NORDESTE;30;15.36;2021;0 Km;60;44205.09;1.2;5225.32;1394.0;20;N;N;EF;746;3.0;A1;RUIM;C3;S;0;0.0
obs3535;44;DF;CENTRO-OESTE;30;45.73;2022;0 Km;48;40401.91;0.83;7380.0;5945.0;14;N;N;EF;746;3.0;A2;BOM;A2;N;-1;0.0
obs792;57;GO;CENTRO-OESTE;30;23.0;2021;0 Km;49;41672.58;1.16;4100.0;1886.0;31;N;N;EF;683;3.0;A2;RUIM;B3;S;0;1.0
obs2577;52;MS;CENTRO-OESTE;30;41.59;2018;>= 3 anos;48;22110.62;1.35;2624.0;1312.0;25;N;N;EF;662;;;;;N;3;0.0
obs4829;35;SP;SULDESTE;30;72.0;2021;0 Km;24;25459.85;0.0;24600.0;8323.0;4;N;N;EF;706;3.0;A2;BOM;A1;S;0;0.0
obs5626;61;SP;SULDESTE;30;0.0;2015;>= 3 anos;48;29887.58;1.8;4264.0;1271.0;22;N;N;EF;671;;;;;S;6;0.0
obs5133;56;ES;SULDESTE;30;25.29;2021;0 Km;37;65101.14;0.87;3936.0;4428.0;0;N;N;EF;683;3.0;A4;RUIM;B2;;0;0.0
obs4163;40;MA;NORDESTE;30;28.0;2021;0 Km;49;63311.78;0.93;6396.0;3403.0;28;N;N;EF;669;2.0;A2;BOM;B3;N;0;0.0
obs5508;44;SP;SULDESTE;30;10.15;2021;0 Km;48;72475.44;1.0;12300.0;8405.0;0;N;N;EF;723;3.0;A4;RUIM;C2;N;0;0.0
obs6497;55;SC;SUL;30;7.78;2022;0 Km;48;43156.49;1.1;9840.0;2624.0;12;N;N;EF;747;2.0;A4;BOM;C2;S;-1;0.0
obs543;46;MA;NORDESTE;30;54.07;2021;0 Km;48;36069.31;0.83;2870.0;492.0;32;N;N;EF;742;3.0;A1;BOM;A2;N;0;0.0
obs1933;32;GO;CENTRO-OESTE;30;32.28;2022;0 Km;49;30440.19;1.16;7380.0;1804.0;0;N;N;EF;754;2.0;A4;BOM;B3;N;-1;0.0
obs896;70;PE;NORDESTE;30;57.86;2021;0 Km;24;17516.61;0.51;2870.0;1804.0;28;N;N;EF;665;1.0;A1;RUIM;A1;;0;0.0
obs5377;35;SP;SULDESTE;30;26.91;2019;2 anos;48;30907.31;1.74;3690.0;1353.0;27;N;N;EF;657;;;;;;2;0.0
obs3894;45;SP;SULDESTE;30;69.59;2021;0 Km;36;22550.87;0.36;4920.0;3444.0;14;N;N;EF;755;3.0;A2;BOM;A1;S;0;0.0
obs1918;21;CE;NORDESTE;30;59.79;2022;0 Km;24;17408.42;0.87;2870.0;1886.0;29;N;N;EF;604;1.0;A1;BOM;A1;S;-1;0.0
obs6039;56;PR;SUL;30;11.64;2022;0 Km;60;57649.31;1.46;5330.0;1886.0;28;N;N;EF;696;1.0;A1;BOM;C3;S;-1;0.0
obs3116;58;MA;NORDESTE;30;34.77;2022;0 Km;60;51515.61;1.35;4510.0;2624.0;29;N;N;EF;683;2.0;A1;RUIM;B3;S;-1;0.0
obs7362;40;GO;CENTRO-OESTE;30;26.44;2022;0 Km;49;60868.32;0.93;4875.72;4264.0;36;N;N;EF;737;3.0;A4;BOM;B3;S;-1;0.0
obs8646;72;SP;SULDESTE;30;0.0;2022;0 Km;60;44833.72;1.23;4100.0;1312.0;27;N;N;EF;747;3.0;A4;BOM;C3;N;-1;0.0
obs4856;49;SP;SULDESTE;30;40.98;2022;0 Km;24;24035.74;0.41;8200.0;1927.0;13;N;N;EF;715;3.0;A2;BOM;A1;S;-1;0.0
obs6037;29;SP;SULDESTE;30;1.25;2014;>= 3 anos;48;29247.31;1.86;5740.0;820.0;16;N;N;EF;670;;;;;N;7;1.0
obs5073;38;GO;CENTRO-OESTE;30;13.26;2022;0 Km;48;55134.85;1.05;4920.0;1845.0;31;N;N;EF;669;3.0;A4;BOM;C2;S;-1;0.0
obs6025;54;BA;NORDESTE;30;57.37;2022;0 Km;24;25658.3;1.02;4100.0;1968.0;29;N;N;EF;747;3.0;A4;PESS;A1;N;-1;0.0
obs1636;47;SP;SULDESTE;30;15.11;2021;0 Km;48;35548.67;1.4;3263.6;1066.0;32;N;N;EF;676;3.0;A4;RUIM;C2;S;0;0.0
obs6797;57;MA;NORDESTE;30;0.0;2022;0 Km;60;47197.12;1.39;3639.16;779.0;33;N;N;EF;707;3.0;A2;BOM;C3;;-1;0.0
obs7960;50;PA;NORTE;30;42.9;2022;0 Km;60;32977.54;1.55;8159.82;4264.0;10;N;N;EF;637;3.0;A1;PESS;A3;N;-1;0.0
obs5789;39;SP;SULDESTE;30;32.32;2021;0 Km;60;41072.32;1.04;6560.0;3280.0;14;N;N;EF;678;3.0;A2;BOM;B3;S;0;0.0
obs6595;58;SP;SULDESTE;30;56.85;2022;0 Km;36;25989.85;1.13;4100.0;1271.0;22;N;N;EF;707;3.0;A4;BOM;A1;S;-1;0.0
obs7079;40;BA;NORDESTE;30;48.34;2022;0 Km;49;30470.64;1.05;3936.0;4223.0;22;N;N;EF;706;3.0;A2;RUIM;A3;S;-1;0.0
obs2789;60;PA;NORTE;30;25.71;2021;0 Km;49;71169.45;1.19;5084.0;1066.0;0;N;N;EF;692;1.0;A2;BOM;B3;;0;0.0
obs9121;53;PA;NORTE;30;65.68;2022;0 Km;24;29149.04;0.71;4920.0;984.0;28;N;N;EF;702;2.0;A1;BOM;A1;S;-1;0.0
obs9343;74;RJ;SULDESTE;30;0.0;2022;0 Km;60;43379.12;1.09;6560.0;1312.0;15;N;N;EF;760;1.0;A4;BOM;C3;S;-1;0.0
obs4432;51;CE;NORDESTE;30;26.51;2022;0 Km;49;55268.87;0.93;4100.0;1845.0;0;N;N;EF;723;3.0;A1;BOM;B3;N;-1;0.0
obs6346;41;MA;NORDESTE;30;29.44;2021;0 Km;49;71526.08;0.93;7380.0;1271.0;28;N;N;EF;697;1.0;A2;BOM;B3;S;0;0.0
obs9722;44;AM;NORTE;30;18.62;2022;0 Km;49;61729.03;1.49;5740.0;1886.0;0;N;N;EF;686;3.0;A1;RUIM;C3;;-1;0.0
obs3687;32;PE;NORDESTE;30;50.31;2015;>= 3 anos;48;15449.91;1.56;2460.0;1845.0;19;N;N;EF;636;;;;;N;6;0.0
obs2244;51;PA;NORTE;30;70.6;2022;0 Km;36;17076.69;0.93;16400.0;4264.0;3;N;N;EF;674;1.0;A2;RUIM;A1;;-1;0.0
obs6802;47;SE;NORDESTE;30;19.89;2022;0 Km;60;34402.41;1.76;3280.0;2542.0;29;N;N;EF;663;3.0;A2;RUIM;C3;N;-1;0.0
obs6203;28;AM;NORTE;60;42.86;2014;>= 3 anos;36;17821.2;1.33;2122.98;410.0;31;N;N;EF;651;;;;;N;7;0.0
obs5233;45;RS;SUL;30;45.14;2021;0 Km;48;28035.18;0.78;2050.0;902.0;36;N;N;EF;755;3.0;A4;BOM;A2;S;0;0.0
obs1011;59;PB;NORDESTE;30;11.12;2015;>= 3 anos;48;67342.89;1.42;6560.0;2706.0;31;N;N;EF;692;;;;;S;6;0.0
obs2616;46;MG;SULDESTE;30;32.48;2015;>= 3 anos;48;19331.71;1.34;2460.0;1353.0;23;N;N;EF;662;;;;;N;6;0.0
obs4403;49;PB;NORDESTE;30;57.55;2021;0 Km;49;38120.85;1.02;3362.0;1394.0;32;S;N;EF;700;3.0;A2;RUIM;A3;S;0;0.0
obs3258;38;RJ;SULDESTE;30;39.76;2018;>= 3 anos;36;34857.51;1.66;11480.0;3239.0;11;N;N;EF;665;;;;;S;3;0.0
obs6581;35;SC;SUL;30;6.54;2017;>= 3 anos;48;36690.79;1.34;10660.0;2542.0;10;N;N;EF;677;;;;;S;4;0.0
obs2139;51;SP;SULDESTE;30;30.44;2021;0 Km;60;29240.67;1.4;2870.0;6109.0;26;N;N;EF;674;3.0;A2;RUIM;B3;S;0;0.0
obs5222;52;RR;NORTE;30;0.0;2018;>= 3 anos;36;28596.59;1.98;5374.28;2747.0;20;N;N;EF;635;;;;;S;3;1.0
obs2664;42;MT;CENTRO-OESTE;30;29.0;2021;0 Km;49;53754.95;1.35;4346.0;1230.0;0;N;N;EF;658;3.0;A2;PESS;B3;S;0;0.0
obs3170;53;SE;NORDESTE;30;48.78;2020;2 anos;48;27354.99;0.95;7785.65;3362.0;9;N;N;EF;687;;;;;S;1;0.0
obs7560;31;GO;CENTRO-OESTE;30;0.0;2022;0 Km;60;41437.19;1.25;6560.0;779.0;15;N;N;EF;746;1.0;A2;BOM;C3;;-1;0.0
obs4275;56;MS;CENTRO-OESTE;30;63.17;2021;0 Km;24;31431.28;0.11;8200.0;2747.0;16;N;N;EF;720;3.0;A2;BOM;A1;S;0;0.0
obs6177;74;PR;SUL;30;28.94;2022;0 Km;60;41718.17;1.31;3280.0;1968.0;0;N;N;EF;724;1.0;A4;BOM;B3;S;-1;0.0
obs7463;57;AM;NORTE;30;7.85;2021;0 Km;60;34982.28;1.28;8200.0;5617.0;10;N;N;EF;707;2.0;A2;BOM;C3;N;0;0.0
obs5248;67;BA;NORDESTE;30;3.9;2022;0 Km;60;41682.41;0.99;3280.0;2665.0;29;N;N;EF;760;3.0;A2;BOM;C3;S;-1;0.0
obs1540;61;AP;NORTE;30;12.5;2021;0 Km;60;67665.75;1.28;5576.0;1804.0;30;N;N;EF;707;1.0;A2;BOM;C3;;0;0.0
obs5594;42;MT;CENTRO-OESTE;30;28.08;2022;0 Km;49;64715.93;0.93;6560.0;2706.0;28;N;N;EF;682;2.0;A2;RUIM;B3;S;-1;0.0
obs8511;41;SP;SULDESTE;30;69.5;2022;0 Km;36;28194.71;1.14;9840.0;15785.0;10;N;N;EF;706;3.0;A2;BOM;A1;S;-1;0.0
obs3994;50;PE;NORDESTE;30;29.4;2022;0 Km;37;60044.15;0.74;6560.0;4428.0;0;N;N;EF;732;3.0;A2;BOM;B2;S;-1;0.0
obs5345;44;SP;SULDESTE;30;24.13;2016;>= 3 anos;48;32567.31;1.61;9840.0;1886.0;9;N;N;EF;668;;;;;N;5;0.0
obs1885;45;SP;SULDESTE;30;36.94;2018;>= 3 anos;60;35372.71;1.4;8200.0;2050.0;11;N;N;EF;668;;;;;S;3;0.0
obs7875;82;DF;CENTRO-OESTE;30;34.03;2021;0 Km;49;50282.23;1.49;10660.0;5412.0;0;N;N;EF;683;1.0;A2;BOM;B3;;0;0.0
obs9444;85;SC;SUL;30;26.12;2022;0 Km;60;42344.46;1.12;8200.0;1312.0;11;N;N;EF;747;3.0;A1;BOM;B3;S;-1;0.0
obs3238;68;MA;NORDESTE;30;51.12;2021;0 Km;36;44554.4;1.21;20500.0;6027.0;7;N;N;EF;707;3.0;A2;RUIM;A1;S;0;0.0
obs7767;47;MG;SULDESTE;30;34.11;2015;>= 3 anos;48;51046.84;1.23;6560.0;656.0;22;N;N;EF;698;;;;;S;6;0.0
obs995;56;PR;SUL;30;66.04;2021;0 Km;36;15961.29;0.48;5740.0;3280.0;8;N;N;EF;760;3.0;A4;BOM;A1;S;0;0.0
obs4766;69;MA;NORDESTE;30;24.27;2022;0 Km;49;44756.09;1.27;3526.0;1804.0;40;N;N;EF;672;1.0;A1;RUIM;B3;;-1;0.0
obs2515;34;RS;SUL;30;29.5;2021;0 Km;60;35317.79;1.08;4592.0;3280.0;17;S;N;EF;737;3.0;A4;RUIM;B3;S;0;0.0
obs7329;63;GO;CENTRO-OESTE;30;23.84;2022;0 Km;60;45685.11;1.53;3690.0;1804.0;31;N;N;EF;679;1.0;A1;BOM;B3;S;-1;0.0
obs2507;28;PR;SUL;30;33.16;2022;0 Km;37;35495.42;1.08;4182.0;902.0;31;N;N;EF;737;3.0;A1;BOM;B2;S;-1;0.0
obs5355;55;RJ;SULDESTE;30;15.58;2013;>= 3 anos;48;24980.51;1.82;2668.28;1312.0;30;N;N;EF;661;;;;;;8;0.0
obs617;40;MG;SULDESTE;30;26.06;2014;>= 3 anos;48;31452.23;2.07;3444.0;3280.0;30;N;N;EF;654;;;;;N;7;0.0
obs2101;61;RS;SUL;30;78.37;2021;0 Km;18;21872.5;0.0;5740.0;4346.0;21;N;N;EF;760;3.0;A4;BOM;A1;S;0;0.0
obs4012;59;PA;NORTE;30;35.9;2022;0 Km;36;41424.43;0.93;4592.0;820.0;0;N;N;EF;764;3.0;A2;BOM;B1;N;-1;0.0
obs6198;64;SC;SUL;30;52.59;2022;0 Km;49;24486.59;1.16;4100.0;2665.0;18;N;N;EF;751;3.0;A4;BOM;A3;S;-1;0.0
obs6778;56;MT;CENTRO-OESTE;30;32.2;2022;0 Km;60;62098.94;1.4;5740.0;1271.0;0;N;N;EF;689;2.0;A4;BOM;B3;N;-1;0.0
obs4998;46;SC;SUL;30;38.62;2021;0 Km;60;44096.05;1.12;6560.0;2665.0;0;N;N;EF;772;1.0;A4;BOM;B3;S;0;0.0
obs6256;70;SP;SULDESTE;30;66.14;2021;0 Km;18;31813.67;0.0;24600.0;5986.0;0;N;N;EF;737;1.0;A4;BOM;A1;;0;0.0
obs434;56;PA;NORTE;30;0.0;2021;0 Km;60;63599.85;1.61;6396.0;1353.0;27;N;N;EF;747;1.0;A2;BOM;C3;;0;0.0
obs903;48;SP;SULDESTE;30;41.72;2021;0 Km;48;68989.78;0.86;9840.0;2173.0;18;S;N;EF;700;3.0;A4;BOM;A2;S;0;0.0
obs9420;54;SP;SULDESTE;60;53.58;2015;>= 3 anos;36;22623.75;1.09;5740.0;902.0;13;N;N;EF;666;;;;;S;6;0.0
obs5296;42;PR;SUL;30;44.83;2019;2 anos;48;41112.28;0.93;8200.0;8405.0;13;N;N;EF;677;;;;;N;2;0.0
obs7277;42;MG;SULDESTE;30;54.36;2019;2 anos;48;17803.27;1.06;2460.0;1353.0;19;N;N;EF;708;;;;;;2;0.0
obs2963;58;SC;SUL;30;30.01;2021;0 Km;60;43004.06;1.5;3198.0;1230.0;35;N;N;EF;672;1.0;A2;RUIM;B3;;0;1.0
obs5552;40;SC;SUL;30;73.0;2021;0 Km;24;25487.45;0.0;5740.0;1886.0;18;N;N;EF;746;3.0;A4;BOM;A1;N;0;0.0
obs4075;47;SP;SULDESTE;30;57.56;2021;0 Km;48;30991.97;0.99;8200.0;8446.0;10;S;N;EF;755;3.0;A2;BOM;A2;S;0;0.0
obs8010;69;PR;SUL;30;23.95;2016;>= 3 anos;60;38094.51;1.64;4920.0;1722.0;21;N;N;EF;694;;;;;S;5;0.0
obs8139;63;RJ;SULDESTE;30;58.61;2021;0 Km;37;31588.97;1.42;7380.0;2624.0;16;N;N;EF;751;3.0;A4;RUIM;A2;S;0;0.0
obs2396;38;SP;SULDESTE;30;58.89;2021;0 Km;12;31777.08;1.39;9840.0;2665.0;0;N;N;EF;750;3.0;A2;BOM;A1;N;0;0.0
obs6522;61;TO;NORTE;30;31.18;2022;0 Km;60;30299.85;1.14;3181.6;1148.0;23;N;S;EF;668;3.0;A1;BOM;B3;S;-1;0.0
obs6197;45;SP;SULDESTE;30;43.35;2015;>= 3 anos;36;15137.31;0.95;2870.0;8323.0;18;N;N;EF;668;;;;;;6;0.0
obs4413;64;DF;CENTRO-OESTE;30;23.9;2022;0 Km;48;33105.38;0.99;7093.0;8487.0;12;N;N;EF;705;1.0;A1;RUIM;B2;S;-1;0.0
obs8938;53;PR;SUL;30;79.84;2022;0 Km;12;8290.54;0.43;4387.0;1968.0;16;N;N;EF;755;3.0;A4;BOM;A1;S;-1;0.0
obs7124;35;SC;SUL;30;33.77;2022;0 Km;49;29306.28;1.16;3198.0;1845.0;27;N;N;EF;691;2.0;A2;BOM;B3;S;-1;0.0
obs6076;23;BA;NORDESTE;30;26.61;2022;0 Km;49;55620.47;1.27;4592.0;779.0;0;N;N;EF;674;1.0;A2;BOM;B3;;-1;0.0
obs1319;66;RS;SUL;30;38.38;2021;0 Km;48;32714.08;0.95;4510.0;1845.0;19;N;N;EF;747;3.0;A4;BOM;B2;S;0;0.0
obs8108;66;RS;SUL;30;41.69;2022;0 Km;49;43472.47;1.22;4756.0;5945.0;28;N;N;EF;751;3.0;A4;BOM;A3;S;-1;0.0
obs8116;77;PE;NORDESTE;30;55.48;2022;0 Km;24;36109.44;0.82;3936.0;3075.0;0;N;N;EF;777;3.0;A2;BOM;A1;N;-1;0.0
obs7563;42;PA;NORTE;30;68.97;2015;>= 3 anos;48;23626.22;1.18;4100.0;1886.0;0;N;S;EF;681;;;;;S;6;0.0
obs356;59;SE;NORDESTE;30;32.47;2017;>= 3 anos;48;35150.34;1.4;5740.0;5904.0;18;N;N;EF;660;;;;;S;4;0.0
obs2493;57;PI;NORDESTE;30;60.43;2021;0 Km;48;18257.76;0.95;3402.18;2583.0;14;N;N;EF;747;1.0;A2;BOM;A2;;0;0.0
obs1437;59;PB;NORDESTE;30;45.54;2021;0 Km;48;34426.25;0.86;6560.0;2706.0;13;N;N;EF;692;2.0;A2;RUIM;A2;S;0;0.0
obs3171;68;SP;SULDESTE;30;57.62;2018;>= 3 anos;48;18829.15;1.09;3690.0;8364.0;14;N;N;EF;671;;;;;S;3;0.0
obs6687;52;SP;SULDESTE;30;71.05;2022;0 Km;60;17698.95;1.0;4838.0;3239.0;8;N;N;EF;687;3.0;A2;RUIM;A3;N;-1;0.0
obs7959;36;PE;NORDESTE;30;29.97;2022;0 Km;37;31073.91;1.04;2118.88;1927.0;54;N;N;EF;746;3.0;A2;BOM;B2;S;-1;0.0
obs2791;56;MS;CENTRO-OESTE;30;68.46;2022;0 Km;24;28408.66;0.0;20500.0;4305.0;0;N;N;EF;777;2.0;A2;BOM;A1;N;-1;0.0
obs9195;48;RS;SUL;30;12.62;2022;0 Km;60;41880.31;1.29;4018.0;1353.0;26;N;N;EF;706;1.0;A4;BOM;C3;;-1;0.0
obs5132;59;MG;SULDESTE;30;15.0;2021;0 Km;48;32200.03;1.25;3690.0;820.0;24;N;N;EF;692;1.0;A4;BOM;C2;;0;0.0
obs8280;57;BA;NORDESTE;30;64.59;2022;0 Km;24;20759.78;0.49;3690.0;1271.0;26;N;S;EF;751;3.0;A2;BOM;A1;S;-1;0.0
obs2302;24;CE;NORDESTE;30;42.0;2019;2 anos;60;18674.17;1.6;2870.0;779.0;0;N;N;EF;660;;;;;;2;0.0
obs8634;44;ES;SULDESTE;30;34.8;2022;0 Km;49;38293.08;1.23;2870.0;1886.0;0;N;S;EF;754;3.0;A2;BOM;B3;S;-1;0.0
obs1226;38;SP;SULDESTE;30;35.48;2021;0 Km;37;55877.69;0.87;4510.0;2542.0;44;N;N;EF;737;3.0;A4;BOM;B2;S;0;0.0
obs4250;35;PR;SUL;30;33.01;2022;0 Km;49;42898.96;1.05;4100.0;1886.0;31;N;N;EF;678;3.0;A2;RUIM;B3;S;-1;0.0
obs7928;75;PA;NORTE;30;0.0;2022;0 Km;60;48467.29;1.23;11867.86;11849.0;9;N;N;EF;747;3.0;A2;BOM;C3;N;-1;0.0
obs3010;77;RR;NORTE;30;19.58;2021;0 Km;60;34931.16;1.39;3280.0;1353.0;26;N;N;EF;673;3.0;A1;RUIM;C3;N;0;0.0
obs7692;24;SC;SUL;30;56.86;2019;2 anos;48;19343.79;1.4;2870.0;820.0;20;N;N;EF;646;;;;;;2;0.0
obs3744;40;PA;NORTE;30;37.88;2020;2 anos;60;21633.39;1.24;2460.0;1845.0;21;N;N;EF;647;;;;;S;1;0.0
obs3160;62;ES;SULDESTE;30;66.41;2022;0 Km;24;26612.78;0.11;3690.0;2542.0;30;N;N;EF;760;2.0;A2;BOM;A1;N;-1;0.0
obs223;34;ES;SULDESTE;30;30.15;2021;0 Km;49;43180.29;1.16;3690.0;3239.0;36;N;N;EF;682;3.0;A2;BOM;B3;S;0;0.0
obs8056;57;RS;SUL;30;61.39;2015;>= 3 anos;36;32758.71;0.85;12300.0;15949.0;8;N;N;EF;679;;;;;S;6;0.0
obs1191;43;RS;SUL;30;64.14;2021;0 Km;36;33739.01;0.78;5330.0;861.0;21;N;N;EF;733;3.0;A4;BOM;A1;S;0;0.0
obs9807;47;SC;SUL;30;39.7;2022;0 Km;37;50624.83;0.93;4756.0;1353.0;36;N;N;EF;706;3.0;A2;BOM;B2;S;-1;0.0
obs5913;32;BA;NORDESTE;30;28.11;2022;0 Km;49;30478.94;1.16;2378.0;861.0;39;N;N;EF;737;2.0;A2;BOM;B3;S;-1;0.0
obs6709;51;PR;SUL;30;22.52;2022;0 Km;60;68350.5;1.44;14760.0;1927.0;12;N;N;EF;667;2.0;A1;BOM;B3;S;-1;0.0
obs7247;58;MT;CENTRO-OESTE;30;9.38;2013;>= 3 anos;48;27732.79;2.56;3362.0;1148.0;29;N;N;EF;643;;;;;S;8;0.0
obs244;44;BA;NORDESTE;30;31.71;2021;0 Km;49;34578.44;1.05;3280.0;5986.0;30;N;N;EF;706;3.0;A2;PESS;B3;S;0;1.0
obs155;56;SP;SULDESTE;30;60.93;2021;0 Km;24;25187.11;1.2;4428.0;4305.0;27;N;N;EF;747;3.0;A4;BOM;A1;S;0;0.0
obs2054;79;DF;CENTRO-OESTE;30;13.69;2021;0 Km;48;61171.83;1.37;6150.0;1066.0;28;N;N;EF;707;3.0;A2;BOM;C2;S;0;0.0
obs5033;45;PE;NORDESTE;30;63.26;2022;0 Km;24;27561.27;0.11;4920.0;2542.0;23;N;N;EF;755;3.0;A1;BOM;A1;S;-1;0.0
obs4982;35;RS;SUL;60;36.68;2017;>= 3 anos;36;31139.38;1.09;4264.0;1558.0;24;N;N;EF;674;;;;;S;4;0.0
obs8627;56;RJ;SULDESTE;30;55.89;2022;0 Km;36;18343.0;1.24;10660.0;10332.0;0;N;N;EF;724;2.0;A4;RUIM;A1;S;-1;0.0
obs4663;60;SP;SULDESTE;30;74.71;2021;0 Km;36;18385.1;0.86;7380.0;6068.0;0;N;N;EF;777;3.0;A4;BOM;A1;S;0;0.0
obs5511;29;RJ;SULDESTE;30;85.4;2021;0 Km;24;13147.82;0.5;1722.0;1558.0;35;N;N;EF;693;3.0;A1;RUIM;A1;N;0;0.0
obs7819;52;DF;CENTRO-OESTE;30;63.06;2015;>= 3 anos;36;12918.39;1.48;3116.0;820.0;15;N;N;EF;651;;;;;;6;0.0
obs1963;25;RS;SUL;30;36.28;2018;>= 3 anos;48;37483.14;0.88;6150.0;410.0;15;N;N;EF;705;;;;;S;3;0.0
obs1114;57;BA;NORDESTE;30;40.65;2021;0 Km;48;30725.58;1.2;8200.0;8282.0;10;N;N;EF;672;3.0;A2;PESS;A2;S;0;0.0
obs7802;33;MT;CENTRO-OESTE;30;28.93;2022;0 Km;49;52930.88;1.16;3690.0;1230.0;0;N;N;EF;754;2.0;A2;BOM;B3;N;-1;0.0
obs7791;35;PE;NORDESTE;30;21.69;2022;0 Km;49;65230.82;0.93;4920.0;492.0;38;N;N;EF;737;1.0;A1;BOM;B3;;-1;0.0
obs1372;46;SP;SULDESTE;30;50.74;2021;0 Km;37;42697.29;0.87;3526.0;4264.0;0;N;N;EF;763;3.0;A1;BOM;A2;N;0;0.0
obs2912;42;SP;SULDESTE;30;0.0;2021;0 Km;60;53163.05;0.99;5166.0;902.0;0;N;N;EF;746;3.0;A2;BOM;C3;N;0;0.0
obs4822;46;MA;NORDESTE;30;0.0;2022;0 Km;60;53496.53;1.12;4838.0;492.0;25;N;N;EF;742;3.0;A1;BOM;C3;S;-1;0.0
obs7438;49;GO;CENTRO-OESTE;30;30.8;2013;>= 3 anos;48;16520.59;1.17;2050.0;3198.0;22;N;N;EF;651;;;;;S;8;0.0
obs6143;57;SP;SULDESTE;30;8.01;2022;0 Km;60;38891.08;0.99;4756.0;6027.0;19;N;N;EF;760;3.0;A4;BOM;C3;N;-1;0.0
obs8191;38;AL;NORDESTE;30;71.03;2022;0 Km;60;23985.34;1.08;4920.0;3198.0;11;N;N;EF;737;3.0;A2;BOM;A3;S;-1;0.0
obs6685;24;MA;NORDESTE;30;30.14;2022;0 Km;49;37464.25;1.16;3690.0;1107.0;31;N;N;EF;661;1.0;A2;BOM;B3;;-1;0.0
obs5465;40;SP;SULDESTE;30;71.38;2021;0 Km;24;28178.27;0.0;5740.0;1353.0;21;N;N;EF;706;1.0;A2;PESS;A1;;0;0.0
obs1649;72;SC;SUL;30;28.15;2021;0 Km;60;32217.93;1.31;3263.6;1271.0;0;N;N;EF;713;1.0;A4;RUIM;B3;;0;0.0
obs4059;50;SP;SULDESTE;30;27.62;2021;0 Km;60;50214.77;1.23;6560.0;1845.0;18;S;N;EF;742;3.0;A4;BOM;B3;S;0;0.0
obs9251;41;PE;NORDESTE;30;24.45;2022;0 Km;49;33426.88;1.22;2952.0;1886.0;35;N;N;EF;658;3.0;A2;PESS;B3;S;-1;0.0
obs8497;55;MG;SULDESTE;30;89.22;2022;0 Km;18;5687.01;0.65;11070.0;8446.0;3;N;N;EF;705;3.0;A2;PESS;A1;N;-1;0.0
obs352;74;GO;CENTRO-OESTE;30;47.52;2021;0 Km;48;32832.17;0.8;6970.0;1312.0;11;N;N;EF;673;2.0;A4;PESS;A2;N;0;0.0
obs7062;36;SC;SUL;30;47.92;2014;>= 3 anos;48;10795.62;1.18;2050.0;1804.0;15;N;N;EF;658;;;;;S;7;0.0
obs4055;41;PR;SUL;30;63.09;2021;0 Km;24;30893.32;0.0;7298.0;1353.0;18;N;N;EF;667;3.0;A4;RUIM;A1;S;0;0.0
obs330;35;MG;SULDESTE;30;63.0;2021;0 Km;24;32217.34;0.0;12300.0;1230.0;11;N;N;EF;651;1.0;A1;RUIM;A1;;0;0.0
obs8636;80;MG;SULDESTE;30;38.29;2021;2 anos;36;24644.54;1.31;4100.0;3075.0;21;N;N;EF;665;;;;;;0;0.0
obs2758;41;RS;SUL;30;65.36;2022;0 Km;36;13995.8;1.06;5740.0;5904.0;8;N;N;EF;733;3.0;A2;BOM;A1;N;-1;0.0
obs8841;83;RN;NORDESTE;30;40.38;2022;0 Km;48;48998.22;1.07;12300.0;16072.0;10;N;N;EF;705;3.0;A1;RUIM;A2;S;-1;0.0
obs3723;44;SP;SULDESTE;30;6.34;2015;>= 3 anos;48;33071.8;1.81;3075.0;861.0;33;N;N;EF;681;;;;;S;6;0.0
obs1573;52;SP;SULDESTE;30;0.0;2021;0 Km;36;40362.67;1.55;12300.0;2788.0;0;N;N;EF;708;3.0;A4;RUIM;C1;S;0;0.0
obs3343;34;PR;SUL;30;61.73;2015;>= 3 anos;36;13474.11;0.71;5740.0;2173.0;7;N;N;EF;687;;;;;S;6;0.0
obs3311;33;BA;NORDESTE;30;24.77;2022;0 Km;49;67228.15;0.88;8200.0;1681.0;23;N;N;EF;737;3.0;A2;BOM;B3;S;-1;0.0
obs3203;26;RS;SUL;30;10.04;2021;0 Km;48;37981.14;1.21;3673.6;984.0;29;N;N;EF;689;1.0;A2;BOM;C2;;0;0.0
obs6764;46;SC;SUL;30;64.15;2022;0 Km;36;32326.65;1.02;3280.0;1394.0;0;S;N;EF;759;3.0;A4;BOM;A1;S;-1;0.0
obs8559;52;PE;NORDESTE;30;34.74;2022;0 Km;48;28985.55;1.05;3198.0;1066.0;25;N;N;EF;742;3.0;A1;BOM;B2;S;-1;0.0
obs8416;23;SC;SUL;30;32.99;2022;0 Km;49;38278.29;1.23;2624.0;2501.0;45;N;N;EF;674;1.0;A1;BOM;B3;S;-1;0.0
obs7902;66;ES;SULDESTE;30;11.49;2022;0 Km;48;39044.52;1.16;4100.0;3198.0;0;N;S;EF;764;3.0;A4;BOM;C2;S;-1;0.0
obs9271;54;PR;SUL;30;46.23;2019;2 anos;48;33073.84;1.54;6150.0;1927.0;16;S;N;EF;671;;;;;S;2;0.0
obs3441;56;SP;SULDESTE;30;2.07;2012;>= 3 anos;48;31662.61;1.88;3690.0;1558.0;27;N;N;EF;678;;;;;S;9;0.0
obs8459;45;PA;NORTE;30;18.6;2022;0 Km;60;38260.78;1.24;3657.2;615.0;24;N;N;EF;706;1.0;A2;BOM;C3;;-1;0.0
obs5056;31;PB;NORDESTE;30;20.24;2022;0 Km;60;33486.96;1.08;41000.0;984.0;1;N;N;EF;697;3.0;A1;BOM;B3;N;-1;0.0
obs5348;51;ES;SULDESTE;30;55.45;2022;0 Km;18;20967.12;0.65;4100.0;1845.0;0;N;N;EF;658;1.0;A1;RUIM;A1;;-1;0.0
obs4819;59;SP;SULDESTE;30;43.28;2022;0 Km;48;43809.2;0.83;6560.0;1312.0;17;N;S;EF;692;3.0;A4;PESS;A2;N;-1;0.0
obs3211;33;SE;NORDESTE;60;32.79;2018;>= 3 anos;60;20963.99;1.09;1303.8;861.0;38;N;N;EF;700;;;;;S;3;0.0
obs6248;58;PR;SUL;30;50.01;2022;0 Km;48;24208.61;0.72;2870.0;4346.0;21;N;N;EF;760;3.0;A4;BOM;A2;S;-1;0.0
obs6789;45;MA;NORDESTE;30;7.97;2020;2 anos;60;39498.87;1.6;3936.0;1927.0;27;N;N;EF;662;;;;;S;1;0.0
obs6475;38;SC;SUL;30;10.93;2022;0 Km;60;41429.26;1.33;3936.0;2583.0;26;N;N;EF;693;1.0;A2;BOM;C3;S;-1;0.0
obs1872;42;MT;CENTRO-OESTE;30;61.12;2021;0 Km;24;28635.83;0.0;6560.0;861.0;19;N;N;EF;706;3.0;A2;BOM;A1;N;0;0.0
obs9210;49;PA;NORTE;30;44.09;2022;0 Km;49;32540.13;1.22;4510.0;8282.0;22;N;N;EF;746;3.0;A2;BOM;A3;S;-1;0.0
obs3269;56;PR;SUL;30;26.91;2014;>= 3 anos;48;32812.28;1.94;36900.0;1353.0;0;N;N;EF;698;;;;;S;7;0.0
obs6228;33;SC;SUL;30;69.62;2019;2 anos;60;21003.79;1.02;7380.0;1804.0;6;N;N;EF;671;;;;;S;2;0.0
obs6104;23;PR;SUL;30;60.0;2022;0 Km;12;24317.95;0.0;820.0;1886.0;48;N;N;EF;617;1.0;A0;BOM;A1;N;-1;0.0
obs6669;47;SP;SULDESTE;30;85.0;2022;0 Km;36;9548.35;0.0;3198.0;3280.0;8;N;N;EF;715;1.0;A2;RUIM;A1;;-1;0.0
obs6819;59;SP;SULDESTE;30;68.14;2022;0 Km;36;13985.27;0.98;1640.0;1886.0;0;N;N;EF;777;3.0;A4;BOM;A1;N;-1;0.0
obs6195;59;RJ;SULDESTE;30;26.26;2022;0 Km;48;60040.54;1.16;16400.0;2952.0;10;N;N;EF;711;3.0;A4;RUIM;B2;S;-1;0.0
obs2275;60;SC;SUL;30;39.57;2022;0 Km;48;26190.46;1.21;2419.0;820.0;31;S;N;EF;679;1.0;A2;BOM;B2;;-1;0.0
obs8179;42;RS;SUL;30;28.1;2022;0 Km;49;65483.12;0.96;6469.8;1927.0;0;N;N;EF;754;3.0;A2;BOM;B3;;-1;0.0
obs7597;42;RS;SUL;30;31.87;2018;>= 3 anos;48;38318.88;1.45;6970.0;1886.0;16;N;N;EF;664;;;;;;3;0.0
obs7521;45;RJ;SULDESTE;30;59.43;2022;0 Km;36;37091.87;1.28;4920.0;3116.0;26;N;N;EF;702;1.0;A2;BOM;A1;;-1;0.0
obs5673;55;PR;SUL;30;25.25;2022;0 Km;60;62373.67;1.46;12300.0;1845.0;13;N;N;EF;668;3.0;A4;RUIM;B3;N;-1;1.0
obs2439;40;CE;NORDESTE;30;69.44;2021;0 Km;18;24283.92;0.0;9020.0;7954.0;0;N;N;EF;763;3.0;A2;BOM;A1;S;0;0.0
obs7238;30;PR;SUL;30;20.05;2022;0 Km;60;51590.31;1.13;4264.0;1066.0;29;N;N;EF;682;1.0;A2;BOM;B3;;-1;0.0
obs8307;47;RJ;SULDESTE;30;29.12;2022;0 Km;49;52778.04;1.11;9020.0;8323.0;17;N;N;EF;678;1.0;A2;RUIM;B3;;-1;0.0
obs2904;69;MA;NORDESTE;30;62.61;2022;0 Km;24;28690.4;0.0;8200.0;2993.0;15;N;N;EF;760;3.0;A2;BOM;A1;S;-1;0.0
obs8887;36;SC;SUL;30;30.0;2013;>= 3 anos;48;20779.69;2.04;1821.22;1845.0;39;N;S;EF;647;;;;;S;8;0.0
obs507;53;MT;CENTRO-OESTE;30;63.0;2021;0 Km;24;34122.88;0.11;8200.0;1558.0;18;N;N;EF;687;1.0;A2;RUIM;A1;;0;0.0
obs5821;28;GO;CENTRO-OESTE;30;33.15;2022;0 Km;37;55145.97;0.87;9840.0;1845.0;20;N;N;EF;737;3.0;A1;BOM;B2;N;-1;0.0
obs7704;43;SC;SUL;30;71.46;2022;0 Km;36;21475.23;1.09;2624.0;1271.0;29;N;N;EF;665;1.0;A1;PESS;A1;;-1;0.0
obs3963;53;RJ;SULDESTE;30;41.99;2021;0 Km;37;80928.74;1.07;6560.0;2542.0;43;N;N;EF;668;3.0;A1;PESS;A2;S;0;0.0
obs7946;62;SP;SULDESTE;30;39.54;2021;0 Km;48;43276.8;0.83;4920.0;1845.0;0;N;S;EF;777;3.0;A4;BOM;B2;S;0;0.0
obs4938;49;PR;SUL;30;51.93;2022;0 Km;36;26758.8;0.69;4920.0;1763.0;17;N;N;EF;746;3.0;A2;BOM;A1;S;-1;0.0
obs8560;49;BA;NORDESTE;30;14.57;2022;0 Km;60;47478.56;1.3;3444.0;1312.0;33;N;N;EF;715;2.0;A2;BOM;C3;S;-1;0.0
obs3719;54;GO;CENTRO-OESTE;30;31.11;2022;0 Km;36;37603.09;0.93;5740.0;4346.0;0;N;N;EF;759;3.0;A2;BOM;B1;S;-1;0.0
obs5620;56;SP;SULDESTE;30;0.0;2022;0 Km;60;43032.78;1.3;4018.0;984.0;25;N;N;EF;720;1.0;A2;BOM;C3;;-1;0.0
obs9334;60;SP;SULDESTE;30;71.54;2022;0 Km;24;22051.88;1.24;4920.0;7339.0;22;N;N;EF;747;3.0;A4;BOM;A1;S;-1;0.0
obs8668;63;SP;SULDESTE;30;7.3;2022;0 Km;60;40020.55;1.18;8200.0;3321.0;11;N;N;EF;747;3.0;A4;BOM;C3;S;-1;0.0
obs335;46;SP;SULDESTE;30;46.58;2016;>= 3 anos;48;17217.45;1.21;2050.0;1353.0;24;N;N;EF;635;;;;;S;5;0.0
obs4776;67;SP;SULDESTE;30;82.28;2021;0 Km;24;9699.98;0.69;4592.0;6027.0;10;N;N;EF;692;2.0;A4;RUIM;A1;S;0;0.0
obs1273;66;SP;SULDESTE;30;57.99;2013;>= 3 anos;48;13062.31;1.24;4100.0;2993.0;9;N;S;EF;684;;;;;N;8;0.0
obs2237;34;MG;SULDESTE;30;72.62;2021;0 Km;24;22328.84;0.0;8528.0;3239.0;0;N;N;EF;763;3.0;A2;BOM;A1;S;0;0.0
obs5302;68;AL;NORDESTE;30;59.53;2022;0 Km;37;23035.11;1.14;3280.0;3280.0;26;N;N;EF;683;3.0;A2;BOM;A2;N;-1;0.0
obs3090;44;MT;CENTRO-OESTE;30;23.86;2022;0 Km;36;32712.79;0.93;8200.0;2050.0;13;N;N;EF;733;3.0;A4;BOM;B1;N;-1;0.0
obs5353;32;GO;CENTRO-OESTE;30;0.0;2022;0 Km;60;44077.09;0.99;5330.0;1722.0;0;N;N;EF;763;3.0;A1;BOM;C3;N;-1;0.0
obs3004;48;RJ;SULDESTE;30;14.0;2021;0 Km;60;36344.87;1.47;6560.0;6068.0;0;N;N;EF;719;1.0;A2;RUIM;C3;;0;0.0
obs9572;64;PR;SUL;30;40.28;2021;0 Km;48;98727.67;1.37;16400.0;4469.0;0;N;N;EF;707;2.0;A4;RUIM;A2;S;0;0.0
obs7529;58;SP;SULDESTE;30;41.67;2022;0 Km;36;23538.57;0.93;9020.0;1886.0;0;N;N;EF;777;3.0;A4;BOM;A1;S;-1;0.0
obs3301;50;ES;SULDESTE;30;28.15;2022;0 Km;37;57618.26;0.81;4100.0;1517.0;0;N;N;EF;695;3.0;A2;BOM;B2;N;-1;0.0
